<?xml version="1.0" encoding="iso-8859-1"?>
<root version="3.3" release="8|CoreRPG:3">
	<character>
		<abilities>
			<charisma>
				<bonus type="number">1</bonus>
				<save type="number">1</save>
				<savemodifier type="number">0</savemodifier>
				<saveprof type="number">0</saveprof>
				<score type="number">12</score>
			</charisma>
			<constitution>
				<bonus type="number">2</bonus>
				<save type="number">4</save>
				<savemodifier type="number">0</savemodifier>
				<saveprof type="number">1</saveprof>
				<score type="number">14</score>
			</constitution>
			<dexterity>
				<bonus type="number">3</bonus>
				<save type="number">3</save>
				<savemodifier type="number">0</savemodifier>
				<saveprof type="number">0</saveprof>
				<score type="number">17</score>
			</dexterity>
			<intelligence>
				<bonus type="number">-1</bonus>
				<save type="number">-1</save>
				<savemodifier type="number">0</savemodifier>
				<saveprof type="number">0</saveprof>
				<score type="number">8</score>
			</intelligence>
			<strength>
				<bonus type="number">0</bonus>
				<save type="number">2</save>
				<savemodifier type="number">0</savemodifier>
				<saveprof type="number">1</saveprof>
				<score type="number">10</score>
			</strength>
			<wisdom>
				<bonus type="number">2</bonus>
				<save type="number">2</save>
				<savemodifier type="number">0</savemodifier>
				<saveprof type="number">0</saveprof>
				<score type="number">14</score>
			</wisdom>
		</abilities>
		<adventurelist>
		</adventurelist>
		<alignment type="string">Ne</alignment>
		<background type="string">Noble</background>
		<backgroundlink type="windowreference">
			<class>reference_background</class>
			<recordname>reference.backgrounddata.noble@DD PHB Deluxe</recordname>
		</backgroundlink>
		<bonds type="string">The common folk must see me as a hero of the people.</bonds>
		<classes>
			<id-00001>
				<casterlevelinvmult type="number">0</casterlevelinvmult>
				<casterpactmagic type="number">0</casterpactmagic>
				<hddie type="dice">d10</hddie>
				<hdused type="number">0</hdused>
				<level type="number">4</level>
				<name type="string">Fighter</name>
				<shortcut type="windowreference">
					<class>reference_class</class>
					<recordname>reference.classdata.UAfighter@Unearthed Arcana</recordname>
				</shortcut>
			</id-00001>
		</classes>
		<coins>
			<slot1>
				<amount type="number">0</amount>
				<name type="string">pp</name>
			</slot1>
			<slot2>
				<amount type="number">4</amount>
				<name type="string">GP</name>
			</slot2>
			<slot3>
				<amount type="number">0</amount>
				<name type="string">ep</name>
			</slot3>
			<slot4>
				<amount type="number">14</amount>
				<name type="string">SP</name>
			</slot4>
			<slot5>
				<amount type="number">12</amount>
				<name type="string">CP</name>
			</slot5>
			<slot6>
				<amount type="number">0</amount>
			</slot6>
		</coins>
		<defenses>
			<ac>
				<armor type="number">4</armor>
				<dexbonus type="string">max2</dexbonus>
				<disstealth type="number">0</disstealth>
				<misc type="number">0</misc>
				<prof type="number">1</prof>
				<shield type="number">2</shield>
				<temporary type="number">0</temporary>
				<total type="number">18</total>
			</ac>
		</defenses>
		<encumbrance>
			<encumbered type="number">50</encumbered>
			<encumberedheavy type="number">100</encumberedheavy>
			<liftpushdrag type="number">300</liftpushdrag>
			<load type="number">115</load>
			<max type="number">150</max>
		</encumbrance>
		<exp type="number">470</exp>
		<expneeded type="number">500</expneeded>
		<featlist>
			<id-00001>
				<locked type="number">1</locked>
				<name type="string">Elven Accuracy</name>
				<prerequisite type="string">Elf or half-elf</prerequisite>
				<text type="formattedtext">
					<p><i>Prerequisite: Elf or half-elf</i></p>
					<p>You have uncanny aim. You gain the following benefits:</p>
					<list>
						<li>Increase your Dexterity score by 1, to a maximum of 20.</li>
						<li>Whenever you have advantage on an attack roll, you can reroll one of the dice once.</li>
					</list>
				</text>
			</id-00001>
		</featlist>
		<featurelist>
			<id-00001>
				<level type="number">1</level>
				<locked type="number">1</locked>
				<name type="string">Second Wind</name>
				<source type="string">Fighter</source>
				<text type="formattedtext">
					<p>You have a limited well of stamina that you can draw on to protect yourself from harm. On your turn, you can use a bonus action to regain hit points equal to 1d10 + your fighter level.</p>
					<p>Once you use this feature, you must finish a short or long rest before you can use it again.</p>
				</text>
			</id-00001>
			<id-00002>
				<level type="number">1</level>
				<locked type="number">1</locked>
				<name type="string">Fighting Style [Dueling]</name>
				<source type="string">Fighter</source>
				<text type="formattedtext">
					<p>You adopt a particular style of fighting as your specialty. Choose one of the following options. You can't take a Fighting Style option more than once, even if you later get to choose again.</p>
					<p><b>Archery</b></p>
					<p>You gain a +2 bonus to attack rolls you make with ranged weapons.</p>
					<p><b>Defense</b></p>
					<p>While you are wearing armor, you gain a +1 bonus to AC.</p>
					<p><b>Dueling</b></p>
					<p>When you are wielding a melee weapon in one hand and no other weapons, you gain a +2 bonus to damage rolls with that weapon.</p>
					<p><b>Great Weapon Fighting</b></p>
					<p>When you roll a 1 or 2 on a damage die for an attack you make with a melee weapon that you are wielding with two hands, you can reroll the die and must use the new roll, even if the new roll is a 1 or a 2. The weapon must have the two-handed or versatile property for you to gain this benefit.</p>
					<p><b>Protection</b></p>
					<p>When a creature you can see attacks a target other than you that is within 5 feet of you, you can use your reaction to impose disadvantage on the attack roll. You must be wielding a shield.</p>
					<p><b>Two-Weapon Fighting</b></p>
					<p>When you engage in two-weapon fighting, you can add your ability modifier to the damage of the second attack.</p>
				</text>
			</id-00002>
			<id-00003>
				<level type="number">2</level>
				<locked type="number">1</locked>
				<name type="string">Action Surge</name>
				<source type="string">Fighter</source>
				<text type="formattedtext">
					<p>Starting at 2nd level, you can push yourself beyond your normal limits for a moment. On your turn, you can take one additional action on top of your regular action and a possible bonus action.</p>
					<p>Once you use this feature, you must finish a short or long rest before you can use it again. Starting at 17th level, you can use it twice before a rest, but only once on the same turn.</p>
				</text>
			</id-00003>
			<id-00004>
				<level type="number">3</level>
				<locked type="number">1</locked>
				<name type="string">Samurai</name>
				<source type="string">Fighter</source>
				<text type="formattedtext">
					<p>The Samurai is a fighter who draws on an implacable fighting spirit to overcome enemies. A Samurai's willpower is nearly unbreakable, and the enemies in a Samurai's path have two choices: yield or die fighting.</p>
					<h>Features</h>
					<linklist>
						<link class="reference_classfeature" recordname="reference.classdata.UAfighter.features.samuraifightingspirit@Unearthed Arcana">Fighting Spirit</link>
						<link class="reference_classfeature" recordname="reference.classdata.UAfighter.features.samuraielegantcourtier@Unearthed Arcana">Elegant Courtier</link>
						<link class="reference_classfeature" recordname="reference.classdata.UAfighter.features.samuraiunbreakablewill@Unearthed Arcana">Unbreakable Will</link>
						<link class="reference_classfeature" recordname="reference.classdata.UAfighter.features.samurairapidstrike@Unearthed Arcana">Rapid Strike</link>
						<link class="reference_classfeature" recordname="reference.classdata.UAfighter.features.samuraistrengthbeforedeath@Unearthed Arcana">Strength Before Death</link>
					</linklist>
				</text>
			</id-00004>
			<id-00005>
				<level type="number">3</level>
				<locked type="number">1</locked>
				<name type="string">Fighting Spirit</name>
				<source type="string">Fighter</source>
				<specialization type="string">Samurai</specialization>
				<specializationchoice type="number">0</specializationchoice>
				<text type="formattedtext">
					<p>Starting at 3rd level, the might of your willpower can shield you and help you strike true. As a bonus action on your turn, you can give yourself two benefits: advantage on all attack rolls and resistance to bludgeoning, piercing, and slashing damage. These benefits last until the end of your next turn.</p>
					<p>You can use this feature three times. You regain all expended uses of it when you finish a short or long rest.</p>
				</text>
			</id-00005>
			<id-00006>
				<locked type="number">1</locked>
				<name type="string">Position of Privilege</name>
				<source type="string">Noble</source>
				<text type="formattedtext">
					<p>Thanks to your noble birth, people are inclined to think the best of you. You are welcome in high society, and people assume you have the right to be wherever you are. The common folk make every effort to accommodate you and avoid your displeasure, and other people of high birth treat you as a member of the same social sphere. You can secure an audience with a local noble if you need to.</p>
				</text>
			</id-00006>
			<id-00007>
				<level type="number">4</level>
				<locked type="number">1</locked>
				<name type="string">Ability Score Improvement</name>
				<source type="string">Fighter</source>
				<text type="formattedtext">
					<p>When you reach 4th level, and again at 6th, 8th, 12th, 14th, 16th, and 19th level, you can increase one ability score of your choice by 2, or you can increase two ability scores of your choice by 1. As normal, you can't increase an ability score above 20 using this feature.</p>
				</text>
			</id-00007>
		</featurelist>
		<flaws type="string">In fact, the world does revolve around me.</flaws>
		<hp>
			<deathsavefail type="number">0</deathsavefail>
			<deathsavesuccess type="number">0</deathsavesuccess>
			<temporary type="number">0</temporary>
			<total type="number">36</total>
			<wounds type="number">0</wounds>
		</hp>
		<ideals type="string">Respect. Respect is due to me because of my position, but all people regardless of station deserve to be treated with dignity. (Good)</ideals>
		<initiative>
			<misc type="number">0</misc>
			<temporary type="number">0</temporary>
			<total type="number">3</total>
		</initiative>
		<inventorylist>
			<id-00001>
				<ac type="number">14</ac>
				<carried type="number">2</carried>
				<cost type="string">400 gp</cost>
				<count type="number">1</count>
				<description type="formattedtext">
					<p>Medium armor offers more protection than light armor, but it also impairs movement more. If you wear medium armor, you add your Dexterity modifier, to a maximum of +2, to the base number from your armor type to determine your Armor Class.</p>
					<p>This armor consists of a fitted metal chest piece worn with supple leather. Although it leaves the legs and arms relatively unprotected, this armor provides good protection for the wearer's vital organs while leaving the wearer relatively unencumbered.</p>
				</description>
				<dexbonus type="string">Yes (max 2)</dexbonus>
				<isidentified type="number">1</isidentified>
				<locked type="number">1</locked>
				<name type="string">1. Breastplate</name>
				<stealth type="string">-</stealth>
				<strength type="string">-</strength>
				<subtype type="string">Medium Armor</subtype>
				<type type="string">Armor</type>
				<weight type="number">20</weight>
			</id-00001>
			<id-00002>
				<carried type="number">2</carried>
				<cost type="string">50 gp</cost>
				<count type="number">1</count>
				<damage type="string">1d8 piercing</damage>
				<isidentified type="number">1</isidentified>
				<location type="string">1. Breastplate</location>
				<locked type="number">1</locked>
				<name type="string">Longbow</name>
				<properties type="string">Ammunition (range 150/600), heavy, two-handed</properties>
				<subtype type="string">Martial Ranged Weapons</subtype>
				<type type="string">Weapon</type>
				<weight type="number">2</weight>
			</id-00002>
			<id-00003>
				<carried type="number">2</carried>
				<cost type="string">25 gp</cost>
				<count type="number">1</count>
				<damage type="string">1d8 piercing</damage>
				<isidentified type="number">1</isidentified>
				<location type="string">1. Breastplate</location>
				<locked type="number">1</locked>
				<name type="string">Rapier</name>
				<properties type="string">Finesse</properties>
				<subtype type="string">Martial Weapons</subtype>
				<type type="string">Weapon</type>
				<weight type="number">2</weight>
			</id-00003>
			<id-00004>
				<ac type="number">2</ac>
				<carried type="number">2</carried>
				<cost type="string">10 gp</cost>
				<count type="number">1</count>
				<description type="formattedtext">
					<p>A shield is made from wood or metal and is carried in one hand. Wielding a shield increases your Armor Class by 2. You can benefit from only one shield at a time.</p>
				</description>
				<dexbonus type="string">-</dexbonus>
				<isidentified type="number">1</isidentified>
				<location type="string">1. Breastplate</location>
				<locked type="number">1</locked>
				<name type="string">Shield</name>
				<stealth type="string">-</stealth>
				<strength type="string">-</strength>
				<subtype type="string">Shield</subtype>
				<type type="string">Armor</type>
				<weight type="number">6</weight>
			</id-00004>
			<id-00005>
				<carried type="number">1</carried>
				<cost type="string">1 gp</cost>
				<count type="number">1</count>
				<isidentified type="number">1</isidentified>
				<location type="string">2. Quiver</location>
				<locked type="number">1</locked>
				<name type="string">Arrows (20)</name>
				<subtype type="string">Ammunition</subtype>
				<type type="string">Adventuring Gear</type>
				<weight type="number">1</weight>
			</id-00005>
			<id-00006>
				<carried type="number">1</carried>
				<cost type="string">2 gp</cost>
				<count type="number">1</count>
				<isidentified type="number">1</isidentified>
				<locked type="number">1</locked>
				<name type="string">5. Backpack</name>
				<subtype type="string">Standard</subtype>
				<type type="string">Adventuring Gear</type>
				<weight type="number">5</weight>
			</id-00006>
			<id-00007>
				<carried type="number">1</carried>
				<cost type="string">5 sp</cost>
				<count type="number">1</count>
				<description type="formattedtext">
					<p>A cloth or leather pouch can hold up to 20 sling bullets or 50 blowgun needles, among other things. A compartmentalized pouch for holding spell components is called a component pouch (described earlier in this section).</p>
				</description>
				<isidentified type="number">1</isidentified>
				<locked type="number">1</locked>
				<name type="string">3. Pouch</name>
				<subtype type="string">Standard</subtype>
				<type type="string">Adventuring Gear</type>
				<weight type="number">1</weight>
			</id-00007>
			<id-00008>
				<carried type="number">1</carried>
				<cost type="string">5 sp</cost>
				<count type="number">1</count>
				<description type="formattedtext">
					<p>A cloth or leather pouch can hold up to 20 sling bullets or 50 blowgun needles, among other things. A compartmentalized pouch for holding spell components is called a component pouch (described earlier in this section).</p>
				</description>
				<isidentified type="number">1</isidentified>
				<locked type="number">1</locked>
				<name type="string">4. Pouch</name>
				<subtype type="string">Standard</subtype>
				<type type="string">Adventuring Gear</type>
				<weight type="number">1</weight>
			</id-00008>
			<id-00009>
				<carried type="number">1</carried>
				<cost type="string">1 gp</cost>
				<count type="number">1</count>
				<description type="formattedtext">
					<p>A quiver can hold up to 20 arrows.</p>
				</description>
				<isidentified type="number">1</isidentified>
				<locked type="number">1</locked>
				<name type="string">2. Quiver</name>
				<subtype type="string">Standard</subtype>
				<type type="string">Adventuring Gear</type>
				<weight type="number">1</weight>
			</id-00009>
			<id-00010>
				<ac type="number">0</ac>
				<bonus type="number">0</bonus>
				<carried type="number">1</carried>
				<cost type="string">10 gp</cost>
				<count type="number">1</count>
				<description type="formattedtext">
					<p>These special tools include the items needed to pursue a craft or trade. The table shows examples of the most common types of tools, each providing items related to a single craft. Proficiency with a set of artisan's tools lets you add your proficiency bonus to any ability checks you make using the tools in your craft. Each type of artisan's tools requires a separate proficiency.</p>
				</description>
				<isidentified type="number">1</isidentified>
				<istemplate type="number">0</istemplate>
				<locked type="number">1</locked>
				<name type="string">Calligrapher's Supplies</name>
				<subtype type="string">Artisan's Tools</subtype>
				<type type="string">Tools</type>
				<weight type="number">5</weight>
			</id-00010>
			<id-00011>
				<carried type="number">1</carried>
				<cost type="string">25 gp</cost>
				<count type="number">1</count>
				<description type="formattedtext">
					<p>These special tools include the items needed to pursue a craft or trade. The table shows examples of the most common types of tools, each providing items related to a single craft. Proficiency with a set of artisan's tools lets you add your proficiency bonus to any ability checks you make using the tools in your craft. Each type of artisan's tools requires a separate proficiency.</p>
				</description>
				<isidentified type="number">1</isidentified>
				<location type="string">4. Pouch</location>
				<locked type="number">1</locked>
				<name type="string">Jeweler's Tools</name>
				<subtype type="string">Artisan's Tools</subtype>
				<type type="string">Tools</type>
				<weight type="number">2</weight>
			</id-00011>
			<id-00012>
				<carried type="number">1</carried>
				<cost type="string">1 sp</cost>
				<count type="number">1</count>
				<description type="formattedtext">
					<p>This item encompasses a wide range of game pieces, including dice and decks of cards (for games such as Three-Dragon Ante). A few common examples appear on the Tools table, but other kinds of gaming sets exist. If you are proficient with a gaming set, you can add your proficiency bonus to ability checks you make to play a game with that set. Each type of gaming set requires a separate proficiency.</p>
				</description>
				<isidentified type="number">1</isidentified>
				<location type="string">4. Pouch</location>
				<locked type="number">1</locked>
				<name type="string">Dice Set</name>
				<subtype type="string">Gaming Set</subtype>
				<type type="string">Tools</type>
				<weight type="number">0</weight>
			</id-00012>
			<id-00013>
				<carried type="number">1</carried>
				<cost type="string">1 gp</cost>
				<count type="number">1</count>
				<isidentified type="number">1</isidentified>
				<location type="string">5. Backpack</location>
				<locked type="number">1</locked>
				<name type="string">Bedroll</name>
				<subtype type="string">Standard</subtype>
				<type type="string">Adventuring Gear</type>
				<weight type="number">7</weight>
			</id-00013>
			<id-00014>
				<carried type="number">1</carried>
				<cost type="string">5 gp</cost>
				<count type="number">2</count>
				<description type="formattedtext">
					<p>A chain has 10 hit points. It can be burst with a successful DC 20 Strength check.</p>
				</description>
				<isidentified type="number">1</isidentified>
				<location type="string">5. Backpack</location>
				<locked type="number">1</locked>
				<name type="string">Chain (10 Feet)</name>
				<subtype type="string">Standard</subtype>
				<type type="string">Adventuring Gear</type>
				<weight type="number">10</weight>
			</id-00014>
			<id-00015>
				<carried type="number">2</carried>
				<cost type="string">15 gp</cost>
				<count type="number">1</count>
				<isidentified type="number">1</isidentified>
				<location type="string">1. Breastplate</location>
				<locked type="number">1</locked>
				<name type="string">Clothes, Fine</name>
				<subtype type="string">Standard</subtype>
				<type type="string">Adventuring Gear</type>
				<weight type="number">6</weight>
			</id-00015>
			<id-00016>
				<carried type="number">2</carried>
				<cost type="string">2 gp</cost>
				<count type="number">2</count>
				<damage type="string">1d4 piercing</damage>
				<isidentified type="number">1</isidentified>
				<location type="string">1. Breastplate</location>
				<locked type="number">1</locked>
				<name type="string">Dagger</name>
				<properties type="string">Finesse, light, thrown (range 20/60)</properties>
				<subtype type="string">Simple Melee Weapons</subtype>
				<type type="string">Weapon</type>
				<weight type="number">1</weight>
			</id-00016>
			<id-00017>
				<carried type="number">1</carried>
				<cost type="string">2 gp</cost>
				<count type="number">5</count>
				<description type="formattedtext">
					<p>These metal restraints can bind a Small or Medium creature. Escaping the manacles requires a successful DC 20 Dexterity check. Breaking them requires a successful DC 20 Strength check. Each set of manacles comes with one key. Without the key, a creature proficient with thieves' tools can pick the manacles' lock with a successful DC 15 Dexterity check. Manacles have 15 hit points.</p>
				</description>
				<isidentified type="number">1</isidentified>
				<location type="string">5. Backpack</location>
				<locked type="number">1</locked>
				<name type="string">Manacles</name>
				<subtype type="string">Standard</subtype>
				<type type="string">Adventuring Gear</type>
				<weight type="number">6</weight>
			</id-00017>
			<id-00018>
				<ac type="number">0</ac>
				<bonus type="number">0</bonus>
				<carried type="number">1</carried>
				<cost type="string">1 gp</cost>
				<count type="number">2</count>
				<description type="formattedtext">
					<p>As an action, you can spill these tiny metal balls from their pouch to cover a level, square area that is 10 feet on a side. A creature moving across the covered area must succeed on a DC 10 Dexterity saving throw or fall prone. A creature moving through the area at half speed doesn't need to make this save.&#34;</p>
				</description>
				<isidentified type="number">1</isidentified>
				<locked type="number">1</locked>
				<name type="string">Ball Bearings (1,000)</name>
				<subtype type="string">Standard</subtype>
				<type type="string">Adventuring Gear</type>
				<weight type="number">2</weight>
			</id-00018>
		</inventorylist>
		<languagelist>
			<id-00003>
				<name type="string">Common</name>
			</id-00003>
			<id-00004>
				<name type="string">Elvish</name>
			</id-00004>
		</languagelist>
		<level type="number">4</level>
		<name type="string">Barda</name>
		<perception type="number">14</perception>
		<perceptionmodifier type="number">0</perceptionmodifier>
		<personalitytraits type="string">My eloquent flattery makes everyone I talk to feel like the most wonderful and important person in the world.\nDespite my noble birth, I do not place myself above other folk. We all have the same blood.</personalitytraits>
		<powergroup>
			<id-00007>
				<name type="string">Resourse</name>
			</id-00007>
			<id-00008>
				<name type="string">x_Passive</name>
			</id-00008>
		</powergroup>
		<powermeta>
			<pactmagicslots1>
				<max type="number">0</max>
				<used type="number">0</used>
			</pactmagicslots1>
			<pactmagicslots2>
				<max type="number">0</max>
				<used type="number">0</used>
			</pactmagicslots2>
			<pactmagicslots3>
				<max type="number">0</max>
				<used type="number">0</used>
			</pactmagicslots3>
			<pactmagicslots4>
				<max type="number">0</max>
				<used type="number">0</used>
			</pactmagicslots4>
			<pactmagicslots5>
				<max type="number">0</max>
				<used type="number">0</used>
			</pactmagicslots5>
			<pactmagicslots6>
				<max type="number">0</max>
				<used type="number">0</used>
			</pactmagicslots6>
			<pactmagicslots7>
				<max type="number">0</max>
				<used type="number">0</used>
			</pactmagicslots7>
			<pactmagicslots8>
				<max type="number">0</max>
				<used type="number">0</used>
			</pactmagicslots8>
			<pactmagicslots9>
				<max type="number">0</max>
				<used type="number">0</used>
			</pactmagicslots9>
			<spellslots1>
				<max type="number">0</max>
				<used type="number">0</used>
			</spellslots1>
			<spellslots2>
				<max type="number">0</max>
				<used type="number">0</used>
			</spellslots2>
			<spellslots3>
				<max type="number">0</max>
				<used type="number">0</used>
			</spellslots3>
			<spellslots4>
				<max type="number">0</max>
				<used type="number">0</used>
			</spellslots4>
			<spellslots5>
				<max type="number">0</max>
				<used type="number">0</used>
			</spellslots5>
			<spellslots6>
				<max type="number">0</max>
				<used type="number">0</used>
			</spellslots6>
			<spellslots7>
				<max type="number">0</max>
				<used type="number">0</used>
			</spellslots7>
			<spellslots8>
				<max type="number">0</max>
				<used type="number">0</used>
			</spellslots8>
			<spellslots9>
				<max type="number">0</max>
				<used type="number">0</used>
			</spellslots9>
		</powermeta>
		<powermode type="string">standard</powermode>
		<powers>
			<id-00001>
				<actions>
					<id-00001>
						<durmod type="number">0</durmod>
						<label type="string">Fey Ancestry; Advanatge on saving throws vs. charmed, no magic sleep</label>
						<order type="number">1</order>
						<targeting type="string">self</targeting>
						<type type="string">effect</type>
					</id-00001>
				</actions>
				<cast type="number">0</cast>
				<description type="formattedtext">
					<p>You have advantage on saving throws against being charmed, and magic can't put you to sleep.</p>
				</description>
				<group type="string">x_Passive</group>
				<level type="number">0</level>
				<locked type="number">1</locked>
				<name type="string">Elf: Fey Ancestry</name>
				<prepared type="number">0</prepared>
				<ritual type="number">0</ritual>
				<school type="string">Racial</school>
				<source type="string">Elf</source>
				<type type="string">racial</type>
			</id-00001>
			<id-00002>
				<actions>
					<id-00001>
						<durmod type="number">0</durmod>
						<label type="string">Mask of the Wild; Hide when lightly obscurred</label>
						<order type="number">1</order>
						<targeting type="string">self</targeting>
						<type type="string">effect</type>
					</id-00001>
				</actions>
				<cast type="number">0</cast>
				<description type="formattedtext">
					<p>You can attempt to hide even when you are only lightly obscured by foliage, heavy rain, falling snow, mist, and other natural phenomena.</p>
				</description>
				<group type="string">x_Passive</group>
				<level type="number">0</level>
				<locked type="number">1</locked>
				<name type="string">Elf: Mask of the Wild</name>
				<prepared type="number">0</prepared>
				<ritual type="number">0</ritual>
				<school type="string">Racial</school>
				<source type="string">Wood Elf</source>
				<type type="string">subracial</type>
			</id-00002>
			<id-00003>
				<actions>
				</actions>
				<cast type="number">0</cast>
				<description type="formattedtext">
					<p>Starting at 2nd level, you can push yourself beyond your normal limits for a moment. On your turn, you can take one additional action on top of your regular action and a possible bonus action.</p>
					<p>Once you use this feature, you must finish a short or long rest before you can use it again. Starting at 17th level, you can use it twice before a rest, but only once on the same turn.</p>
				</description>
				<group type="string">Resourse</group>
				<level type="number">0</level>
				<locked type="number">1</locked>
				<name type="string">Action Surge</name>
				<prepared type="number">1</prepared>
				<ritual type="number">0</ritual>
				<school type="string">Class</school>
				<source type="string">Fighter</source>
				<usesperiod type="string">enc</usesperiod>
			</id-00003>
			<id-00005>
				<actions>
					<id-00001>
						<heallist>
							<id-00001>
								<bonus type="number">0</bonus>
								<dice type="dice">d10</dice>
								<stat type="string">fighter</stat>
							</id-00001>
						</heallist>
						<healtargeting type="string">self</healtargeting>
						<order type="number">1</order>
						<type type="string">heal</type>
					</id-00001>
				</actions>
				<cast type="number">0</cast>
				<castingtime type="string">Bonus action</castingtime>
				<description type="formattedtext">
					<p>You have a limited well of stamina that you can draw on to protect yourself from harm. On your turn, you can use a bonus action to regain hit points equal to 1d10 + your fighter level.</p>
					<p>Once you use this feature, you must finish a short or long rest before you can use it again.</p>
				</description>
				<group type="string">Resourse</group>
				<level type="number">0</level>
				<locked type="number">1</locked>
				<name type="string">Second Wind (B)</name>
				<prepared type="number">1</prepared>
				<ritual type="number">0</ritual>
				<school type="string">Class</school>
				<source type="string">Fighter</source>
				<usesperiod type="string">enc</usesperiod>
			</id-00005>
			<id-00006>
				<actions>
					<id-00001>
						<durmod type="number">2</durmod>
						<label type="string">Fighting Spirit; ADVATK:; RESIST: bludgeoning, piercing, slashing</label>
						<order type="number">1</order>
						<targeting type="string">self</targeting>
						<type type="string">effect</type>
					</id-00001>
				</actions>
				<cast type="number">0</cast>
				<description type="formattedtext">
					<p>Starting at 3rd level, the might of your willpower can shield you and help you strike true. As a bonus action on your turn, you can give yourself two benefits: advantage on all attack rolls and resistance to bludgeoning, piercing, and slashing damage. These benefits last until the end of your next turn.</p>
					<p>You can use this feature three times. You regain all expended uses of it when you finish a short or long rest.</p>
				</description>
				<group type="string">Resourse</group>
				<level type="number">0</level>
				<locked type="number">1</locked>
				<name type="string">Fighting Spirit</name>
				<prepared type="number">3</prepared>
				<ritual type="number">0</ritual>
				<source type="string">Fighter</source>
				<specialization type="string">Samurai</specialization>
				<specializationchoice type="number">0</specializationchoice>
				<usesperiod type="string">enc</usesperiod>
			</id-00006>
			<id-00008>
				<actions>
				</actions>
				<cast type="number">0</cast>
			</id-00008>
		</powers>
		<profbonus type="number">2</profbonus>
		<proficiencylist>
			<id-00001>
				<name type="string">Weapon: Simple weapons, martial weapons</name>
			</id-00001>
			<id-00002>
				<name type="string">Armor: All armor, shields</name>
			</id-00002>
			<id-00003>
				<name type="string">Tool: Jewler's, Dice Set</name>
			</id-00003>
		</proficiencylist>
		<race type="string">Wood Elf</race>
		<racelink type="windowreference">
			<class>reference_race</class>
			<recordname>reference.racedata.elf@DD PHB Deluxe</recordname>
		</racelink>
		<senses type="string">Darkvision 60</senses>
		<size type="string">Medium</size>
		<skilllist>
			<id-00001>
				<misc type="number">0</misc>
				<name type="string">Perception</name>
				<prof type="number">1</prof>
				<stat type="string">wisdom</stat>
				<total type="number">4</total>
			</id-00001>
			<id-00002>
				<misc type="number">0</misc>
				<name type="string">Arcana</name>
				<prof type="number">0</prof>
				<stat type="string">intelligence</stat>
				<total type="number">-1</total>
			</id-00002>
			<id-00003>
				<misc type="number">0</misc>
				<name type="string">Persuasion</name>
				<prof type="number">1</prof>
				<stat type="string">charisma</stat>
				<total type="number">3</total>
			</id-00003>
			<id-00004>
				<misc type="number">0</misc>
				<name type="string">Nature</name>
				<prof type="number">0</prof>
				<stat type="string">intelligence</stat>
				<total type="number">-1</total>
			</id-00004>
			<id-00005>
				<misc type="number">0</misc>
				<name type="string">Medicine</name>
				<prof type="number">0</prof>
				<stat type="string">wisdom</stat>
				<total type="number">2</total>
			</id-00005>
			<id-00006>
				<misc type="number">0</misc>
				<name type="string">Survival</name>
				<prof type="number">0</prof>
				<stat type="string">wisdom</stat>
				<total type="number">2</total>
			</id-00006>
			<id-00007>
				<misc type="number">0</misc>
				<name type="string">Performance</name>
				<prof type="number">0</prof>
				<stat type="string">charisma</stat>
				<total type="number">1</total>
			</id-00007>
			<id-00008>
				<misc type="number">0</misc>
				<name type="string">Acrobatics</name>
				<prof type="number">1</prof>
				<stat type="string">dexterity</stat>
				<total type="number">5</total>
			</id-00008>
			<id-00009>
				<misc type="number">0</misc>
				<name type="string">Religion</name>
				<prof type="number">0</prof>
				<stat type="string">intelligence</stat>
				<total type="number">-1</total>
			</id-00009>
			<id-00010>
				<misc type="number">0</misc>
				<name type="string">Athletics</name>
				<prof type="number">0</prof>
				<stat type="string">strength</stat>
				<total type="number">0</total>
			</id-00010>
			<id-00011>
				<misc type="number">0</misc>
				<name type="string">Sleight of Hand</name>
				<prof type="number">0</prof>
				<stat type="string">dexterity</stat>
				<total type="number">3</total>
			</id-00011>
			<id-00012>
				<misc type="number">0</misc>
				<name type="string">Insight</name>
				<prof type="number">1</prof>
				<stat type="string">wisdom</stat>
				<total type="number">4</total>
			</id-00012>
			<id-00013>
				<misc type="number">0</misc>
				<name type="string">Intimidation</name>
				<prof type="number">0</prof>
				<stat type="string">charisma</stat>
				<total type="number">1</total>
			</id-00013>
			<id-00014>
				<misc type="number">0</misc>
				<name type="string">Deception</name>
				<prof type="number">0</prof>
				<stat type="string">charisma</stat>
				<total type="number">1</total>
			</id-00014>
			<id-00015>
				<misc type="number">0</misc>
				<name type="string">Investigation</name>
				<prof type="number">0</prof>
				<stat type="string">intelligence</stat>
				<total type="number">-1</total>
			</id-00015>
			<id-00016>
				<misc type="number">0</misc>
				<name type="string">Stealth</name>
				<prof type="number">1</prof>
				<stat type="string">dexterity</stat>
				<total type="number">5</total>
			</id-00016>
			<id-00017>
				<misc type="number">0</misc>
				<name type="string">History</name>
				<prof type="number">0</prof>
				<stat type="string">intelligence</stat>
				<total type="number">-1</total>
			</id-00017>
			<id-00018>
				<misc type="number">0</misc>
				<name type="string">Animal Handling</name>
				<prof type="number">0</prof>
				<stat type="string">wisdom</stat>
				<total type="number">2</total>
			</id-00018>
			<id-00019>
				<misc type="number">0</misc>
				<name type="string">Jeweler's Tools</name>
				<prof type="number">1</prof>
				<stat type="string">dexterity</stat>
				<total type="number">5</total>
			</id-00019>
			<id-00020>
				<misc type="number">0</misc>
				<name type="string">Dice Set</name>
				<prof type="number">1</prof>
				<stat type="string">dexterity</stat>
				<total type="number">5</total>
			</id-00020>
		</skilllist>
		<speed>
			<armor type="number">0</armor>
			<base type="number">35</base>
			<misc type="number">0</misc>
			<temporary type="number">0</temporary>
			<total type="number">35</total>
		</speed>
		<temp>
		</temp>
		<token type="token">portrait_id-00017_token</token>
		<traitlist>
			<id-00007>
				<locked type="number">1</locked>
				<name type="string">Trance</name>
				<source type="string">Elf</source>
				<text type="formattedtext">
					<p>Elves don't need to sleep. Instead, they meditate deeply, remaining semiconscious, for 4 hours a day. (The Common word for such meditation is &#34;trance.&#34;) While meditating, you can dream after a fashion; such dreams are actually mental exercises that have become reflexive through years of practice. After resting in this way, you gain the same benefit that a human does from 8 hours of sleep.</p>
				</text>
				<type type="string">racial</type>
			</id-00007>
			<id-00009>
				<locked type="number">1</locked>
				<name type="string">Fey Ancestry</name>
				<source type="string">Elf</source>
				<text type="formattedtext">
					<p>You have advantage on saving throws against being charmed, and magic can't put you to sleep.</p>
				</text>
				<type type="string">racial</type>
			</id-00009>
			<id-00010>
				<locked type="number">1</locked>
				<name type="string">Mask of the Wild</name>
				<source type="string">Wood Elf</source>
				<text type="formattedtext">
					<p>You can attempt to hide even when you are only lightly obscured by foliage, heavy rain, falling snow, mist, and other natural phenomena.</p>
				</text>
				<type type="string">subracial</type>
			</id-00010>
		</traitlist>
		<weaponlist>
			<id-00001>
				<ammo type="number">2</ammo>
				<attackbonus type="number">0</attackbonus>
				<carried type="number">2</carried>
				<damagelist>
					<id-00001>
						<bonus type="number">0</bonus>
						<dice type="dice">d8</dice>
						<stat type="string">base</stat>
						<type type="string">piercing</type>
					</id-00001>
				</damagelist>
				<isidentified type="number">1</isidentified>
				<maxammo type="number">20</maxammo>
				<name type="string">Longbow</name>
				<prof type="number">1</prof>
				<shortcut type="windowreference">
					<class>item</class>
					<recordname>....inventorylist.id-00002</recordname>
				</shortcut>
				<type type="number">1</type>
			</id-00001>
			<id-00002>
				<attackbonus type="number">0</attackbonus>
				<attackstat type="string">dexterity</attackstat>
				<carried type="number">2</carried>
				<damagelist>
					<id-00001>
						<bonus type="number">2</bonus>
						<dice type="dice">d8</dice>
						<stat type="string">dexterity</stat>
						<type type="string">piercing</type>
					</id-00001>
				</damagelist>
				<isidentified type="number">1</isidentified>
				<maxammo type="number">0</maxammo>
				<name type="string">Rapier</name>
				<prof type="number">1</prof>
				<shortcut type="windowreference">
					<class>item</class>
					<recordname>....inventorylist.id-00003</recordname>
				</shortcut>
				<type type="number">0</type>
			</id-00002>
			<id-00003>
				<attackbonus type="number">0</attackbonus>
				<attackstat type="string">dexterity</attackstat>
				<carried type="number">2</carried>
				<damagelist>
					<id-00001>
						<bonus type="number">0</bonus>
						<dice type="dice">d4</dice>
						<stat type="string">dexterity</stat>
						<type type="string">piercing</type>
					</id-00001>
				</damagelist>
				<isidentified type="number">1</isidentified>
				<maxammo type="number">0</maxammo>
				<name type="string">Dagger</name>
				<prof type="number">1</prof>
				<shortcut type="windowreference">
					<class>item</class>
					<recordname>....inventorylist.id-00016</recordname>
				</shortcut>
				<type type="number">0</type>
			</id-00003>
			<id-00004>
				<attackbonus type="number">0</attackbonus>
				<attackstat type="string">dexterity</attackstat>
				<carried type="number">2</carried>
				<damagelist>
					<id-00001>
						<bonus type="number">0</bonus>
						<dice type="dice">d4</dice>
						<stat type="string">dexterity</stat>
						<type type="string">piercing</type>
					</id-00001>
				</damagelist>
				<isidentified type="number">1</isidentified>
				<maxammo type="number">2</maxammo>
				<name type="string">Dagger</name>
				<prof type="number">1</prof>
				<shortcut type="windowreference">
					<class>item</class>
					<recordname>....inventorylist.id-00016</recordname>
				</shortcut>
				<type type="number">2</type>
			</id-00004>
		</weaponlist>
	</character>
</root>
