<?xml version="1.0" encoding="iso-8859-1"?>
<root version="3.3" release="8|CoreRPG:3">
	<character>
		<abilities>
			<charisma>
				<bonus type="number">3</bonus>
				<save type="number">5</save>
				<savemodifier type="number">0</savemodifier>
				<saveprof type="number">1</saveprof>
				<score type="number">16</score>
			</charisma>
			<constitution>
				<bonus type="number">1</bonus>
				<save type="number">1</save>
				<savemodifier type="number">0</savemodifier>
				<saveprof type="number">0</saveprof>
				<score type="number">12</score>
			</constitution>
			<dexterity>
				<bonus type="number">1</bonus>
				<save type="number">1</save>
				<savemodifier type="number">0</savemodifier>
				<saveprof type="number">0</saveprof>
				<score type="number">12</score>
			</dexterity>
			<intelligence>
				<bonus type="number">1</bonus>
				<save type="number">1</save>
				<savemodifier type="number">0</savemodifier>
				<saveprof type="number">0</saveprof>
				<score type="number">12</score>
			</intelligence>
			<strength>
				<bonus type="number">-1</bonus>
				<save type="number">-1</save>
				<savemodifier type="number">0</savemodifier>
				<saveprof type="number">0</saveprof>
				<score type="number">8</score>
			</strength>
			<wisdom>
				<bonus type="number">2</bonus>
				<save type="number">4</save>
				<savemodifier type="number">0</savemodifier>
				<saveprof type="number">1</saveprof>
				<score type="number">14</score>
			</wisdom>
		</abilities>
		<adventurelist>
		</adventurelist>
		<age type="string">?</age>
		<alignment type="string">Lawful Neutral</alignment>
		<background type="string">Undertaker</background>
		<backgroundlink type="windowreference">
			<class></class>
			<recordname></recordname>
		</backgroundlink>
		<bonds type="string">Follow Queens orders.</bonds>
		<classes>
			<id-00001>
				<casterlevelinvmult type="number">1</casterlevelinvmult>
				<casterpactmagic type="number">1</casterpactmagic>
				<hddie type="dice">d8</hddie>
				<hdused type="number">1</hdused>
				<level type="number">3</level>
				<name type="string">Warlock</name>
				<shortcut type="windowreference">
					<class>reference_class</class>
					<recordname>reference.classdata.UAwarlock@Unearthed Arcana</recordname>
				</shortcut>
			</id-00001>
		</classes>
		<coins>
			<slot1>
				<amount type="number">27</amount>
				<name type="string">GP</name>
			</slot1>
			<slot2>
				<amount type="number">0</amount>
				<name type="string">PP</name>
			</slot2>
			<slot3>
				<amount type="number">16</amount>
				<name type="string">CP</name>
			</slot3>
			<slot4>
				<amount type="number">0</amount>
				<name type="string">EP</name>
			</slot4>
			<slot5>
				<amount type="number">34</amount>
				<name type="string">SP</name>
			</slot5>
			<slot6>
				<amount type="number">0</amount>
			</slot6>
		</coins>
		<defenses>
			<ac>
				<armor type="number">3</armor>
				<misc type="number">0</misc>
				<prof type="number">1</prof>
				<shield type="number">0</shield>
				<temporary type="number">0</temporary>
				<total type="number">14</total>
			</ac>
		</defenses>
		<deity type="string">Raven Queen</deity>
		<encumbrance>
			<encumbered type="number">40</encumbered>
			<encumberedheavy type="number">80</encumberedheavy>
			<liftpushdrag type="number">240</liftpushdrag>
			<load type="number">15</load>
			<max type="number">120</max>
		</encumbrance>
		<exp type="number">390</exp>
		<expneeded type="number">400</expneeded>
		<featlist>
		</featlist>
		<featurelist>
			<id-00001>
				<level type="number">1</level>
				<locked type="number">1</locked>
				<name type="string">The Raven Queen</name>
				<source type="string">Warlock</source>
				<text type="formattedtext">
					<p>You patron is the Raven Queen, a mysterious being who rules the Shadowfell from a palace of ice deep within that dread realm. The Raven Queen watches over the world, anticipating each creature's death and ensuring that it meets its end at the proscribed time and place. As the ruler of the Shadowfell, she dwells in a decayed, dark reflection of the world. Her ability to reach into the world is limited. Thus, she turns to mortal warlocks to serve her will. Warlocks sworn to the Raven Queen receive visions and whispers from her in their dreams, sending them on quests and warning them of impending dangers.</p>
					<p>The Raven Queen's followers are expected to serve her will in the world. She concerns herself with ensuring that those fated to die pass from the world as expected, and bids her agents to defeat those who seek to cheat death through undeath or other imitations of immortality. She hates intelligent undead and expects her followers to strike them down, whereas mindless undead such as skeletons and zombies are little more than stumbling automatons in her eyes.</p>
					<h>Features</h>
					<linklist>
						<link class="reference_classfeature" recordname="reference.classdata.UAwarlock.features.ravenqueenspelllist@Unearthed Arcana">Expanded Spell List</link>
						<link class="reference_classfeature" recordname="reference.classdata.UAwarlock.features.ravenqueensentinelraven@Unearthed Arcana">Sentinel Raven</link>
						<link class="reference_classfeature" recordname="reference.classdata.UAwarlock.features.ravenqueensouloftheraven@Unearthed Arcana">Soul of the Raven</link>
						<link class="reference_classfeature" recordname="reference.classdata.UAwarlock.features.ravenqueenravensshield@Unearthed Arcana">Raven's Shield</link>
						<link class="reference_classfeature" recordname="reference.classdata.UAwarlock.features.ravenqueenqueensrighthand@Unearthed Arcana">Queen's Right Hand</link>
					</linklist>
				</text>
			</id-00001>
			<id-00002>
				<level type="number">1</level>
				<locked type="number">1</locked>
				<name type="string">Pact Magic</name>
				<source type="string">Warlock</source>
				<text type="formattedtext">
					<p>Your arcane research and the magic bestowed on you by your patron have given you facility with spells. See chapter 10 for the general rules of spellcasting and chapter 11 for the warlock spell list.</p>
					<linklist>
						<link class="reference_colindex" recordname="reference.spelllists.warlock@DD PHB Deluxe">Warlock Spells</link>
					</linklist>
					<p><b>Cantrips</b></p>
					<p>You know two cantrips of your choice from the warlock spell list. You learn additional warlock cantrips of your choice at higher levels, as shown in the Cantrips Known column of the Warlock table.</p>
					<p><b>Spell Slots</b></p>
					<p>The Warlock table shows how many spell slots you have. The table also shows what the level of those slots is; all of your spell slots are the same level. To cast one of your warlock spells of 1st level or higher, you must expend a spell slot. You regain all expended spell slots when you finish a short or long rest.</p>
					<p>For example, when you are 5th level, you have two 3rd-level spell slots. To cast the 1st-level spell <i>witch bolt </i>, you must spend one of those slots, and you cast it as a 3rd-level spell.</p>
					<p><b>Spells Known of 1st Level and Higher</b></p>
					<p>At 1st level, you know two 1st-level spells of your choice from the warlock spell list.</p>
					<p>The Spells Known column of the Warlock table shows when you learn more warlock spells of your choice of 1st level and higher. A spell you choose must be of a level no higher than what's shown in the table's Slot Level column for your level. When you reach 6th level, for example, you learn a new warlock spell, which can be 1st, 2nd, or 3rd level.</p>
					<p>Additionally, when you gain a level in this class, you can choose one of the warlock spells you know and replace it with another spell from the warlock spell list, which also must be of a level for which you have spell slots.</p>
					<p><b>Spellcasting Ability</b></p>
					<p>Charisma is your spellcasting ability for your warlock spells, so you use your Charisma whenever a spell refers to your spellcasting ability. In addition, you use your Charisma modifier when setting the saving throw DC for a warlock spell you cast and when making an attack roll with one.</p>
					<p><b>Spell save DC </b>= 8 + your proficiency bonus + your Charisma modifier</p>
					<p><b>Spell attack modifier </b>= your proficiency bonus + your Charisma modifier</p>
					<p><b>Spellcasting Focus</b></p>
					<p>You can use an arcane focus (found in chapter 5) as a spellcasting focus for your warlock spells.</p>
				</text>
			</id-00002>
			<id-00003>
				<level type="number">1</level>
				<locked type="number">1</locked>
				<name type="string">Expanded Spell List (Raven Queen)</name>
				<source type="string">Warlock</source>
				<specialization type="string">The Raven Queen</specialization>
				<text type="formattedtext">
					<p>The Raven Queen lets you choose from an expanded list of spells when you learn a warlock spell. The following spells are added to the warlock spell list for you.</p>
					<p><b>Raven Queen Expanded Spells</b></p>
					<table>
						<tr>
							<td><b>Spell Level</b></td>
							<td colspan="3"><b>Spells</b></td>
						</tr>
						<tr>
							<td>1st</td>
							<td colspan="3"><i>false life, sanctuary</i></td>
						</tr>
						<tr>
							<td>2nd</td>
							<td colspan="3"><i>silence, spiritual weapon</i></td>
						</tr>
						<tr>
							<td>3rd</td>
							<td colspan="3"><i>feign death, speak with dead</i></td>
						</tr>
						<tr>
							<td>4th</td>
							<td colspan="3"><i>ice storm, locate creature</i></td>
						</tr>
						<tr>
							<td>5th</td>
							<td colspan="3"><i>commune, cone of cold</i></td>
						</tr>
					</table>
				</text>
			</id-00003>
			<id-00004>
				<level type="number">1</level>
				<locked type="number">1</locked>
				<name type="string">Sentinel Raven</name>
				<source type="string">Warlock</source>
				<specialization type="string">The Raven Queen</specialization>
				<text type="formattedtext">
					<linklist>
						<link class="npc" recordname="npc.id-00077@ProNobis - Random Encounter">Raven</link>
					</linklist>
					<p>Starting at 1st level, you gain the service of a spirit sent by the Raven Queen to watch over you. The spirit assumes the form and game statistics of a raven, and it always obeys your commands, which you can give telepathically while it is within 100 feet of you.</p>
					<p>While the raven is perched on your shoulder, you gain darkvision with a range of 30 feet and a bonus to your passive Wisdom (Perception) score and to Wisdom (Perception) checks. The bonus equals your Charisma modifier. While perched on your shoulder, the raven can't be targeted by any attack or other harmful effect; only you can cast spells on it; it can't take damage; and it is incapacitated.</p>
					<p>You can see through the raven's eyes and hear what it hears while it is within 100 feet of you.</p>
					<p>In combat, you roll initiative for the raven and control how it acts. If it is slain by a creature, you gain advantage on all attack rolls against the killer for the next 24 hours.</p>
					<p>The raven doesn't require sleep. While it is within 100 feet of you, it can awaken you from sleep as a bonus action.</p>
					<p>The raven vanishes when it dies, if you die, or if the two of you are separated by more than 5 miles.</p>
					<p>At the end of a short or long rest, you can call the raven back to you--no matter where it is or whether it died--and it reappears within 5 feet of you.</p>
				</text>
			</id-00004>
			<id-00005>
				<level type="number">2</level>
				<locked type="number">1</locked>
				<name type="string">Eldritch Invocations</name>
				<source type="string">Warlock</source>
				<text type="formattedtext">
					<p>In your study of occult lore, you have unearthed eldritch invocations, fragments of forbidden knowledge that imbue you with an abiding magical ability.</p>
					<p>At 2nd level, you gain two eldritch invocations of your choice. Your invocation options are detailed at the end of the class description. When you gain certain warlock levels, you gain additional invocations of your choice, as shown in the Invocations Known column of the Warlock table.</p>
					<p>Additionally, when you gain a level in this class, you can choose one of the invocations you know and replace it with another invocation that you could learn at that level.</p>
					<p>A level prerequisite in an invocation refers to warlock level, not character level.</p>
					<h>Eldritch Invocations</h>
					<p>If an eldritch invocation has prerequisites, you must meet them to learn it. You can learn the invocation at the same time that you meet its prerequisites.</p>
					<table>
						<tr>
							<td><b>Name</b></td>
							<td><b>Prerequisite</b></td>
							<td colspan="5"><b>Description</b></td>
						</tr>
						<tr>
							<td><b>Agonizing Blast</b></td>
							<td>eldritch blast cantrip</td>
							<td colspan="5">When you cast eldritch blast, add your Charisma modifier to the damage it deals on a hit.</td>
						</tr>
					</table>
					<linklist>
						<link class="reference_spell" recordname="reference.spelldata.eldritchblast@DD PHB Deluxe"><b>Spell: </b></link>Eldritch Blast</linklist>
					<table>
						<tr>
							<td><b>Armor of Shadows</b></td>
							<td>-</td>
							<td colspan="5">You can cast <i>mage armor </i>on yourself at will, without expending a spell slot or material components.</td>
						</tr>
					</table>
					<linklist>
						<link class="reference_spell" recordname="reference.spelldata.magearmor@DD PHB Deluxe"><b>Spell: </b></link>Mage Armor</linklist>
					<table>
						<tr>
							<td><b>Ascendant Step</b></td>
							<td>9th level</td>
							<td colspan="5">You can cast <i>levitate </i>on yourself at will, without expending a spell slot or material components.</td>
						</tr>
					</table>
					<linklist>
						<link class="reference_spell" recordname="reference.spelldata.levitate@DD PHB Deluxe"><b>Spell: </b></link>Levitate</linklist>
					<table>
						<tr>
							<td><b>Beast Speech</b></td>
							<td>-</td>
							<td colspan="5">You can cast <i>speak with animals </i>at will, without expending a spell slot.</td>
						</tr>
					</table>
					<linklist>
						<link class="reference_spell" recordname="reference.spelldata.speakwithanimals@DD PHB Deluxe"><b>Spell: </b></link>Speak with Animals</linklist>
					<table>
						<tr>
							<td><b>Beguiling Influence</b></td>
							<td>-</td>
							<td colspan="5">You gain proficiency in the Deception and Persuasion skills.</td>
						</tr>
						<tr>
							<td><b>Bewitching Whispers</b></td>
							<td>7th level</td>
							<td colspan="5">You can cast <i>compulsion </i>once using a warlock spell slot.You can't do so again until you finish a long rest.</td>
						</tr>
					</table>
					<linklist>
						<link class="reference_spell" recordname="reference.spelldata.compulsion@DD PHB Deluxe"><b>Spell: </b></link>Compulsion</linklist>
					<table>
						<tr>
							<td><b>Book of Ancient Secrets</b></td>
							<td>Pact of the Tome feature</td>
							<td colspan="5">You can now inscribe magical rituals in your Book of Shadows. Choose two 1st-level spells that have the ritual tag from any class's spell list. The rituals needn't be from the same spell list. The spells appear in the book and don't count against the number of spells you know. With your Book of Shadows in hand, you can cast the chosen spells as rituals. You can't cast the spells except as rituals, unless you've learned them by some other means. You can also cast a warlock spell you know as a ritual if it has the ritual tag. On your adventures, you can add other ritual spells to your Book of Shadows. When you find such a spell, you can add it to the book if the spell's level is equal to or less than half your warlock level (rounded up) and if you can spare the time to transcribe the spell. For each level of the spell, the transcription process takes 2 hours and costs 50 gp for the rare inks needed to inscribe it.</td>
						</tr>
						<tr>
							<td><b>Chains of Carceri</b></td>
							<td>15th level, Pact of the Chain feature</td>
							<td colspan="5">You can cast <i>hold monster </i>at will-targeting a celestial, fiend, or elemental-without expending a spell slot or material components. You must finish a long rest before you can use this invocation on the same creature again.</td>
						</tr>
					</table>
					<linklist>
						<link class="reference_spell" recordname="reference.spelldata.holdmonster@DD PHB Deluxe"><b>Spell: </b></link>Hold Monster</linklist>
					<table>
						<tr>
							<td><b>Devil's Sight</b></td>
							<td>-</td>
							<td colspan="5">You can see normally in darkness, both magical and nonmagical, to a distance of 120 feet.</td>
						</tr>
						<tr>
							<td><b>Dreadful Word</b></td>
							<td>7th level</td>
							<td colspan="5">You can cast <i>confusion </i>once using a warlock spell slot. You can't do so again until you finish a long rest.</td>
						</tr>
					</table>
					<linklist>
						<link class="reference_spell" recordname="reference.spelldata.confusion@DD PHB Deluxe"><b>Spell: </b></link>Confusion</linklist>
					<table>
						<tr>
							<td><b>Eldritch Sight</b></td>
							<td>-</td>
							<td colspan="5">You can cast <i>detect magic </i>at will, without expending a spell slot.</td>
						</tr>
					</table>
					<linklist>
						<link class="reference_spell" recordname="reference.spelldata.detectmagic@DD PHB Deluxe"><b>Spell: </b></link>Detect Magic</linklist>
					<table>
						<tr>
							<td><b>Eldritch Spear</b></td>
							<td>eldritch blast cantrip</td>
							<td colspan="5">When you cast eldritch blast, its range is 300 feet.</td>
						</tr>
					</table>
					<linklist>
						<link class="reference_spell" recordname="reference.spelldata.eldritchblast@DD PHB Deluxe"><b>Spell: </b></link>Eldritch Blast</linklist>
					<table>
						<tr>
							<td><b>Eyes of the Rune Keeper</b></td>
							<td>-</td>
							<td colspan="5">You can read all writing.</td>
						</tr>
						<tr>
							<td><b>Fiendish Vigor</b></td>
							<td>-</td>
							<td colspan="5">You can cast <i>false life </i>on yourself at will as a 1st-level spell, without expending a spell slot or material components.</td>
						</tr>
					</table>
					<linklist>
						<link class="reference_spell" recordname="reference.spelldata.falselife@DD PHB Deluxe"><b>Spell: </b></link>False Life</linklist>
					<table>
						<tr>
							<td><b>Gaze of Two Minds</b></td>
							<td>-</td>
							<td colspan="5">You can use your action to touch a willing humanoid and perceive through its senses until the end of your next turn. As long as the creature is on the same plane of existence as you, you can use your action on subsequent turns to maintain this connection, extending the duration until the end of your next turn. While perceiving through the other creature's senses, you benefit from any special senses possessed by that creature, and you are blinded and deafened to your own surroundings.</td>
						</tr>
						<tr>
							<td><b>Lifedrinker</b></td>
							<td>12th level, Pact of the Blade feature</td>
							<td colspan="5">When you hit a creature with your pact weapon, the creature takes extra necrotic damage equal to your Charisma modifier (minimum 1).</td>
						</tr>
						<tr>
							<td><b>Mask of Many Faces</b></td>
							<td>-</td>
							<td colspan="5">You can cast <i>disguise self </i>at will, without expending a spell slot.</td>
						</tr>
					</table>
					<linklist>
						<link class="reference_spell" recordname="reference.spelldata.disguiseself@DD PHB Deluxe"><b>Spell: </b></link>Disguise Self</linklist>
					<table>
						<tr>
							<td><b>Master of Myriad Forms</b></td>
							<td>15th level</td>
							<td colspan="5">You can cast <i>alter self </i>at will, without expending a spell slot.</td>
						</tr>
					</table>
					<linklist>
						<link class="reference_spell" recordname="reference.spelldata.alterself@DD PHB Deluxe"><b>Spell: </b></link>Alter Self</linklist>
					<table>
						<tr>
							<td><b>Minions of Chaos</b></td>
							<td>9th level</td>
							<td colspan="5">You can cast <i>conjure elemental </i>once using a warlock spell slot. You can't do so again until you finish a long rest.</td>
						</tr>
					</table>
					<linklist>
						<link class="reference_spell" recordname="reference.spelldata.conjureelemental@DD PHB Deluxe"><b>Spell: </b></link>Conjure Elemental</linklist>
					<table>
						<tr>
							<td><b>Mire the Mind</b></td>
							<td>5th level</td>
							<td colspan="5">You can cast <i>slow </i>once using a warlock spell slot. You can't do so again until you finish a long rest.</td>
						</tr>
					</table>
					<linklist>
						<link class="reference_spell" recordname="reference.spelldata.slow@DD PHB Deluxe"><b>Spell: </b></link>Slow</linklist>
					<table>
						<tr>
							<td><b>Misty Visions</b></td>
							<td>-</td>
							<td colspan="5">You can cast <i>silent image </i>at will, without expending a spell slot or material components.</td>
						</tr>
					</table>
					<linklist>
						<link class="reference_spell" recordname="reference.spelldata.silentimage@DD PHB Deluxe"><b>Spell: </b></link>Silent Image</linklist>
					<table>
						<tr>
							<td><b>One with Shadows</b></td>
							<td>5th level</td>
							<td colspan="5">When you are in an area of dim light or darkness, you can use your action to become invisible until you move or take an action or a reaction.</td>
						</tr>
						<tr>
							<td><b>Otherworldly Leap</b></td>
							<td>9th level</td>
							<td colspan="5">You can cast <i>jump </i>on yourself at will, without expending a spell slot or material components.</td>
						</tr>
					</table>
					<linklist>
						<link class="reference_spell" recordname="reference.spelldata.jump@DD PHB Deluxe"><b>Spell: </b></link>Jump</linklist>
					<table>
						<tr>
							<td><b>Repelling Blast</b></td>
							<td>eldritch blast cantrip</td>
							<td colspan="5">When you hit a creature with eldritch blast, you can push the creature up to 10 feet away from you in a straight line.</td>
						</tr>
					</table>
					<linklist>
						<link class="reference_spell" recordname="reference.spelldata.eldritchblast@DD PHB Deluxe"><b>Spell: </b></link>Eldritch Blast</linklist>
					<table>
						<tr>
							<td><b>Sculptor of Flesh</b></td>
							<td>7th level</td>
							<td colspan="5">You can cast <i>polymorph </i>once using a warlock spell slot. You can't do so again until you finish a long rest.</td>
						</tr>
					</table>
					<linklist>
						<link class="reference_spell" recordname="reference.spelldata.polymorph@DD PHB Deluxe"><b>Spell: </b></link>Polymorph</linklist>
					<table>
						<tr>
							<td><b>Sign of Ill Omen</b></td>
							<td>5th level</td>
							<td colspan="5">You can cast <i>bestow curse </i>once using a warlock spell slot. You can't do so again until you finish a long rest.</td>
						</tr>
					</table>
					<linklist>
						<link class="reference_spell" recordname="reference.spelldata.bestowcurse@DD PHB Deluxe"><b>Spell: </b></link>Bestow Curse</linklist>
					<table>
						<tr>
							<td><b>Thief of Five Fates</b></td>
							<td>-</td>
							<td colspan="5">You can cast <i>bane </i>once using a warlock spell slot. You can't do so again until you finish a long rest.</td>
						</tr>
					</table>
					<linklist>
						<link class="reference_spell" recordname="reference.spelldata.bane@DD PHB Deluxe"><b>Spell: </b></link>Bane</linklist>
					<table>
						<tr>
							<td><b>Thirsting Blade</b></td>
							<td>5th level, Pact of the Blade feature</td>
							<td colspan="5">You can attack with your pact weapon twice, instead of once, whenever you take the Attack action on your turn.</td>
						</tr>
						<tr>
							<td><b>Visions of Distant Realms</b></td>
							<td>15th level</td>
							<td colspan="5">You can cast <i>arcane eye </i>at will, without expending a spell slot.</td>
						</tr>
					</table>
					<linklist>
						<link class="reference_spell" recordname="reference.spelldata.arcaneeye@DD PHB Deluxe"><b>Spell: </b></link>Arcane Eye</linklist>
					<table>
						<tr>
							<td><b>Voice of the Chain Master</b></td>
							<td>Pact of the Chain feature</td>
							<td colspan="5">You can communicate telepathically with your familiar and perceive through your familiar's senses as long as you are on the same plane of existence. Additionally, while perceiving through your familiar's senses, you can also speak through your familiar in your own voice, even if your familiar is normally incapable of speech.</td>
						</tr>
						<tr>
							<td><b>Whispers of the Grave</b></td>
							<td>9th level</td>
							<td colspan="5">You can cast <i>speak with dead </i>at will, without expending a spell slot.</td>
						</tr>
					</table>
					<linklist>
						<link class="reference_spell" recordname="reference.spelldata.speakwithdead@DD PHB Deluxe"><b>Spell: </b></link>Speak with Dead</linklist>
					<table>
						<tr>
							<td><b>Witch Sight</b></td>
							<td>15th level</td>
							<td colspan="5">You can see the true form of any shapechanger or creature concealed by illusion or transmutation magic while the creature is within 30 feet of you and within line of sight.</td>
						</tr>
					</table>
				</text>
			</id-00005>
			<id-00006>
				<level type="number">3</level>
				<locked type="number">1</locked>
				<name type="string">Pact Boon</name>
				<source type="string">Warlock</source>
				<text type="formattedtext">
					<p>At 3rd level, your otherworldly patron bestows a gift upon you for your loyal service. You gain one of the following features of your choice.</p>
					<h>Pact of the Chain</h>
					<p>You learn the <i>find familiar </i>spell and can cast it as a ritual. The spell doesn't count against your number of spells known.</p>
					<linklist>
						<link class="reference_spell" recordname="reference.spelldata.findfamiliar@DD PHB Deluxe"><b>Spell: </b></link>Find Familiar</linklist>
					<p>When you cast the spell, you can choose one of the normal forms for your familiar or one of the following special forms: imp, pseudodragon, quasit, or sprite. Additionally, when you take the Attack action, you can forgo one of your own attacks to allow your familiar to make one attack of its own. When you let your familiar attack, it does so with its reaction.</p>
					<h>Pact of the Blade</h>
					<p>You can use your action to create a pact weapon in your empty hand. You can choose the form that this melee weapon takes each time you create it (see chapter 5 for weapon options). You are proficient with it while you wield it. This weapon counts as magical for the purpose of overcoming resistance and immunity to nonmagical attacks and damage.</p>
					<p>Your pact weapon disappears if it is more than 5 feet away from you for 1 minute or more. It also disappears if you use this feature again, if you dismiss the weapon (no action required), or if you die.</p>
					<p>You can transform one magic weapon into your pact weapon by performing a special ritual while you hold the weapon. You perform the ritual over the course of 1 hour, which can be done during a short rest.</p>
					<p>You can then dismiss the weapon, shunting it into an extra dimensional space, and it appears whenever you create your pact weapon thereafter. You can't affect an artifact or a sentient weapon in this way. The weapon ceases being your pact weapon if you die, if you perform the 1-hour ritual on a different weapon, or if you use a 1-hour ritual to break your bond to it. The weapon appears at your feet if it is in the extra dimensional space when the bond breaks.</p>
					<h>Pact of the Tome</h>
					<p>Your patron gives you a grimoire called a Book of Shadows. When you gain this feature, choose three cantrips from any class's spell list. While the book is on your person, you can cast those cantrips at will. They don't count against your number of cantrips known. Any cantrip you cast with this feature is considered a warlock cantrip for you.</p>
					<p>If you lose your Book of Shadows, you can perform a 1-hour ceremony to receive a replacement from your patron. This ceremony can be performed during a short or long rest, and it destroys the previous book. The book turns to ash when you die.</p>
					<h>Your Pact Boon</h>
					<p>Each Pact Boon option produces a special creature or an object that reflects your patron's nature.</p>
					<p><b>Pact of the Chain. </b>Your familiar is more cunning than a typical familiar. Its default form can be a reflection of your patron, with sprites and pseudodragons tied to the Archfey and imps and quasits tied to the Fiend. Because the Great Old One's nature is inscrutable, any familiar form is suitable for it.</p>
					<p><b>Pact of the Blade. </b>If your patron is the Archfey, your weapon might be a slender blade wrapped in leafy vines. If you serve the Fiend, your weapon could be an axe made of black metal and adorned with decorative flames. If your patron is the Great Old One, your weapon might be an ancient-looking spear, with a gemstone embedded in its head, carved to look like a terrible unblinking eye.</p>
					<p><b>Pact of the Tome. </b>Your Book of Shadows might be a fine, gilt-edged tome with spells of enchantment and illusion, gifted to you by the lordly Archfey. It could be a weighty tome bound in demon hide studded with iron, holding spells of conjuration and a wealth of forbidden lore about the sinister regions of the cosmos, a gift of the Fiend. Or it could be the tattered diary of a lunatic driven mad by contact with the Great Old One, holding scraps of spells that only your own burgeoning insanity allows you to understand and cast.</p>
				</text>
			</id-00006>
		</featurelist>
		<flaws type="string">I obey Her law, even if Her law causes misery.</flaws>
		<gender type="string">?</gender>
		<height type="string">5'4&#34;</height>
		<hp>
			<deathsavefail type="number">0</deathsavefail>
			<deathsavesuccess type="number">0</deathsavesuccess>
			<temporary type="number">0</temporary>
			<total type="number">21</total>
			<wounds type="number">0</wounds>
		</hp>
		<ideals type="string">Responsibility. I do what I must and obey the Night Queen's Orders. (Lawful)</ideals>
		<initiative>
			<misc type="number">0</misc>
			<temporary type="number">0</temporary>
			<total type="number">1</total>
		</initiative>
		<inspiration type="number">1</inspiration>
		<inventorylist>
			<id-00001>
				<ac type="number">12</ac>
				<bonus type="number">1</bonus>
				<carried type="number">2</carried>
				<cost type="string">501 - 5,000 gp</cost>
				<count type="number">1</count>
				<description type="formattedtext">
					<h>Description</h>
					<p>While wearing this armor, you gain a +1 bonus to AC. You can also use a bonus action to speak the armor's command word and cause the armor to assume the appearance of a normal set of clothing or some other kind of armor. You decide what it looks like, including color, style, and accessories, but the armor retains its normal bulk and weight. The illusory appearance lasts until you use this property again or remove the armor.</p>
					<p><b>Studded Leather Notes</b></p>
					<p>Made from supple and thin materials, light armor favors agile adventurers since it offers some protection without sacrificing mobility. If you wear light armor, you add your Dexterity modifier to the base number from your armor type to determine your Armor Class.</p>
					<p>Made from tough but flexible leather, studded leather is reinforced with close-set rivets or spikes.</p>
				</description>
				<dexbonus type="string">Yes</dexbonus>
				<isidentified type="number">1</isidentified>
				<locked type="number">1</locked>
				<name type="string">Glamoured Studded Leather</name>
				<nonid_name type="string">Studded Leather Armor</nonid_name>
				<nonidentified type="string">Made from supple leather and flecked with soft metals this comfortable looking armor speaks of quality in every stitch.</nonidentified>
				<properties type="string">Magic</properties>
				<rarity type="string">Rare</rarity>
				<spells>
					<id-00001>
						<link type="windowreference">
							<class></class>
							<recordname></recordname>
						</link>
						<name type="string">Glamoured Studded Leather</name>
					</id-00001>
					<id-00002>
						<link type="windowreference">
							<class></class>
							<recordname></recordname>
						</link>
						<name type="string">Studded Leather</name>
					</id-00002>
				</spells>
				<stealth type="string">-</stealth>
				<strength type="string">-</strength>
				<subtype type="string">Studded Leather</subtype>
				<type type="string">Armor</type>
				<weight type="number">13</weight>
			</id-00001>
			<id-00002>
				<ac type="number">0</ac>
				<bonus type="number">0</bonus>
				<carried type="number">2</carried>
				<cost type="string">2 gp</cost>
				<count type="number">2</count>
				<damage type="string">1d4 piercing</damage>
				<description type="formattedtext">
					<p></p>
				</description>
				<isidentified type="number">1</isidentified>
				<locked type="number">1</locked>
				<name type="string">Dagger</name>
				<properties type="string">Finesse, light, thrown (range 20/60)</properties>
				<subtype type="string">Simple Melee Weapons</subtype>
				<type type="string">Weapon</type>
				<weight type="number">1</weight>
			</id-00002>
			<id-00003>
				<ac type="number">0</ac>
				<bonus type="number">0</bonus>
				<carried type="number">1</carried>
				<cost type="string">501 - 5,000 gp</cost>
				<count type="number">1</count>
				<description type="formattedtext">
					<h>Description</h>
					<p>You have resistance to force damage type while wearing this ring</p>
				</description>
				<isidentified type="number">1</isidentified>
				<locked type="number">1</locked>
				<name type="string">Ring of Force Resistance</name>
				<nonid_name type="string">Gold Ring</nonid_name>
				<nonidentified type="string">A delicately made gold ring with a sapphire setting.</nonidentified>
				<rarity type="string">Rare (Requires Attunement)</rarity>
				<type type="string">Ring</type>
				<weight type="number">0</weight>
			</id-00003>
		</inventorylist>
		<languagelist>
			<id-00001>
				<name type="string">Common</name>
			</id-00001>
			<id-00002>
				<name type="string">Elvish</name>
			</id-00002>
			<id-00003>
				<name type="string">Gnomish</name>
			</id-00003>
		</languagelist>
		<level type="number">3</level>
		<name type="string">Debria</name>
		<notes type="string">aluminum ore in dungeon to east!</notes>
		<perception type="number">17</perception>
		<perceptionmodifier type="number">0</perceptionmodifier>
		<personalitytraits type="string">I'm always polite and respectful.\nI can stare down a hell hound without flinching.</personalitytraits>
		<powergroup>
			<id-00001>
				<name type="string">Race</name>
			</id-00001>
			<id-00003>
				<name type="string">Invocation</name>
			</id-00003>
			<id-00004>
				<atkprof type="number">1</atkprof>
				<castertype type="string">memorization</castertype>
				<name type="string">Spells</name>
				<saveprof type="number">1</saveprof>
				<stat type="string">charisma</stat>
			</id-00004>
			<id-00005>
				<name type="string">Ritual</name>
			</id-00005>
		</powergroup>
		<powermeta>
			<pactmagicslots1>
				<max type="number">0</max>
				<used type="number">0</used>
			</pactmagicslots1>
			<pactmagicslots2>
				<max type="number">2</max>
				<used type="number">0</used>
			</pactmagicslots2>
			<pactmagicslots3>
				<max type="number">0</max>
				<used type="number">0</used>
			</pactmagicslots3>
			<pactmagicslots4>
				<max type="number">0</max>
				<used type="number">0</used>
			</pactmagicslots4>
			<pactmagicslots5>
				<max type="number">0</max>
				<used type="number">0</used>
			</pactmagicslots5>
			<pactmagicslots6>
				<max type="number">0</max>
				<used type="number">0</used>
			</pactmagicslots6>
			<pactmagicslots7>
				<max type="number">0</max>
				<used type="number">0</used>
			</pactmagicslots7>
			<pactmagicslots8>
				<max type="number">0</max>
				<used type="number">0</used>
			</pactmagicslots8>
			<pactmagicslots9>
				<max type="number">0</max>
				<used type="number">0</used>
			</pactmagicslots9>
			<spellslots1>
				<max type="number">0</max>
			</spellslots1>
			<spellslots2>
				<max type="number">0</max>
			</spellslots2>
			<spellslots3>
				<max type="number">0</max>
			</spellslots3>
			<spellslots4>
				<max type="number">0</max>
			</spellslots4>
			<spellslots5>
				<max type="number">0</max>
			</spellslots5>
			<spellslots6>
				<max type="number">0</max>
			</spellslots6>
			<spellslots7>
				<max type="number">0</max>
			</spellslots7>
			<spellslots8>
				<max type="number">0</max>
			</spellslots8>
			<spellslots9>
				<max type="number">0</max>
			</spellslots9>
		</powermeta>
		<powermode type="string">standard</powermode>
		<powers>
			<id-00001>
				<actions>
				</actions>
				<cast type="number">0</cast>
				<description type="formattedtext">
					<p>As an action, you can polymorph into any humanoid of your size that you have seen, or back into your true form. However, your equipment does not change with you. If you die, you revert to your natural appearance.</p>
				</description>
				<group type="string">Race</group>
				<level type="number">0</level>
				<locked type="number">1</locked>
				<name type="string">Shapechanger</name>
				<prepared type="number">0</prepared>
				<shortdescription type="string">Polymorph into any humanoid of your size that you have seen</shortdescription>
				<source type="string">Changeling</source>
				<type type="string">racial</type>
			</id-00001>
			<id-00002>
				<actions>
				</actions>
				<cast type="number">0</cast>
				<description type="formattedtext">
					<p><b>Prerequisite </b>: Raven Queen patron, Pact of the Tome feature</p>
					<p>You can place a corpse's hand or similar appendage on your Book of Shadows and ask one question aloud. After 1 minute, the answer appears written in blood in your book. The answer is provided by the dead creature's spirit to the best of its knowledge and is translated into a language of your choice. You must use this ability within 1 minute of a creature's death, and a given creature can only be asked one question in this manner.</p>
				</description>
				<group type="string">Invocation</group>
				<level type="number">0</level>
				<locked type="number">1</locked>
				<name type="string">Chronicle of the Raven Queen</name>
				<prepared type="number">0</prepared>
				<shortdescription type="string">invocation</shortdescription>
			</id-00002>
			<id-00003>
				<actions>
				</actions>
				<cast type="number">0</cast>
				<description type="formattedtext">
					<p><b>Prerequisite </b>: Pact of the Tome feature</p>
					<p>You can now inscribe magical rituals in your Book of Shadows. Choose two 1st-level spells that have the ritual tag from any class's spell list (the two needn't be from the same list). The spells appear in the book and don't count against the number of spells you know. With your Book of Shadows in hand, you can cast the chosen spells as rituals. You can't cast the spells except as rituals, unless you've learned them by some other means. You can also cast a warlock spell you know as a ritual if it has the ritual tag.</p>
					<p>On your adventures, you can add other ritual spells to your Book of Shadows. When you find such a spell, you can add it to the book if the spell's level is equal to or less than half your warlock level (rounded up) and if you can spare the time to transcribe the spell. For each level of the spell, the transcription process takes 2 hours and costs 50 gp for the rare inks needed to inscribe it.</p>
				</description>
				<group type="string">Invocation</group>
				<level type="number">0</level>
				<locked type="number">1</locked>
				<name type="string">Book of Ancient Secrets</name>
				<prepared type="number">0</prepared>
				<shortdescription type="string">Invocation</shortdescription>
			</id-00003>
			<id-00004>
				<actions>
					<id-00002>
						<atkmod type="number">0</atkmod>
						<atkprof type="number">1</atkprof>
						<order type="number">1</order>
						<savedcmod type="number">0</savedcmod>
						<savedcprof type="number">1</savedcprof>
						<savetype type="string">wisdom</savetype>
						<type type="string">cast</type>
					</id-00002>
					<id-00003>
						<durmod type="number">1</durmod>
						<durunit type="string">minute</durunit>
						<label type="string">Sanctuary</label>
						<order type="number">2</order>
						<type type="string">effect</type>
					</id-00003>
				</actions>
				<cast type="number">0</cast>
				<castingtime type="string">1 bonus action</castingtime>
				<components type="string">V, S, M (a small silver mirror)</components>
				<description type="formattedtext">
					<p>You ward a creature within range against attack. Until the spell ends, any creature who targets the warded creature with an attack or a harmful spell must first make a Wisdom saving throw. On a failed save, the creature must choose a new target or lose the attack or spell. This spell doesn't protect the warded creature from area effects, such as the explosion of a fireball. If the warded creature makes an attack or casts a spell that affects an enemy creature, this spell ends.</p>
				</description>
				<duration type="string">1 minute</duration>
				<group type="string">Spells</group>
				<level type="number">1</level>
				<locked type="number">1</locked>
				<name type="string">Sanctuary (B) (30)</name>
				<prepared type="number">0</prepared>
				<range type="string">30 feet</range>
				<ritual type="number">0</ritual>
				<school type="string">Abjuration</school>
				<source type="string">Cleric, Monk</source>
			</id-00004>
			<id-00005>
				<actions>
					<id-00001>
						<durmod type="number">10</durmod>
						<durunit type="string">minute</durunit>
						<label type="string">Silence (C)</label>
						<order type="number">1</order>
						<targeting type="string">self</targeting>
						<type type="string">effect</type>
					</id-00001>
					<id-00002>
						<durmod type="number">10</durmod>
						<durunit type="string">minute</durunit>
						<label type="string">Silence (C); Defeaned; IMMUNE: thunder</label>
						<order type="number">2</order>
						<type type="string">effect</type>
					</id-00002>
				</actions>
				<cast type="number">0</cast>
				<castingtime type="string">1 action</castingtime>
				<components type="string">V, S</components>
				<description type="formattedtext">
					<p>For the duration, no sound can be created within or pass through a 20-foot-radius sphere centered on a point you choose within range. Any creature or object entirely inside the sphere is immune to thunder damage, and creatures are deafened while entirely inside it.</p>
					<p>Casting a spell that includes a verbal component is impossible there.</p>
				</description>
				<duration type="string">Concentration, up to 10 minutes</duration>
				<group type="string">Ritual</group>
				<level type="number">2</level>
				<locked type="number">1</locked>
				<name type="string">Silence (120) (C)</name>
				<prepared type="number">0</prepared>
				<range type="string">120 feet</range>
				<ritual type="number">1</ritual>
				<school type="string">Illusion</school>
				<source type="string">Bard, Cleric, Druid Desert Circle, Monk, Ranger</source>
			</id-00005>
			<id-00006>
				<actions>
					<id-00001>
						<order type="number">1</order>
						<savemagic type="number">1</savemagic>
						<savetype type="string">wisdom</savetype>
						<type type="string">cast</type>
					</id-00001>
					<id-00002>
						<damagelist>
							<id-00001>
								<dice type="dice">d8</dice>
								<type type="string">necrotic</type>
							</id-00001>
						</damagelist>
						<order type="number">2</order>
						<type type="string">damage</type>
					</id-00002>
					<id-00003>
						<damagelist>
							<id-00001>
								<dice type="dice">d12</dice>
								<type type="string">necrotic</type>
							</id-00001>
						</damagelist>
						<order type="number">3</order>
						<type type="string">damage</type>
					</id-00003>
				</actions>
				<cast type="number">0</cast>
				<castingtime type="string">1 action</castingtime>
				<components type="string">V, S</components>
				<description type="formattedtext">
					<p>You point at one creature you can see within range, and the sound of a dolorous bell fills the air around it for a moment. The target must succeed on a Wisdom saving throw or take 1d8 necrotic damage. If the target is missing any of its hit points, it instead takes 1d12 necrotic damage.</p>
					<p>The spell's damage increases by one die when you reach 5th level (2d8 or 2d12), 11th level (3d8 or 3d12), and 17th level (4d8 or 4d12).</p>
				</description>
				<duration type="string">Instantaneous</duration>
				<group type="string">Spells</group>
				<level type="number">0</level>
				<locked type="number">1</locked>
				<name type="string">Toll the Dead</name>
				<prepared type="number">0</prepared>
				<range type="string">60 feet</range>
				<ritual type="number">0</ritual>
				<school type="string">Necromancy</school>
				<source type="string">Cleric, Warlock, Wizard</source>
			</id-00006>
			<id-00007>
				<actions>
					<id-00001>
						<durmod type="number">1</durmod>
						<durunit type="string">hour</durunit>
						<label type="string">Mold Earth</label>
						<order type="number">1</order>
						<targeting type="string">self</targeting>
						<type type="string">effect</type>
					</id-00001>
				</actions>
				<cast type="number">0</cast>
				<castingtime type="string">1 action</castingtime>
				<components type="string">S</components>
				<description type="formattedtext">
					<p>You choose a portion of dirt or stone that you can see within range and that fits within a 5-foot cube. You manipulate it in one of the following ways:</p>
					<p>If you target an area of loose earth, you can instantaneously excavate it, move it along the ground, and deposit it up to 5 feet away. This movement doesn't have enough force to cause damage.</p>
					<p>You cause shapes, colors, or both to appear on the dirt or stone, spelling out words, creating images, or shaping patterns. The changes last for 1 hour.</p>
					<p>If the dirt or stone you target is on the ground, you cause it to become difficult terrain. Alternatively, you can cause the ground to become normal terrain if it is already difficult terrain. This change lasts for 1 hour.</p>
					<p>If you cast this spell multiple times, you can have no more than two of its non-instantaneous effects active at a time, and you can dismiss such an effect as an action.</p>
				</description>
				<duration type="string">Instantaneous or 1 hour (see below)</duration>
				<group type="string">Spells</group>
				<level type="number">0</level>
				<locked type="number">1</locked>
				<name type="string">Mold Earth (30)</name>
				<prepared type="number">0</prepared>
				<range type="string">30 feet</range>
				<ritual type="number">0</ritual>
				<school type="string">Transmutation</school>
				<source type="string">Druid, Sorcerer, Wizard</source>
			</id-00007>
			<id-00008>
				<actions>
				</actions>
				<cast type="number">0</cast>
				<castingtime type="string">1 action</castingtime>
				<components type="string">V, S</components>
				<description type="formattedtext">
					<p>You touch one willing creature. Once before the spell ends, the target can roll a d4 and add the number rolled to one ability check of its choice. It can roll the die before or after making the ability check. The spell then ends.</p>
				</description>
				<duration type="string">Concentration, up to 1 minute</duration>
				<group type="string">Spells</group>
				<level type="number">0</level>
				<locked type="number">1</locked>
				<name type="string">Guidance</name>
				<prepared type="number">0</prepared>
				<range type="string">Touch</range>
				<school type="string">Divination</school>
				<source type="string">Cleric, Druid</source>
			</id-00008>
			<id-00009>
				<actions>
					<id-00001>
						<durmod type="number">1</durmod>
						<durunit type="string">minute</durunit>
						<label type="string">Minor Illusion</label>
						<order type="number">1</order>
						<targeting type="string">self</targeting>
						<type type="string">effect</type>
					</id-00001>
				</actions>
				<cast type="number">0</cast>
				<castingtime type="string">1 action</castingtime>
				<components type="string">S, M (a bit of fleece)</components>
				<description type="formattedtext">
					<p>You create a sound or an image of an object within range that lasts for the duration. The illusion also ends if you dismiss it as an action or cast this spell again.</p>
					<p>If you create a sound, its volume can range from a whisper to a scream. It can be your voice, someone else's voice, a lion's roar, a beating of drums, or any other sound you choose. The sound continues unabated throughout the duration, or you can make discrete sounds at different times before the spell ends.</p>
					<p>If you create an image of an object-such as a chair, muddy footprints, or a small chest-it must be no larger than a 5-foot cube. The image can't create sound, light, smell, or any other sensory effect. Physical interaction with the image reveals it to be an illusion, because things can pass through it.</p>
					<p>If a creature uses its action to examine the sound or image, the creature can determine that it is an illusion with a successful Intelligence (Investigation) check against your spell save DC. If a creature discerns the illusion for what it is, the illusion becomes faint to the creature.</p>
				</description>
				<duration type="string">1 minute</duration>
				<group type="string">Spells</group>
				<level type="number">0</level>
				<locked type="number">1</locked>
				<name type="string">Minor Illusion (30)</name>
				<prepared type="number">0</prepared>
				<range type="string">30 feet</range>
				<ritual type="number">0</ritual>
				<school type="string">Illusion</school>
				<source type="string">Bard, Eldritch Knight, Monk, Sorcerer, Warlock, Wizard, Arcane Trickster</source>
			</id-00009>
			<id-00010>
				<actions>
					<id-00001>
						<durmod type="number">1</durmod>
						<durunit type="string">minute</durunit>
						<label type="string">Mage Hand</label>
						<order type="number">1</order>
						<targeting type="string">self</targeting>
						<type type="string">effect</type>
					</id-00001>
				</actions>
				<cast type="number">0</cast>
				<castingtime type="string">1 action</castingtime>
				<components type="string">V, S</components>
				<description type="formattedtext">
					<p>A spectral, floating hand appears at a point you choose within range. The hand lasts for the duration or until you dismiss it as an action. The hand vanishes if it is ever more than 30 feet away from you or if you cast this spell again.</p>
					<p>You can use your action to control the hand. You can use the hand to manipulate an object, open an unlocked door or container, stow or retrieve an item from an open container, or pour the contents out of a vial. You can move the hand up to 30 feet each time you use it.</p>
					<p>The hand can't attack, activate magic items, or carry more than 10 pounds.</p>
				</description>
				<duration type="string">1 minute</duration>
				<group type="string">Spells</group>
				<level type="number">0</level>
				<locked type="number">1</locked>
				<name type="string">Mage Hand (30)</name>
				<prepared type="number">0</prepared>
				<range type="string">30 feet</range>
				<ritual type="number">0</ritual>
				<school type="string">Conjuration</school>
				<source type="string">Bard, Eldritch Knight, Sorcerer, Warlock, Wizard, Arcane Trickster</source>
			</id-00010>
			<id-00011>
				<actions>
					<id-00001>
						<order type="number">1</order>
						<savetype type="string">wisdom</savetype>
						<type type="string">cast</type>
					</id-00001>
					<id-00002>
						<durmod type="number">8</durmod>
						<durunit type="string">hour</durunit>
						<label type="string">Suggestion (C)</label>
						<order type="number">2</order>
						<targeting type="string">self</targeting>
						<type type="string">effect</type>
					</id-00002>
					<id-00003>
						<durmod type="number">8</durmod>
						<durunit type="string">hour</durunit>
						<label type="string">Suggestion (C)</label>
						<order type="number">3</order>
						<type type="string">effect</type>
					</id-00003>
				</actions>
				<cast type="number">0</cast>
				<castingtime type="string">1 action</castingtime>
				<components type="string">V, M (a snake's tongue and either a bit of honeycomb or a drop of sweet oil)</components>
				<description type="formattedtext">
					<p>You suggest a course of activity (limited to a sentence or two) and magically influence a creature you can see within range that can hear and understand you.</p>
					<p>Creatures that can't be charmed are immune to this effect. The suggestion must be worded in such a manner as to make the course of action sound reasonable.</p>
					<p>Asking the creature to stab itself, throw itself onto a spear, immolate itself, or do some other obviously harmful act ends the spell.</p>
					<p>The target must make a Wisdom saving throw. On a failed save, it pursues the course of action you described to the best of its ability. The suggested course of action can continue for the entire duration. If the suggested activity can be completed in a shorter time, the spell ends when the subject finishes what it was asked to do. You can also specify conditions that will trigger a special activity during the duration. For example, you might suggest that a knight give her warhorse to the first beggar she meets. If the condition isn't met before the spell expires, the activity isn't performed.</p>
					<p>If you or any of your companions damage the target, the spell ends.</p>
				</description>
				<duration type="string">Concentration, up to 8 hours</duration>
				<group type="string">Spells</group>
				<level type="number">2</level>
				<locked type="number">1</locked>
				<name type="string">Suggestion (30) (C)</name>
				<prepared type="number">0</prepared>
				<range type="string">30 feet</range>
				<ritual type="number">0</ritual>
				<school type="string">Enchantment</school>
				<source type="string">Bard, Cleric Knowledge Domain, Eldritch Knight, Sorcerer, Warlock, Wizard, Arcane Trickster</source>
			</id-00011>
			<id-00012>
				<actions>
					<id-00001>
						<onmissdamage type="string">half</onmissdamage>
						<order type="number">1</order>
						<savetype type="string">dexterity</savetype>
						<type type="string">cast</type>
					</id-00001>
					<id-00002>
						<damagelist>
							<id-00001>
								<bonus type="number">0</bonus>
								<dice type="dice">d10,d10,d10</dice>
								<type type="string">fire</type>
							</id-00001>
						</damagelist>
						<order type="number">2</order>
						<type type="string">damage</type>
					</id-00002>
				</actions>
				<cast type="number">0</cast>
				<castingtime type="string">1 reaction, which you take in response to being damaged by a creature within 60 feet of you that you can see</castingtime>
				<components type="string">V, S</components>
				<description type="formattedtext">
					<p>You point your finger, and the creature that damaged you is momentarily surrounded by hellish flames. The creature must make a Dexterity saving throw. It takes 2d10 fire damage on a failed save, or half as much damage on a successful one.</p>
					<p>At Higher Levels.</p>
					<p>When you cast this spell using a spell slot of 2nd level or higher, the damage increases by 1d10 for each slot level above 1st.</p>
				</description>
				<duration type="string">Instantaneous</duration>
				<group type="string">Spells</group>
				<level type="number">1</level>
				<locked type="number">1</locked>
				<name type="string">Hellish Rebuke (R) (60)</name>
				<prepared type="number">0</prepared>
				<range type="string">60 feet</range>
				<ritual type="number">0</ritual>
				<school type="string">Evocation</school>
				<source type="string">Warlock</source>
			</id-00012>
			<id-00013>
				<actions>
				</actions>
				<cast type="number">0</cast>
				<castingtime type="string">1 action</castingtime>
				<components type="string">V, S, M (a piece of string and a bit of wood)</components>
				<description type="formattedtext">
					<p>This spell creates an invisible, mindless, shapeless force that performs simple tasks at your command until the spell ends. The servant springs into existence in an unoccupied space on the ground within range. It has AC 10, 1 hit point, and a Strength of 2, and it can't attack. If it drops to 0 hit points, the spell ends.</p>
					<p>Once on each of your turns as a bonus action, you can mentally command the servant to move up to 15 feet and interact with an object. The servant can perform simple tasks that a human servant could do, such as fetching things, cleaning, mending, folding clothes, lighting fires, serving food, and pouring wine. Once you give the command, the servant performs the task to the best of its ability until it completes the task, then waits for your next command.</p>
					<p>If you command the servant to perform a task that would move it more than 60 feet away from you, the spell ends.</p>
				</description>
				<duration type="string">1 hour</duration>
				<group type="string">Ritual</group>
				<level type="number">1</level>
				<locked type="number">1</locked>
				<name type="string">Unseen Servant (60)</name>
				<prepared type="number">0</prepared>
				<range type="string">60 feet</range>
				<ritual type="number">1</ritual>
				<school type="string">Conjuration</school>
				<source type="string">Bard, Eldritch Knight, Warlock, Wizard, Arcane Trickster</source>
			</id-00013>
			<id-00014>
				<actions>
				</actions>
				<cast type="number">0</cast>
				<castingtime type="string">1 action</castingtime>
				<components type="string">V, S, M (a drop of mercury)</components>
				<description type="formattedtext">
					<p>This spell creates a circular, horizontal plane of force, 3 feet in diameter and 1 inch thick, that floats 3 feet above the ground in an unoccupied space of your choice that you can see within range. The disk remains for the duration, and can hold up to 500 pounds. If more weight is placed on it, the spell ends, and everything on the disk falls to the ground.</p>
					<p>The disk is immobile while you are within 20 feet of it. If you move more than 20 feet away from it, the disk follows you so that it remains within 20 feet of you. It can move across uneven terrain, up or down stairs, slopes and the like, but it can't cross an elevation change of 10 feet or more. For example, the disk can't move across a 10-foot-deep pit, nor could it leave such a pit if it was created at the bottom.</p>
					<p>If you move more than 100 feet from the disk (typically because it can't move around an obstacle to follow you), the spell ends.</p>
				</description>
				<duration type="string">1 hour</duration>
				<group type="string">Ritual</group>
				<level type="number">1</level>
				<locked type="number">1</locked>
				<name type="string">Tenser's Floating Disk (30)</name>
				<prepared type="number">0</prepared>
				<range type="string">30 feet</range>
				<ritual type="number">1</ritual>
				<school type="string">Conjuration</school>
				<source type="string">Eldritch Knight, Wizard, Arcane Trickster</source>
			</id-00014>
			<id-00015>
				<actions>
					<id-00001>
						<atktype type="string">ranged</atktype>
						<order type="number">1</order>
						<type type="string">cast</type>
					</id-00001>
					<id-00002>
						<damagelist>
							<id-00001>
								<dice type="dice">d10</dice>
								<type type="string">force</type>
							</id-00001>
						</damagelist>
						<order type="number">2</order>
						<type type="string">damage</type>
					</id-00002>
				</actions>
				<cast type="number">0</cast>
				<castingtime type="string">1 action</castingtime>
				<components type="string">V, S</components>
				<description type="formattedtext">
					<p>A beam of crackling energy streaks toward a creature within range. Make a ranged spell attack against the target. On a hit, the target takes 1d10 force damage.</p>
					<p>The spell creates more than one beam when you reach higher levels: two beams at 5th level, three beams at 11th level, and four beams at 17th level. You can direct the beams at the same target or at different ones. Make a separate attack roll for each beam.</p>
				</description>
				<duration type="string">Instantaneous</duration>
				<group type="string">Spells</group>
				<level type="number">0</level>
				<locked type="number">1</locked>
				<name type="string">Eldritch Blast</name>
				<prepared type="number">0</prepared>
				<range type="string">120 feet</range>
				<school type="string">Evocation</school>
				<source type="string">Warlock</source>
			</id-00015>
			<id-00016>
				<actions>
				</actions>
				<cast type="number">0</cast>
				<castingtime type="string">1 minute</castingtime>
				<components type="string">V, S, M (a pearl worth at least 100 gp and an owl feather)</components>
				<description type="formattedtext">
					<p>You choose one object that you must touch throughout the casting of the spell. If it is a magic item or some other magic-imbued object, you learn its properties and how to use them, whether it requires attunement to use, and how many charges it has, if any. You learn whether any spells are affecting the item and what they are. If the item was created by a spell, you learn which spell created it.</p>
					<p>If you instead touch a creature throughout the casting, you learn what spells, if any, are currently affecting it.</p>
				</description>
				<duration type="string">Instantaneous</duration>
				<group type="string">Ritual</group>
				<level type="number">1</level>
				<locked type="number">1</locked>
				<name type="string">Identify (RIT) (T) ($)</name>
				<prepared type="number">0</prepared>
				<range type="string">Touch</range>
				<ritual type="number">1</ritual>
				<school type="string">Divination</school>
				<source type="string">Bard, Cleric Knowledge Domain, Eldritch Knight, Wizard, Arcane Trickster</source>
			</id-00016>
			<id-00017>
				<actions>
					<id-00001>
						<durmod type="number">10</durmod>
						<durunit type="string">minute</durunit>
						<label type="string">Detect Magic (C)</label>
						<order type="number">1</order>
						<targeting type="string">self</targeting>
						<type type="string">effect</type>
					</id-00001>
				</actions>
				<cast type="number">0</cast>
				<castingtime type="string">1 action</castingtime>
				<components type="string">V, S</components>
				<description type="formattedtext">
					<p>For the duration, you sense the presence of magic within 30 feet of you. If you sense magic in this way, you can use your action to see a faint aura around any visible creature or object in the area that bears magic, and you learn its school of magic, if any.</p>
					<p>The spell can penetrate most barriers, but it is blocked by 1 foot of stone, 1 inch of common metal, a thin sheet of lead, or 3 feet of wood or dirt.</p>
				</description>
				<duration type="string">Concentration, up to 10 minutes</duration>
				<group type="string">Ritual</group>
				<level type="number">1</level>
				<locked type="number">1</locked>
				<name type="string">Detect Magic (S) (C)</name>
				<prepared type="number">0</prepared>
				<range type="string">Self</range>
				<ritual type="number">1</ritual>
				<school type="string">Divination</school>
				<source type="string">Bard, Cleric, Druid, Eldritch Knight, Eldritch Invocations, Paladin, Ranger, Sorcerer, Wizard, Arcane Trickster</source>
			</id-00017>
			<id-00018>
				<actions>
				</actions>
				<cast type="number">0</cast>
				<castingtime type="string">1 hour</castingtime>
				<components type="string">V, S, M (25 gp worth of powdered silver)</components>
				<description type="formattedtext">
					<p>You perform one of several religious ceremonies. When you cast the spell, choose one of the following ceremonies, the target of which must be within 10 feet of you throughout the casting.</p>
					<p><b>Atonement. </b>You touch one willing creature whose alignment has changed, and you make a DC 20 Wisdom (Insight) check. On a success, you restore the target to its original alignment.</p>
					<p><b>Bless Water. </b>You touch one vial of water and cause it to become holy water.</p>
					<p><b>Coming of Age. </b>You touch one humanoid old enough to be a young adult. For the next 24 hours, whenever the target makes an ability check, it can roll a d4 and add the number rolled to the ability check. A creature can benefit from this ceremony just once.</p>
					<p><b>Dedication. </b>You touch one humanoid who would willingly convert to your religion or who wishes to be dedicated to your god's service. For the next 24 hours, whenever the target makes a saving throw, it can roll a d4 and add the number rolled to the save. A creature can benefit from this ceremony just once.</p>
					<p><b>Funeral Rite. </b>You bless one corpse within 5 feet of you. For the next 24 hours, the target can't become undead by any means short of a wish spell.</p>
					<p><b>Investiture. </b>You touch one willing humanoid. Choose one 1st-level spell you have prepared and expend a spell slot and any material components as if you were casting that spell. The spell has no effect. Instead, the target can cast this spell once without having to expend a spell slot or use material components. If the target doesn't cast the spell within 1 hour, the invested spell is lost.</p>
					<p><b>Marriage. </b>You touch adult humanoids willing to be bonded together in marriage. For the next 24 hours, each target gains a +2 bonus to AC and saving throws while they are within 30 feet of each other. A creature can benefit from this ceremony just once.</p>
				</description>
				<duration type="string">Instantaneous (see text)</duration>
				<group type="string">Ritual</group>
				<level type="number">1</level>
				<locked type="number">1</locked>
				<name type="string">Ceremony</name>
				<prepared type="number">0</prepared>
				<range type="string">Touch</range>
				<ritual type="number">1</ritual>
				<school type="string">Evocation</school>
				<source type="string">Cleric, Paladin</source>
			</id-00018>
			<id-00019>
				<actions>
					<id-00001>
						<durmod type="number">1</durmod>
						<durunit type="string">hour</durunit>
						<label type="string">Invisibility (C)</label>
						<order type="number">1</order>
						<targeting type="string">self</targeting>
						<type type="string">effect</type>
					</id-00001>
					<id-00002>
						<durmod type="number">1</durmod>
						<durunit type="string">hour</durunit>
						<label type="string">Invisibility (C); Invisible</label>
						<order type="number">2</order>
						<type type="string">effect</type>
					</id-00002>
				</actions>
				<cast type="number">0</cast>
				<castingtime type="string">1 action</castingtime>
				<components type="string">V, S, M (an eyelash encased in gum arabic)</components>
				<description type="formattedtext">
					<p>A creature you touch becomes invisible until the spell ends. Anything the target is wearing or carrying is invisible as long as it is on the target's person. The spell ends for a target that attacks or casts a spell.</p>
					<p>At Higher Levels.</p>
					<p>When you cast this spell using a spell slot of 3rd level or higher, you can target one additional creature for each slot level above 2nd.</p>
				</description>
				<duration type="string">Concentration, up to 1 hour</duration>
				<group type="string">Spells</group>
				<level type="number">2</level>
				<locked type="number">1</locked>
				<name type="string">Invisibility (T) (C)</name>
				<prepared type="number">0</prepared>
				<range type="string">Touch</range>
				<ritual type="number">0</ritual>
				<school type="string">Illusion</school>
				<source type="string">Bard, Druid Grassland Circle, Eldritch Knight, Sorcerer, Warlock, Wizard, Arcane Trickster</source>
			</id-00019>
		</powers>
		<profbonus type="number">2</profbonus>
		<proficiencylist>
			<id-00001>
				<name type="string">Weapon: Simple weapon</name>
			</id-00001>
			<id-00002>
				<name type="string">Armor: Light armor</name>
			</id-00002>
			<id-00003>
				<name type="string">Tool: Carpentry,</name>
			</id-00003>
		</proficiencylist>
		<race type="string">Changeling</race>
		<racelink type="windowreference">
			<class>reference_race</class>
			<recordname>reference.racedata.UAchangeling@Unearthed Arcana</recordname>
		</racelink>
		<senses type="string">30' darkvision</senses>
		<size type="string">Medium</size>
		<skilllist>
			<id-00001>
				<misc type="number">3</misc>
				<name type="string">Perception</name>
				<prof type="number">1</prof>
				<stat type="string">wisdom</stat>
				<total type="number">7</total>
			</id-00001>
			<id-00002>
				<misc type="number">0</misc>
				<name type="string">Deception</name>
				<prof type="number">1</prof>
				<stat type="string">charisma</stat>
				<total type="number">5</total>
			</id-00002>
			<id-00003>
				<misc type="number">0</misc>
				<name type="string">Arcana</name>
				<prof type="number">0</prof>
				<stat type="string">intelligence</stat>
				<total type="number">1</total>
			</id-00003>
			<id-00004>
				<misc type="number">0</misc>
				<name type="string">Persuasion</name>
				<prof type="number">0</prof>
				<stat type="string">charisma</stat>
				<total type="number">3</total>
			</id-00004>
			<id-00005>
				<misc type="number">0</misc>
				<name type="string">Nature</name>
				<prof type="number">0</prof>
				<stat type="string">intelligence</stat>
				<total type="number">1</total>
			</id-00005>
			<id-00006>
				<misc type="number">0</misc>
				<name type="string">Medicine</name>
				<prof type="number">1</prof>
				<stat type="string">wisdom</stat>
				<total type="number">4</total>
			</id-00006>
			<id-00007>
				<misc type="number">0</misc>
				<name type="string">Survival</name>
				<prof type="number">0</prof>
				<stat type="string">wisdom</stat>
				<total type="number">2</total>
			</id-00007>
			<id-00008>
				<misc type="number">0</misc>
				<name type="string">Performance</name>
				<prof type="number">0</prof>
				<stat type="string">charisma</stat>
				<total type="number">3</total>
			</id-00008>
			<id-00009>
				<misc type="number">0</misc>
				<name type="string">Acrobatics</name>
				<prof type="number">0</prof>
				<stat type="string">dexterity</stat>
				<total type="number">1</total>
			</id-00009>
			<id-00010>
				<misc type="number">0</misc>
				<name type="string">Religion</name>
				<prof type="number">0</prof>
				<stat type="string">intelligence</stat>
				<total type="number">1</total>
			</id-00010>
			<id-00011>
				<misc type="number">0</misc>
				<name type="string">Athletics</name>
				<prof type="number">0</prof>
				<stat type="string">strength</stat>
				<total type="number">-1</total>
			</id-00011>
			<id-00012>
				<misc type="number">0</misc>
				<name type="string">Sleight of Hand</name>
				<prof type="number">0</prof>
				<stat type="string">dexterity</stat>
				<total type="number">1</total>
			</id-00012>
			<id-00013>
				<misc type="number">0</misc>
				<name type="string">Insight</name>
				<prof type="number">1</prof>
				<stat type="string">wisdom</stat>
				<total type="number">4</total>
			</id-00013>
			<id-00014>
				<misc type="number">0</misc>
				<name type="string">Intimidation</name>
				<prof type="number">0</prof>
				<stat type="string">charisma</stat>
				<total type="number">3</total>
			</id-00014>
			<id-00015>
				<misc type="number">0</misc>
				<name type="string">Investigation</name>
				<prof type="number">1</prof>
				<stat type="string">intelligence</stat>
				<total type="number">3</total>
			</id-00015>
			<id-00016>
				<misc type="number">0</misc>
				<name type="string">Stealth</name>
				<prof type="number">0</prof>
				<stat type="string">dexterity</stat>
				<total type="number">1</total>
			</id-00016>
			<id-00017>
				<misc type="number">0</misc>
				<name type="string">History</name>
				<prof type="number">0</prof>
				<stat type="string">intelligence</stat>
				<total type="number">1</total>
			</id-00017>
			<id-00018>
				<misc type="number">0</misc>
				<name type="string">Animal Handling</name>
				<prof type="number">0</prof>
				<stat type="string">wisdom</stat>
				<total type="number">2</total>
			</id-00018>
		</skilllist>
		<speed>
			<armor type="number">0</armor>
			<base type="number">30</base>
			<misc type="number">0</misc>
			<temporary type="number">0</temporary>
			<total type="number">30</total>
		</speed>
		<temp>
		</temp>
		<token type="token">portrait_id-00006_token</token>
		<traitlist>
			<id-00001>
				<locked type="number">1</locked>
				<name type="string">Shapechanger</name>
				<source type="string">Changeling</source>
				<text type="formattedtext">
					<p>As an action, you can polymorph into any humanoid of your size that you have seen, or back into your true form. However, your equipment does not change with you. If you die, you revert to your natural appearance.</p>
				</text>
				<type type="string">racial</type>
			</id-00001>
		</traitlist>
		<weapon>
			<critdicebonus>
			</critdicebonus>
			<critrange>
				<melee type="number">20</melee>
				<ranged type="number">20</ranged>
			</critrange>
		</weapon>
		<weaponlist>
			<id-00001>
				<attackstat type="string">dexterity</attackstat>
				<carried type="number">2</carried>
				<damagelist>
					<id-00001>
						<dice type="dice">d4</dice>
						<stat type="string">dexterity</stat>
						<type type="string">piercing</type>
					</id-00001>
				</damagelist>
				<isidentified type="number">1</isidentified>
				<maxammo type="number">0</maxammo>
				<name type="string">Dagger</name>
				<prof type="number">1</prof>
				<shortcut type="windowreference">
					<class>item</class>
					<recordname>....inventorylist.id-00002</recordname>
				</shortcut>
				<type type="number">0</type>
			</id-00001>
			<id-00002>
				<ammo type="number">0</ammo>
				<attackstat type="string">dexterity</attackstat>
				<carried type="number">2</carried>
				<damagelist>
					<id-00001>
						<dice type="dice">d4</dice>
						<stat type="string">dexterity</stat>
						<type type="string">piercing</type>
					</id-00001>
				</damagelist>
				<isidentified type="number">1</isidentified>
				<maxammo type="number">2</maxammo>
				<name type="string">Dagger</name>
				<prof type="number">1</prof>
				<shortcut type="windowreference">
					<class>item</class>
					<recordname>....inventorylist.id-00002</recordname>
				</shortcut>
				<type type="number">2</type>
			</id-00002>
		</weaponlist>
		<weight type="string">110 lbs</weight>
	</character>
</root>
