<?xml version="1.0" encoding="iso-8859-1"?>
<root version="3.3" release="7|CoreRPG:3">
	<character>
		<abilities>
			<charisma>
				<bonus type="number">0</bonus>
				<save type="number">0</save>
				<savemodifier type="number">0</savemodifier>
				<saveprof type="number">0</saveprof>
				<score type="number">11</score>
			</charisma>
			<constitution>
				<bonus type="number">2</bonus>
				<save type="number">4</save>
				<savemodifier type="number">0</savemodifier>
				<saveprof type="number">1</saveprof>
				<score type="number">15</score>
			</constitution>
			<dexterity>
				<bonus type="number">2</bonus>
				<save type="number">2</save>
				<savemodifier type="number">0</savemodifier>
				<saveprof type="number">0</saveprof>
				<score type="number">14</score>
			</dexterity>
			<intelligence>
				<bonus type="number">1</bonus>
				<save type="number">1</save>
				<savemodifier type="number">0</savemodifier>
				<saveprof type="number">0</saveprof>
				<score type="number">13</score>
			</intelligence>
			<strength>
				<bonus type="number">4</bonus>
				<save type="number">6</save>
				<savemodifier type="number">0</savemodifier>
				<saveprof type="number">1</saveprof>
				<score type="number">18</score>
			</strength>
			<wisdom>
				<bonus type="number">1</bonus>
				<save type="number">1</save>
				<savemodifier type="number">0</savemodifier>
				<saveprof type="number">0</saveprof>
				<score type="number">12</score>
			</wisdom>
		</abilities>
		<adventurelist>
		</adventurelist>
		<age type="string">18</age>
		<alignment type="string">Lawful Evil</alignment>
		<background type="string">Sailor</background>
		<backgroundlink type="windowreference">
			<class>reference_background</class>
			<recordname>reference.backgrounddata.sailor@DD PHB Deluxe</recordname>
		</backgroundlink>
		<bonds type="string">I'm loyal to my captain first, everything else second.</bonds>
		<classes>
			<id-00001>
				<casterlevelinvmult type="number">3</casterlevelinvmult>
				<hddie type="dice">d10</hddie>
				<hdused type="number">0</hdused>
				<level type="number">3</level>
				<name type="string">Fighter</name>
				<shortcut type="windowreference">
					<class>reference_class</class>
					<recordname>reference.classdata.fighter@DD PHB Deluxe</recordname>
				</shortcut>
			</id-00001>
		</classes>
		<coins>
			<slot1>
				<amount type="number">10</amount>
				<name type="string">GP</name>
			</slot1>
			<slot2>
			</slot2>
			<slot3>
			</slot3>
			<slot4>
			</slot4>
			<slot5>
			</slot5>
			<slot6>
			</slot6>
		</coins>
		<defenses>
			<ac>
				<armor type="number">6</armor>
				<dexbonus type="string">no</dexbonus>
				<disstealth type="number">1</disstealth>
				<misc type="number">0</misc>
				<prof type="number">1</prof>
				<shield type="number">2</shield>
				<temporary type="number">0</temporary>
				<total type="number">18</total>
			</ac>
		</defenses>
		<encumbrance>
			<encumbered type="number">90</encumbered>
			<encumberedheavy type="number">180</encumberedheavy>
			<liftpushdrag type="number">540</liftpushdrag>
			<load type="number">138</load>
			<max type="number">270</max>
		</encumbrance>
		<featlist>
		</featlist>
		<featurelist>
			<id-00001>
				<locked type="number">1</locked>
				<name type="string">Ship's Passage</name>
				<source type="string">Sailor</source>
				<text type="formattedtext">
					<p>When you need to, you can secure free passage on a sailing ship for yourself and your adventuring companions. You might sail on the ship you served on, or another ship you have good relations with (perhaps one captained by a former crewmate). Because you're calling in a favor, you can't be certain of a schedule or route that will meet your every need. Your Dungeon Master w ill determine how long it takes to get where you need to go. In return for your free passage, you and your companions are expected to assist the crew during the voyage.</p>
				</text>
			</id-00001>
			<id-00002>
				<level type="number">1</level>
				<locked type="number">1</locked>
				<name type="string">Second Wind</name>
				<source type="string">Fighter</source>
				<text type="formattedtext">
					<p>You have a limited well of stamina that you can draw on to protect yourself from harm. On your turn, you can use a bonus action to regain hit points equal to 1d10 + your fighter level.</p>
					<p>Once you use this feature, you must finish a short or long rest before you can use it again.</p>
				</text>
			</id-00002>
			<id-00003>
				<level type="number">1</level>
				<locked type="number">1</locked>
				<name type="string">Fighting Style (Dueling)</name>
				<source type="string">Fighter</source>
				<text type="formattedtext">
					<p>You adopt a particular style of fighting as your specialty. Choose one of the following options. You can't take a Fighting Style option more than once, even if you later get to choose again.</p>
					<p><b>Archery</b></p>
					<p>You gain a +2 bonus to attack rolls you make with ranged weapons.</p>
					<p><b>Defense</b></p>
					<p>While you are wearing armor, you gain a +1 bonus to AC.</p>
					<p><b>Dueling</b></p>
					<p>When you are wielding a melee weapon in one hand and no other weapons, you gain a +2 bonus to damage rolls with that weapon.</p>
					<p><b>Great Weapon Fighting</b></p>
					<p>When you roll a 1 or 2 on a damage die for an attack you make with a melee weapon that you are wielding with two hands, you can reroll the die and must use the new roll, even if the new roll is a 1 or a 2. The weapon must have the two-handed or versatile property for you to gain this benefit.</p>
					<p><b>Protection</b></p>
					<p>When a creature you can see attacks a target other than you that is within 5 feet of you, you can use your reaction to impose disadvantage on the attack roll. You must be wielding a shield.</p>
					<p><b>Two-Weapon Fighting</b></p>
					<p>When you engage in two-weapon fighting, you can add your ability modifier to the damage of the second attack.</p>
				</text>
			</id-00003>
			<id-00004>
				<level type="number">2</level>
				<locked type="number">1</locked>
				<name type="string">Action Surge</name>
				<source type="string">Fighter</source>
				<text type="formattedtext">
					<p>Starting at 2nd level, you can push yourself beyond your normal limits for a moment. On your turn, you can take one additional action on top of your regular action and a possible bonus action.</p>
					<p>Once you use this feature, you must finish a short or long rest before you can use it again. Starting at 17th level, you can use it twice before a rest, but only once on the same turn.</p>
				</text>
			</id-00004>
			<id-00005>
				<level type="number">1</level>
				<locked type="number">1</locked>
				<name type="string">Eldritch Knight</name>
				<source type="string">Fighter</source>
				<text type="formattedtext">
					<p>The archetypal Eldritch Knight combines the martial mastery common to all fighters with a careful study of magic. Eldritch Knights use magical techniques similar to those practiced by wizards. They focus their study on two of the eight schools of magic: abjuration and evocation. Abjuration spells grant an Eldritch Knight additional protection in battle, and evocation spells deal damage to many foes at once, extending the fighter's reach in combat. These knights learn a comparatively small number of spells, committing them to memory instead of keeping them in a spellbook.</p>
					<h>Features</h>
					<linklist>
						<link class="reference_classfeature" recordname="reference.classdata.fighter.features.spellcasting3@DD PHB Deluxe">Spellcasting</link>
						<link class="reference_classfeature" recordname="reference.classdata.fighter.features.weaponbond3@DD PHB Deluxe">Weapon Bond</link>
						<link class="reference_classfeature" recordname="reference.classdata.fighter.features.warmagic7@DD PHB Deluxe">War Magic</link>
						<link class="reference_classfeature" recordname="reference.classdata.fighter.features.eldritchstrike10@DD PHB Deluxe">Eldritch Strike</link>
						<link class="reference_classfeature" recordname="reference.classdata.fighter.features.arcanecharge15@DD PHB Deluxe">Arcane Charge</link>
						<link class="reference_classfeature" recordname="reference.classdata.fighter.features.improvedwarmagic18@DD PHB Deluxe">Improved War Magic</link>
					</linklist>
				</text>
			</id-00005>
			<id-00006>
				<level type="number">3</level>
				<locked type="number">1</locked>
				<name type="string">Weapon Bond</name>
				<source type="string">Fighter</source>
				<specialization type="string">Eldritch Knight</specialization>
				<specializationchoice type="number">0</specializationchoice>
				<text type="formattedtext">
					<p>At 3rd level, you learn a ritual that creates a magical bond between yourself and one weapon. You perform the ritual over the course of 1 hour, which can be done during a short rest. The weapon must be within your reach throughout the ritual, at the conclusion of which you touch the weapon and forge the bond. Once you have bonded a weapon to yourself, you can't be disarmed of that weapon unless you are incapacitated. If it is on the same plane of existence, you can summon that weapon as a bonus action on your turn, causing it to teleport instantly to your hand. You can have up to two bonded weapons, but can summon only one at a time with your bonus action. If you attempt to bond with a third weapon, you must break the bond with one of the other two.</p>
				</text>
			</id-00006>
			<id-00007>
				<level type="number">3</level>
				<locked type="number">1</locked>
				<name type="string">Spellcasting</name>
				<source type="string">Fighter</source>
				<specialization type="string">Eldritch Knight</specialization>
				<specializationchoice type="number">0</specializationchoice>
				<text type="formattedtext">
					<p>When you reach 3rd level, you augment your martial prowess with the ability to cast spells. See chapter 10 for the general rules of spellcasting and chapter 11 for the wizard spell list.</p>
					<linklist>
						<link class="reference_colindex" recordname="reference.spelllists.eldritchknight@DD PHB Deluxe">Eldritch Knight Spells</link>
					</linklist>
					<p><b>Cantrips. </b>You learn two cantrips of your choice from the wizard spell list. You learn an additional wizard cantrip of your choice at 10th level.</p>
					<p><b>Spell Slots. </b>The Eldritch Knight Spellcasting table shows how many spell slots you have to cast your spells of 1st level and higher. To cast one of these spells, you must expend a slot of the spell's level or higher. You regain all expended spell slots when you finish a long rest.</p>
					<p>For example, if you know the 1st-level spell shield and have a 1st-level and a 2nd-level spell slot available, you can cast shield using either slot.</p>
					<p><b>Spells Known of 1st-Level and Higher. </b>You know three 1st-level wizard spells of your choice, two of which you must choose from the abjuration and evocation spells on the wizard spell list.</p>
					<p>The Spells Known column of the Eldritch Knight Spellcasting table shows when you learn more wizard spells of 1st level or higher. Each of these spells must be an abjuration or evocation spell of your choice, and must be of a level for which you have spell slots. For instance, when you reach 7th level in this class, you can learn one new spell of 1st or 2nd level.</p>
					<p>The spells you learn at 8th, 14th, and 20th level can come from any school of magic.</p>
					<p>Whenever you gain a level in this class, you can replace one of the wizard spells you know with another spell of your choice from the wizard spell list. The new spell must be of a level for which you have spell slots, and it must be an abjuration or evocation spell, unless you're replacing the spell you gained at 8th, 14th, or 20th level from</p>
					<p>any school of magic.</p>
					<p><b>Spellcasting Ability. </b>Intelligence is your spellcasting ability for your wizard spells, since you learn your spells through study and memorization. You use your Intelligence whenever a spell refers to your spellcasting ability. In addition, you use your Intelligence modifier when setting the saving throw DC for a wizard spell you cast and when making an attack roll with one.</p>
					<p><b>Spell save DC </b>= 8 + your proficiency bonus + your Intelligence modifier</p>
					<p><b>Spell attack modifier </b>= your proficiency bonus + your Intelligence modifier</p>
					<p><b>Eldritch Knight Spellcasting</b></p>
					<table>
						<tr>
							<td><b>Fighter Level</b></td>
							<td><b>Cantrips Known</b></td>
							<td><b>Spells Known</b></td>
							<td><b>1st</b></td>
							<td><b>2nd</b></td>
							<td><b>3rd</b></td>
							<td><b>4th</b></td>
						</tr>
						<tr>
							<td>3rd</td>
							<td>2</td>
							<td>3</td>
							<td>2</td>
							<td>-</td>
							<td>-</td>
							<td>-</td>
						</tr>
						<tr>
							<td>4th</td>
							<td>2</td>
							<td>4</td>
							<td>3</td>
							<td>-</td>
							<td>-</td>
							<td>-</td>
						</tr>
						<tr>
							<td>5th</td>
							<td>2</td>
							<td>4</td>
							<td>3</td>
							<td>-</td>
							<td>-</td>
							<td>-</td>
						</tr>
						<tr>
							<td>6th</td>
							<td>2</td>
							<td>4</td>
							<td>3</td>
							<td>-</td>
							<td>-</td>
							<td>-</td>
						</tr>
						<tr>
							<td>7th</td>
							<td>2</td>
							<td>5</td>
							<td>4</td>
							<td>2</td>
							<td>-</td>
							<td>-</td>
						</tr>
						<tr>
							<td>8th</td>
							<td>2</td>
							<td>6</td>
							<td>4</td>
							<td>2</td>
							<td>-</td>
							<td>-</td>
						</tr>
						<tr>
							<td>9th</td>
							<td>2</td>
							<td>6</td>
							<td>4</td>
							<td>2</td>
							<td>-</td>
							<td>-</td>
						</tr>
						<tr>
							<td>10th</td>
							<td>3</td>
							<td>7</td>
							<td>4</td>
							<td>3</td>
							<td>-</td>
							<td>-</td>
						</tr>
						<tr>
							<td>11th</td>
							<td>3</td>
							<td>8</td>
							<td>4</td>
							<td>3</td>
							<td>-</td>
							<td>-</td>
						</tr>
						<tr>
							<td>12th</td>
							<td>3</td>
							<td>8</td>
							<td>4</td>
							<td>3</td>
							<td>-</td>
							<td>-</td>
						</tr>
						<tr>
							<td>13th</td>
							<td>3</td>
							<td>9</td>
							<td>4</td>
							<td>3</td>
							<td>2</td>
							<td>-</td>
						</tr>
						<tr>
							<td>14th</td>
							<td>3</td>
							<td>10</td>
							<td>4</td>
							<td>3</td>
							<td>2</td>
							<td>-</td>
						</tr>
						<tr>
							<td>15th</td>
							<td>3</td>
							<td>10</td>
							<td>4</td>
							<td>3</td>
							<td>2</td>
							<td>-</td>
						</tr>
						<tr>
							<td>16th</td>
							<td>3</td>
							<td>11</td>
							<td>4</td>
							<td>3</td>
							<td>3</td>
							<td>-</td>
						</tr>
						<tr>
							<td>17th</td>
							<td>3</td>
							<td>11</td>
							<td>4</td>
							<td>3</td>
							<td>3</td>
							<td>-</td>
						</tr>
						<tr>
							<td>18th</td>
							<td>3</td>
							<td>11</td>
							<td>4</td>
							<td>3</td>
							<td>3</td>
							<td>-</td>
						</tr>
						<tr>
							<td>19th</td>
							<td>3</td>
							<td>12</td>
							<td>4</td>
							<td>3</td>
							<td>3</td>
							<td>1</td>
						</tr>
						<tr>
							<td>20th</td>
							<td>3</td>
							<td>13</td>
							<td>4</td>
							<td>3</td>
							<td>3</td>
							<td>1</td>
						</tr>
					</table>
				</text>
			</id-00007>
		</featurelist>
		<flaws type="string">Once I start drinking, it's hard for me to stop.</flaws>
		<gender type="string">Female</gender>
		<height type="string">7'</height>
		<hp>
			<temporary type="number">0</temporary>
			<total type="number">28</total>
			<wounds type="number">0</wounds>
		</hp>
		<ideals type="string">Mastery. I'm a predator, and the other ships on the sea are my prey. (Evil)</ideals>
		<initiative>
			<misc type="number">0</misc>
			<temporary type="number">0</temporary>
			<total type="number">2</total>
		</initiative>
		<inventorylist>
			<id-00001>
				<carried type="number">1</carried>
				<cost type="string">1 sp</cost>
				<count type="number">1</count>
				<damage type="string">1d4 bludgeoning</damage>
				<isidentified type="number">1</isidentified>
				<location type="string">Backpack</location>
				<locked type="number">1</locked>
				<name type="string">Belaying Pin</name>
				<properties type="string">Light</properties>
				<subtype type="string">Simple Melee Weapons</subtype>
				<type type="string">Weapon</type>
				<weight type="number">2</weight>
			</id-00001>
			<id-00002>
				<carried type="number">1</carried>
				<cost type="string">10 gp</cost>
				<count type="number">1</count>
				<isidentified type="number">1</isidentified>
				<location type="string">Backpack</location>
				<locked type="number">1</locked>
				<name type="string">Rope, Silk (50 Feet)</name>
				<subtype type="string">Standard</subtype>
				<type type="string">Adventuring Gear</type>
				<weight type="number">5</weight>
			</id-00002>
			<id-00003>
				<carried type="number">1</carried>
				<count type="number">1</count>
				<isidentified type="number">1</isidentified>
				<location type="string">Backpack</location>
				<name type="string">Rabbits Foot</name>
			</id-00003>
			<id-00004>
				<carried type="number">2</carried>
				<cost type="string">5 sp</cost>
				<count type="number">1</count>
				<isidentified type="number">1</isidentified>
				<locked type="number">1</locked>
				<name type="string">Clothes, Common</name>
				<subtype type="string">Standard</subtype>
				<type type="string">Adventuring Gear</type>
				<weight type="number">3</weight>
			</id-00004>
			<id-00005>
				<ac type="number">16</ac>
				<carried type="number">2</carried>
				<cost type="string">75 gp</cost>
				<count type="number">1</count>
				<description type="formattedtext">
					<p>Of all the armor categories, heavy armor offers the best protection. These suits of armor cover the entire body and are designed to stop a wide range of attacks. Only proficient warriors can manage their weight and bulk.</p>
					<p>Made of interlocking metal rings, chain mail includes a layer of quilted fabric worn underneath the mail to prevent chafing and to cushion the impact of blows. The suit includes gauntlets.</p>
				</description>
				<dexbonus type="string">-</dexbonus>
				<isidentified type="number">1</isidentified>
				<locked type="number">1</locked>
				<name type="string">Chain Mail</name>
				<stealth type="string">Disadvantage</stealth>
				<strength type="string">Str 13</strength>
				<subtype type="string">Heavy Armor</subtype>
				<type type="string">Armor</type>
				<weight type="number">55</weight>
			</id-00005>
			<id-00006>
				<carried type="number">2</carried>
				<cost type="string">25 gp</cost>
				<count type="number">1</count>
				<damage type="string">1d8 piercing</damage>
				<isidentified type="number">1</isidentified>
				<locked type="number">1</locked>
				<name type="string">Rapier (Bond)</name>
				<properties type="string">Finesse</properties>
				<subtype type="string">Martial Weapons</subtype>
				<type type="string">Weapon</type>
				<weight type="number">2</weight>
			</id-00006>
			<id-00008>
				<ac type="number">0</ac>
				<bonus type="number">0</bonus>
				<carried type="number">2</carried>
				<cost type="string">20 gp</cost>
				<count type="number">1</count>
				<damage type="string">1d10 slashing</damage>
				<description type="formattedtext">
					<p></p>
				</description>
				<isidentified type="number">1</isidentified>
				<istemplate type="number">0</istemplate>
				<locked type="number">1</locked>
				<name type="string">Halberd (Bond)</name>
				<properties type="string">Heavy, reach, two-handed</properties>
				<subtype type="string">Martial Weapons</subtype>
				<type type="string">Weapon</type>
				<weight type="number">6</weight>
			</id-00008>
			<id-00012>
				<carried type="number">1</carried>
				<cost type="string">1 gp</cost>
				<count type="number">1</count>
				<isidentified type="number">1</isidentified>
				<location type="string">Backpack</location>
				<locked type="number">1</locked>
				<name type="string">Bedroll</name>
				<subtype type="string">Standard</subtype>
				<type type="string">Adventuring Gear</type>
				<weight type="number">7</weight>
			</id-00012>
			<id-00013>
				<carried type="number">1</carried>
				<cost type="string">5 sp</cost>
				<count type="number">10</count>
				<description type="formattedtext">
					<p>Rations consist of dry foods suitable for extended travel, including jerky, dried fruit, hardtack, and nuts.</p>
				</description>
				<isidentified type="number">1</isidentified>
				<location type="string">Backpack</location>
				<locked type="number">1</locked>
				<name type="string">Rations (1 Day)</name>
				<subtype type="string">Standard</subtype>
				<type type="string">Adventuring Gear</type>
				<weight type="number">2</weight>
			</id-00013>
			<id-00014>
				<carried type="number">1</carried>
				<cost type="string">1 cp</cost>
				<count type="number">10</count>
				<description type="formattedtext">
					<p>A torch burns for 1 hour, providing bright light in a 20-foot radius and dim light for an additional 20 feet. If you make a melee attack with a burning torch and hit, it deals 1 fire damage.</p>
				</description>
				<isidentified type="number">1</isidentified>
				<location type="string">Backpack</location>
				<locked type="number">1</locked>
				<name type="string">Torch</name>
				<subtype type="string">Standard</subtype>
				<type type="string">Adventuring Gear</type>
				<weight type="number">1</weight>
			</id-00014>
			<id-00015>
				<carried type="number">1</carried>
				<cost type="string">5 sp</cost>
				<count type="number">1</count>
				<description type="formattedtext">
					<p>This small container holds flint, fire steel, and tinder (usually dry cloth soaked in light oil) used to kindle a fire. Using it to light a torch-or anything else with abundant, exposed fuel-takes an action. Lighting any other fire takes 1 minute.</p>
				</description>
				<isidentified type="number">1</isidentified>
				<location type="string">Backpack</location>
				<locked type="number">1</locked>
				<name type="string">Tinderbox</name>
				<subtype type="string">Standard</subtype>
				<type type="string">Adventuring Gear</type>
				<weight type="number">1</weight>
			</id-00015>
			<id-00016>
				<carried type="number">1</carried>
				<cost type="string">2 sp</cost>
				<count type="number">1</count>
				<isidentified type="number">1</isidentified>
				<location type="string">Backpack</location>
				<locked type="number">1</locked>
				<name type="string">Waterskin</name>
				<subtype type="string">Standard</subtype>
				<type type="string">Adventuring Gear</type>
				<weight type="number">5</weight>
			</id-00016>
			<id-00017>
				<carried type="number">1</carried>
				<cost type="string">2 sp</cost>
				<count type="number">1</count>
				<description type="formattedtext">
					<p>This tin box contains a cup and simple cutlery. The box clamps together, and one side can be used as a cooking pan and the other as a plate or shallow bowl.</p>
				</description>
				<isidentified type="number">1</isidentified>
				<location type="string">Backpack</location>
				<locked type="number">1</locked>
				<name type="string">Mess Kit</name>
				<subtype type="string">Equipment Kits</subtype>
				<type type="string">Adventuring Gear</type>
				<weight type="number">1</weight>
			</id-00017>
			<id-00018>
				<carried type="number">1</carried>
				<cost type="string">1 gp</cost>
				<count type="number">1</count>
				<isidentified type="number">1</isidentified>
				<location type="string">Backpack</location>
				<locked type="number">1</locked>
				<name type="string">Rope, Hempen (50 Feet)</name>
				<subtype type="string">Standard</subtype>
				<type type="string">Adventuring Gear</type>
				<weight type="number">10</weight>
			</id-00018>
			<id-00019>
				<carried type="number">1</carried>
				<cost type="string">2 gp</cost>
				<count type="number">1</count>
				<isidentified type="number">1</isidentified>
				<locked type="number">1</locked>
				<name type="string">Backpack</name>
				<subtype type="string">Standard</subtype>
				<type type="string">Adventuring Gear</type>
				<weight type="number">5</weight>
			</id-00019>
			<id-00020>
				<ac type="number">2</ac>
				<carried type="number">2</carried>
				<cost type="string">10 gp</cost>
				<count type="number">1</count>
				<description type="formattedtext">
					<p>A shield is made from wood or metal and is carried in one hand. Wielding a shield increases your Armor Class by 2. You can benefit from only one shield at a time.</p>
				</description>
				<dexbonus type="string">-</dexbonus>
				<isidentified type="number">1</isidentified>
				<locked type="number">1</locked>
				<name type="string">Shield</name>
				<stealth type="string">-</stealth>
				<strength type="string">-</strength>
				<subtype type="string">Shield</subtype>
				<type type="string">Armor</type>
				<weight type="number">6</weight>
			</id-00020>
		</inventorylist>
		<languagelist>
			<id-00001>
				<name type="string">Common </name>
			</id-00001>
			<id-00002>
				<name type="string">Draconic</name>
			</id-00002>
		</languagelist>
		<level type="number">3</level>
		<name type="string">Dragonborn Fighter (Eldritch Knight)</name>
		<perception type="number">13</perception>
		<perceptionmodifier type="number">0</perceptionmodifier>
		<personalitytraits type="string">I work hard so that I can play hard when the work is done.\n\nMy language is as foul as an otyugh nest.</personalitytraits>
		<powergroup>
			<id-00002>
				<name type="string">Fighter</name>
			</id-00002>
			<id-00003>
				<name type="string">Dragonborn</name>
			</id-00003>
			<id-00004>
				<name type="string">Dragonborn</name>
			</id-00004>
			<id-00005>
				<atkprof type="number">1</atkprof>
				<castertype type="string">memorization</castertype>
				<name type="string">Cantrip</name>
				<saveprof type="number">1</saveprof>
			</id-00005>
			<id-00007>
				<castertype type="string">memorization</castertype>
				<name type="string">Spells</name>
			</id-00007>
		</powergroup>
		<powermeta>
			<pactmagicslots1>
				<max type="number">0</max>
			</pactmagicslots1>
			<pactmagicslots2>
				<max type="number">0</max>
			</pactmagicslots2>
			<pactmagicslots3>
				<max type="number">0</max>
			</pactmagicslots3>
			<pactmagicslots4>
				<max type="number">0</max>
			</pactmagicslots4>
			<pactmagicslots5>
				<max type="number">0</max>
			</pactmagicslots5>
			<pactmagicslots6>
				<max type="number">0</max>
			</pactmagicslots6>
			<pactmagicslots7>
				<max type="number">0</max>
			</pactmagicslots7>
			<pactmagicslots8>
				<max type="number">0</max>
			</pactmagicslots8>
			<pactmagicslots9>
				<max type="number">0</max>
			</pactmagicslots9>
			<spellslots1>
				<max type="number">2</max>
			</spellslots1>
			<spellslots2>
				<max type="number">0</max>
			</spellslots2>
			<spellslots3>
				<max type="number">0</max>
			</spellslots3>
			<spellslots4>
				<max type="number">0</max>
			</spellslots4>
			<spellslots5>
				<max type="number">0</max>
			</spellslots5>
			<spellslots6>
				<max type="number">0</max>
			</spellslots6>
			<spellslots7>
				<max type="number">0</max>
			</spellslots7>
			<spellslots8>
				<max type="number">0</max>
			</spellslots8>
			<spellslots9>
				<max type="number">0</max>
			</spellslots9>
		</powermeta>
		<powermode type="string">combat</powermode>
		<powers>
			<id-00001>
				<actions>
				</actions>
				<cast type="number">0</cast>
				<group type="string">Fighter</group>
				<level type="number">0</level>
				<name type="string">Action Surge</name>
				<prepared type="number">1</prepared>
				<usesperiod type="string">enc</usesperiod>
			</id-00001>
			<id-00002>
				<actions>
				</actions>
				<cast type="number">0</cast>
				<group type="string">Fighter</group>
				<level type="number">0</level>
				<name type="string">Second Wind</name>
				<prepared type="number">1</prepared>
				<usesperiod type="string">enc</usesperiod>
			</id-00002>
			<id-00004>
				<actions>
					<id-00001>
						<atkmod type="number">0</atkmod>
						<atkprof type="number">1</atkprof>
						<onmissdamage type="string">half</onmissdamage>
						<order type="number">1</order>
						<savedcbase type="string">ability</savedcbase>
						<savedcmod type="number">0</savedcmod>
						<savedcprof type="number">1</savedcprof>
						<savedcstat type="string">constitution</savedcstat>
						<savetype type="string">base</savetype>
						<type type="string">cast</type>
					</id-00001>
					<id-00002>
						<damagelist>
							<id-00001>
								<bonus type="number">0</bonus>
								<dice type="dice">d6,d6</dice>
							</id-00001>
						</damagelist>
						<order type="number">2</order>
						<type type="string">damage</type>
					</id-00002>
				</actions>
				<cast type="number">0</cast>
				<description type="formattedtext">
					<p>You can use your action to exhale destructive energy. Your draconic ancestry determines the size, shape, and damage type of the exhalation.</p>
					<p>When you use your breath weapon, each creature in the area of the exhalation must make a saving throw, the type of which is determined by your draconic ancestry. The DC for this saving throw equals 8 + your Constitution modifier + your proficiency bonus. A creature takes 2d6 damage on a failed save, and half as much damage on a successful one. The damage increases to 3d6 at 6th level, 4d6 at 11th level, and 5d6 at 16th level.</p>
					<p>After you use your breath weapon, you can't use it again until you complete a short or long rest.</p>
				</description>
				<group type="string">Dragonborn</group>
				<locked type="number">1</locked>
				<name type="string">Breath Weapon</name>
				<prepared type="number">1</prepared>
				<source type="string">Dragonborn</source>
				<type type="string">racial</type>
				<usesperiod type="string">enc</usesperiod>
			</id-00004>
			<id-00005>
				<actions>
					<id-00001>
						<durmod type="number">1</durmod>
						<label type="string">RESIST: bludgeoning,piercing,slashing</label>
						<order type="number">1</order>
						<type type="string">effect</type>
					</id-00001>
				</actions>
				<cast type="number">0</cast>
				<castingtime type="string">1 action</castingtime>
				<components type="string">V, S</components>
				<description type="formattedtext">
					<p>You extend your hand and trace a sigil of warding in the air. Until the end of your next turn, you have resistance against bludgeoning, piercing, and slashing damage dealt by weapon attacks.</p>
				</description>
				<duration type="string">1 round</duration>
				<group type="string">Cantrip</group>
				<level type="number">0</level>
				<locked type="number">1</locked>
				<name type="string">Blade Ward</name>
				<prepared type="number">0</prepared>
				<range type="string">Self</range>
				<ritual type="number">0</ritual>
				<school type="string">Abjuration</school>
				<source type="string">Bard, Eldritch Knight, Sorcerer, Warlock, Wizard, Arcane Trickster</source>
			</id-00005>
			<id-00006>
				<actions>
					<id-00001>
						<apply type="string">roll</apply>
						<durmod type="number">2</durmod>
						<label type="string">[TRGT]; ADVATK; (C)</label>
						<order type="number">1</order>
						<targeting type="string">self</targeting>
						<type type="string">effect</type>
					</id-00001>
				</actions>
				<cast type="number">0</cast>
				<castingtime type="string">1 action</castingtime>
				<components type="string">S</components>
				<description type="formattedtext">
					<p>You extend your hand and point a finger at a target in range. Your magic grants you a brief insight into the target's defenses. On your next turn, you gain advantage on your first attack roll against the target, provided that this spell hasn't ended.</p>
				</description>
				<duration type="string">Concentration, up to 1 round</duration>
				<group type="string">Cantrip</group>
				<level type="number">0</level>
				<locked type="number">1</locked>
				<name type="string">True Strike</name>
				<prepared type="number">0</prepared>
				<range type="string">30 feet</range>
				<ritual type="number">0</ritual>
				<school type="string">Divination</school>
				<source type="string">Bard, Eldritch Knight, Sorcerer, Warlock, Wizard, Arcane Trickster</source>
			</id-00006>
			<id-00007>
				<actions>
					<id-00001>
						<durmod type="number">1</durmod>
						<label type="string">AC: 5</label>
						<order type="number">1</order>
						<targeting type="string">self</targeting>
						<type type="string">effect</type>
					</id-00001>
				</actions>
				<cast type="number">0</cast>
				<castingtime type="string">1 reaction, which you take when you are hit by an attack or targeted by the magic missile spell</castingtime>
				<components type="string">V, S</components>
				<description type="formattedtext">
					<p>An invisible barrier of magical force appears and protects you. Until the start of your next turn, you have a +5 bonus to AC, including against the triggering attack, and you take no damage from magic missile.</p>
				</description>
				<duration type="string">1 round</duration>
				<group type="string">Spells</group>
				<level type="number">1</level>
				<locked type="number">1</locked>
				<name type="string">Shield</name>
				<prepared type="number">1</prepared>
				<range type="string">Self</range>
				<ritual type="number">0</ritual>
				<school type="string">Abjuration</school>
				<source type="string">Eldritch Knight, Sorcerer, Wizard, Arcane Trickster</source>
			</id-00007>
			<id-00008>
				<actions>
					<id-00001>
						<onmissdamage type="string">half</onmissdamage>
						<order type="number">1</order>
						<savetype type="string">dexterity</savetype>
						<type type="string">cast</type>
					</id-00001>
					<id-00002>
						<damagelist>
							<id-00001>
								<dice type="dice">d6,d6,d6</dice>
								<type type="string">fire</type>
							</id-00001>
						</damagelist>
						<order type="number">2</order>
						<type type="string">damage</type>
					</id-00002>
				</actions>
				<cast type="number">0</cast>
				<castingtime type="string">1 action</castingtime>
				<components type="string">V, S</components>
				<description type="formattedtext">
					<p>As you hold your hands with thumbs touching and fingers spread, a thin sheet of flames shoots forth from your outstretched fingertips. Each creature in a 15-foot cone must make a Dexterity saving throw. A creature takes 3d6 fire damage on a failed save, or half as much damage on a successful one.</p>
					<p>The fire ignites any flammable objects in the area that aren't being worn or carried.</p>
					<p><b>At Higher Levels. </b>When you cast this spell using a spell slot of 2nd level or higher, the damage increases by 1d6 for each slot level above 1st.</p>
				</description>
				<duration type="string">Instantaneous</duration>
				<group type="string">Spells</group>
				<level type="number">1</level>
				<locked type="number">1</locked>
				<name type="string">Burning Hands</name>
				<prepared type="number">1</prepared>
				<range type="string">Self (15-foot cone)</range>
				<ritual type="number">0</ritual>
				<school type="string">Evocation</school>
				<source type="string">Cleric Light Domain, Eldritch Knight, Warlock (Fiend), Monk, Sorcerer, Wizard, Arcane Trickster</source>
			</id-00008>
			<id-00009>
				<actions>
					<id-00001>
						<durmod type="number">10</durmod>
						<durunit type="string">minute</durunit>
						<label type="string">IFT: (aberration, celestial, elemental, fey, fiend, undead); GRANTDISATK; IMMUNE: charmed,frightened,possessed; (C)</label>
						<order type="number">1</order>
						<type type="string">effect</type>
					</id-00001>
				</actions>
				<cast type="number">0</cast>
				<castingtime type="string">1 action</castingtime>
				<components type="string">V, S, M (holy water or powdered silver and iron, which the spell consumes)</components>
				<description type="formattedtext">
					<p>Until the spell ends, one willing creature you touch is protected against certain types of creatures: aberrations, celestials, elementals, fey, fiends, and undead.</p>
					<p>The protection grants several benefits. Creatures of those types have disadvantage on attack rolls against the target. The target also can't be charmed, frightened, or possessed by them. If the target is already charmed, frightened, or possessed by such a creature, the target has advantage on any new saving throw against the relevant effect.</p>
				</description>
				<duration type="string">Concentration up to 10 minutes</duration>
				<group type="string">Spells</group>
				<level type="number">1</level>
				<locked type="number">1</locked>
				<name type="string">Protection from Evil and Good</name>
				<prepared type="number">1</prepared>
				<range type="string">Touch</range>
				<ritual type="number">0</ritual>
				<school type="string">Abjuration</school>
				<source type="string">Cleric, Eldritch Knight, Paladin, Warlock, Wizard, Arcane Trickster</source>
			</id-00009>
		</powers>
		<profbonus type="number">2</profbonus>
		<proficiencylist>
			<id-00001>
				<name type="string">Tool: Navigator's tools, vehicles (water)</name>
			</id-00001>
			<id-00002>
				<name type="string">Weapon: Simple weapons, martial weapons</name>
			</id-00002>
			<id-00003>
				<name type="string">Armor: All armor, shields</name>
			</id-00003>
		</proficiencylist>
		<race type="string">Dragonborn</race>
		<racelink type="windowreference">
			<class>reference_race</class>
			<recordname>reference.racedata.dragonborn@DD PHB Deluxe</recordname>
		</racelink>
		<size type="string">Medium</size>
		<skilllist>
			<id-00001>
				<misc type="number">0</misc>
				<name type="string">Perception</name>
				<prof type="number">1</prof>
				<stat type="string">wisdom</stat>
				<total type="number">3</total>
			</id-00001>
			<id-00002>
				<misc type="number">0</misc>
				<name type="string">Athletics</name>
				<prof type="number">1</prof>
				<stat type="string">strength</stat>
				<total type="number">6</total>
			</id-00002>
			<id-00003>
				<misc type="number">0</misc>
				<name type="string">Arcana</name>
				<prof type="number">0</prof>
				<stat type="string">intelligence</stat>
				<total type="number">1</total>
			</id-00003>
			<id-00004>
				<misc type="number">0</misc>
				<name type="string">Persuasion</name>
				<prof type="number">0</prof>
				<stat type="string">charisma</stat>
				<total type="number">0</total>
			</id-00004>
			<id-00005>
				<misc type="number">0</misc>
				<name type="string">Nature</name>
				<prof type="number">0</prof>
				<stat type="string">intelligence</stat>
				<total type="number">1</total>
			</id-00005>
			<id-00006>
				<misc type="number">0</misc>
				<name type="string">Medicine</name>
				<prof type="number">0</prof>
				<stat type="string">wisdom</stat>
				<total type="number">1</total>
			</id-00006>
			<id-00007>
				<misc type="number">0</misc>
				<name type="string">Survival</name>
				<prof type="number">0</prof>
				<stat type="string">wisdom</stat>
				<total type="number">1</total>
			</id-00007>
			<id-00008>
				<misc type="number">0</misc>
				<name type="string">Performance</name>
				<prof type="number">0</prof>
				<stat type="string">charisma</stat>
				<total type="number">0</total>
			</id-00008>
			<id-00009>
				<misc type="number">0</misc>
				<name type="string">Acrobatics</name>
				<prof type="number">1</prof>
				<stat type="string">dexterity</stat>
				<total type="number">4</total>
			</id-00009>
			<id-00010>
				<misc type="number">0</misc>
				<name type="string">Religion</name>
				<prof type="number">0</prof>
				<stat type="string">intelligence</stat>
				<total type="number">1</total>
			</id-00010>
			<id-00011>
				<misc type="number">0</misc>
				<name type="string">Sleight of Hand</name>
				<prof type="number">0</prof>
				<stat type="string">dexterity</stat>
				<total type="number">2</total>
			</id-00011>
			<id-00012>
				<misc type="number">0</misc>
				<name type="string">Insight</name>
				<prof type="number">0</prof>
				<stat type="string">wisdom</stat>
				<total type="number">1</total>
			</id-00012>
			<id-00013>
				<misc type="number">0</misc>
				<name type="string">Intimidation</name>
				<prof type="number">1</prof>
				<stat type="string">charisma</stat>
				<total type="number">2</total>
			</id-00013>
			<id-00014>
				<misc type="number">0</misc>
				<name type="string">Deception</name>
				<prof type="number">0</prof>
				<stat type="string">charisma</stat>
				<total type="number">0</total>
			</id-00014>
			<id-00015>
				<misc type="number">0</misc>
				<name type="string">Investigation</name>
				<prof type="number">0</prof>
				<stat type="string">intelligence</stat>
				<total type="number">1</total>
			</id-00015>
			<id-00016>
				<misc type="number">0</misc>
				<name type="string">Stealth</name>
				<prof type="number">0</prof>
				<stat type="string">dexterity</stat>
				<total type="number">2</total>
			</id-00016>
			<id-00017>
				<misc type="number">0</misc>
				<name type="string">History</name>
				<prof type="number">0</prof>
				<stat type="string">intelligence</stat>
				<total type="number">1</total>
			</id-00017>
			<id-00018>
				<misc type="number">0</misc>
				<name type="string">Animal Handling</name>
				<prof type="number">0</prof>
				<stat type="string">wisdom</stat>
				<total type="number">1</total>
			</id-00018>
		</skilllist>
		<speed>
			<armor type="number">0</armor>
			<base type="number">30</base>
			<misc type="number">0</misc>
			<temporary type="number">0</temporary>
			<total type="number">30</total>
		</speed>
		<temp>
		</temp>
		<token type="token"></token>
		<traitlist>
			<id-00001>
				<locked type="number">1</locked>
				<name type="string">Draconic Ancestry (Green Dragon)</name>
				<source type="string">Dragonborn</source>
				<text type="formattedtext">
					<p>You have draconic ancestry. Choose one type of dragon from the Draconic Ancestry table. Your breath weapon and damage resistance are determined by the dragon type, as shown in the table.</p>
					<p><b>Draconic Ancestry</b></p>
					<table>
						<tr>
							<td><b>Dragon</b></td>
							<td><b>Damage Type</b></td>
							<td><b>Breath Weapon</b></td>
						</tr>
						<tr>
							<td>Black</td>
							<td>Acid</td>
							<td>5 &#215; 30 ft. line (Dex. save)</td>
						</tr>
						<tr>
							<td>Blue</td>
							<td>Lightning</td>
							<td>5 &#215; 30 ft. line (Dex. save)</td>
						</tr>
						<tr>
							<td>Brass</td>
							<td>Fire</td>
							<td>5 &#215; 30 ft. line (Dex. save)</td>
						</tr>
						<tr>
							<td>Bronze</td>
							<td>Lightning</td>
							<td>5 &#215; 30 ft. line (Dex. save)</td>
						</tr>
						<tr>
							<td>Copper</td>
							<td>Acid</td>
							<td>5 &#215; 30 ft. line (Dex. save)</td>
						</tr>
						<tr>
							<td>Gold</td>
							<td>Fire</td>
							<td>15 ft. cone (Dex. save)</td>
						</tr>
						<tr>
							<td>Green</td>
							<td>Poison</td>
							<td>15 ft. cone (Con. save)</td>
						</tr>
						<tr>
							<td>Red</td>
							<td>Fire</td>
							<td>15 ft. cone (Dex. save)</td>
						</tr>
						<tr>
							<td>Silver</td>
							<td>Cold</td>
							<td>15 ft. cone (Con. save)</td>
						</tr>
						<tr>
							<td>White</td>
							<td>Cold</td>
							<td>15 ft. cone (Con. save)</td>
						</tr>
					</table>
				</text>
				<type type="string">racial</type>
			</id-00001>
			<id-00002>
				<locked type="number">1</locked>
				<name type="string">Breath Weapon (Green Dragon)</name>
				<source type="string">Dragonborn</source>
				<text type="formattedtext">
					<p>You can use your action to exhale destructive energy. Your draconic ancestry determines the size, shape, and damage type of the exhalation.</p>
					<p>When you use your breath weapon, each creature in the area of the exhalation must make a saving throw, the type of which is determined by your draconic ancestry. The DC for this saving throw equals 8 + your Constitution modifier + your proficiency bonus. A creature takes 2d6 damage on a failed save, and half as much damage on a successful one. The damage increases to 3d6 at 6th level, 4d6 at 11th level, and 5d6 at 16th level.</p>
					<p>After you use your breath weapon, you can't use it again until you complete a short or long rest.</p>
				</text>
				<type type="string">racial</type>
			</id-00002>
			<id-00003>
				<locked type="number">1</locked>
				<name type="string">Damage Resistance (Poison)</name>
				<source type="string">Dragonborn</source>
				<text type="formattedtext">
					<p>You have resistance to the damage type associated with your draconic ancestry.</p>
				</text>
				<type type="string">racial</type>
			</id-00003>
		</traitlist>
		<weaponlist>
			<id-00001>
				<carried type="number">1</carried>
				<damagelist>
					<id-00001>
						<dice type="dice">d4</dice>
						<stat type="string">base</stat>
						<type type="string">bludgeoning</type>
					</id-00001>
				</damagelist>
				<isidentified type="number">1</isidentified>
				<maxammo type="number">0</maxammo>
				<name type="string">Belaying Pin</name>
				<prof type="number">1</prof>
				<shortcut type="windowreference">
					<class>item</class>
					<recordname>....inventorylist.id-00001</recordname>
				</shortcut>
				<type type="number">0</type>
			</id-00001>
			<id-00002>
				<carried type="number">2</carried>
				<damagelist>
					<id-00001>
						<bonus type="number">2</bonus>
						<dice type="dice">d8</dice>
						<stat type="string">base</stat>
						<type type="string">piercing</type>
					</id-00001>
				</damagelist>
				<isidentified type="number">1</isidentified>
				<maxammo type="number">0</maxammo>
				<name type="string">Rapier (Bond)</name>
				<prof type="number">1</prof>
				<shortcut type="windowreference">
					<class>item</class>
					<recordname>....inventorylist.id-00006</recordname>
				</shortcut>
				<type type="number">0</type>
			</id-00002>
			<id-00003>
				<carried type="number">2</carried>
				<damagelist>
					<id-00001>
						<dice type="dice">d10</dice>
						<stat type="string">base</stat>
						<type type="string">slashing</type>
					</id-00001>
				</damagelist>
				<isidentified type="number">1</isidentified>
				<maxammo type="number">0</maxammo>
				<name type="string">Halberd (Bond)</name>
				<prof type="number">1</prof>
				<shortcut type="windowreference">
					<class>item</class>
					<recordname>....inventorylist.id-00008</recordname>
				</shortcut>
				<type type="number">0</type>
			</id-00003>
		</weaponlist>
		<weight type="string">310 lbs</weight>
	</character>
</root>
