<?xml version="1.0" encoding="iso-8859-1"?>
<root version="3.3" release="7|CoreRPG:3">
	<character>
		<abilities>
			<charisma>
				<bonus type="number">1</bonus>
				<save type="number">1</save>
				<savemodifier type="number">0</savemodifier>
				<saveprof type="number">0</saveprof>
				<score type="number">12</score>
			</charisma>
			<constitution>
				<bonus type="number">3</bonus>
				<save type="number">3</save>
				<savemodifier type="number">0</savemodifier>
				<saveprof type="number">0</saveprof>
				<score type="number">17</score>
			</constitution>
			<dexterity>
				<bonus type="number">2</bonus>
				<save type="number">2</save>
				<savemodifier type="number">0</savemodifier>
				<saveprof type="number">0</saveprof>
				<score type="number">15</score>
			</dexterity>
			<intelligence>
				<bonus type="number">1</bonus>
				<save type="number">3</save>
				<savemodifier type="number">0</savemodifier>
				<saveprof type="number">1</saveprof>
				<score type="number">12</score>
			</intelligence>
			<strength>
				<bonus type="number">0</bonus>
				<save type="number">0</save>
				<savemodifier type="number">0</savemodifier>
				<saveprof type="number">0</saveprof>
				<score type="number">10</score>
			</strength>
			<wisdom>
				<bonus type="number">2</bonus>
				<save type="number">4</save>
				<savemodifier type="number">0</savemodifier>
				<saveprof type="number">1</saveprof>
				<score type="number">14</score>
			</wisdom>
		</abilities>
		<adventurelist>
		</adventurelist>
		<age type="string">50</age>
		<alignment type="string">Lawful Good</alignment>
		<background type="string">Sage</background>
		<backgroundlink type="windowreference">
			<class>reference_background</class>
			<recordname>reference.backgrounddata.sage@DD PHB Deluxe</recordname>
		</backgroundlink>
		<bonds type="string">I have an ancient text that holds terrible secrets that must not fall into the wrong hands.</bonds>
		<classes>
			<id-00001>
				<casterlevelinvmult type="number">1</casterlevelinvmult>
				<hddie type="dice">d6</hddie>
				<hdused type="number">0</hdused>
				<level type="number">3</level>
				<name type="string">Wizard</name>
				<shortcut type="windowreference">
					<class>reference_class</class>
					<recordname>reference.classdata.wizard@DD PHB Deluxe</recordname>
				</shortcut>
			</id-00001>
		</classes>
		<coins>
			<slot1>
				<amount type="number">0</amount>
			</slot1>
			<slot2>
				<amount type="number">0</amount>
			</slot2>
			<slot3>
				<amount type="number">0</amount>
			</slot3>
			<slot4>
				<amount type="number">0</amount>
			</slot4>
			<slot5>
				<amount type="number">0</amount>
			</slot5>
			<slot6>
				<amount type="number">0</amount>
			</slot6>
		</coins>
		<defenses>
			<ac>
				<armor type="number">0</armor>
				<misc type="number">0</misc>
				<prof type="number">1</prof>
				<shield type="number">0</shield>
				<temporary type="number">0</temporary>
				<total type="number">12</total>
			</ac>
		</defenses>
		<encumbrance>
			<encumbered type="number">50</encumbered>
			<encumberedheavy type="number">100</encumberedheavy>
			<liftpushdrag type="number">300</liftpushdrag>
			<load type="number">66</load>
			<max type="number">150</max>
		</encumbrance>
		<featlist>
		</featlist>
		<featurelist>
			<id-00001>
				<locked type="number">1</locked>
				<name type="string">Researcher</name>
				<source type="string">Sage</source>
				<text type="formattedtext">
					<p>When you attempt to learn or recall a piece of lore, if you do not know that information, you often know where and from whom you can obtain it. Usually, this information comes from a library, scriptorium, university, or a sage or other learned person or creature. Your DM might rule that the knowledge you seek is secreted away in an almost inaccessible place, or that it simply cannot be found. Unearthing the deepest secrets of the multiverse can require an adventure or even a whole campaign.</p>
				</text>
			</id-00001>
			<id-00002>
				<level type="number">1</level>
				<locked type="number">1</locked>
				<name type="string">Spellcasting</name>
				<source type="string">Wizard</source>
				<text type="formattedtext">
					<p>As a student of arcane magic, you have a spellbook containing spells that show the first glimmerings of your true power. See chapter 10 for the general rules of spellcasting and chapter 11 for the wizard spell list.</p>
					<linklist>
						<link class="reference_colindex" recordname="reference.spelllists.wizard@DD PHB Deluxe">Wizards Spells</link>
					</linklist>
					<p><b>Cantrips</b></p>
					<p>At 1st level, you know three cantrips of your choice from the wizard spell list. You learn additional wizard cantrips of your choice at higher levels, as shown in the Cantrips Known column of the Wizard table.</p>
					<p><b>Spellbook</b></p>
					<p>At 1st level, you have a spellbook containing six 1st-level wizard spells of your choice.</p>
					<p><b>Preparing and Casting Spells</b></p>
					<p>The Wizard table shows how many spell slots you have to cast your spells of 1st level and higher. To cast one of these spells, you must expend a slot of the spell's level or higher. You regain all expended spell slots when you finish a long rest.</p>
					<p>You prepare the list of wizard spells that are available for you to cast. To do so, choose a number of wizard spells from your spellbook equal to your Intelligence modifier + your wizard level (minimum of one spell). The spells must be of a level for which you have spell slots.</p>
					<p>For example, if you're a 3rd-level wizard, you have four 1st-level and two 2nd-level spell slots. With an Intelligence of 16, your list of prepared spells can include six spells of 1st or 2nd level, in any combination, chosen from your spellbook. If you prepare the 1st-level spell magic missile, you can cast it using a 1st-level or a 2nd-level slot. Casting the spell doesn't remove it from your list of prepared spells.</p>
					<p>You can change your list of prepared spells when you finish a long rest. Preparing a new list of wizard spells requires time spent studying your spellbook and memorizing the incantations and gestures you must make to cast the spell: at least 1 minute per spell level for each spell on your list.</p>
					<p><b>Spellcasting Ability</b></p>
					<p>Intelligence is your spellcasting ability for your wizard spells, since you learn your spells through dedicated study and memorization. You use your Intelligence whenever a spell refers to your spellcasting ability.</p>
					<p>In addition, you use your Intelligence modifier when setting the saving throw DC for a wizard spell you cast and when making an attack roll with one.</p>
					<p><b>Spell save DC </b>= 8 + your proficiency bonus + your Intelligence modifier</p>
					<p><b>Spell attack modifier </b>= your proficiency bonus + your Intelligence modifier</p>
					<p><b>Ritual Casting</b></p>
					<p>You can cast a wizard spell as a ritual if that spell has the ritual tag and you have the spell in your spellbook. You don't need to have the spell prepared.</p>
					<p><b>Spellcasting Focus</b></p>
					<p>You can use an arcane focus (found in chapter 5) as a spellcasting focus for your wizard spells.</p>
					<p><b>Learning Spells of 1st Level and Higher</b></p>
					<p>Each time you gain a wizard level, you can add two wizard spells of your choice to your spellbook. Each of these spells must be of a level for which you have spell slots, as shown on the Wizard table. On your adventures, you might find other spells that you can add to your spellbook (see the &#34;Your Spellbook&#34; sidebar).</p>
					<h>Your Spellbook</h>
					<p>The spells that you add to your spellbook as you gain levels reflect the arcane research you conduct on your own, as well as intellectual breakthroughs you have had about the nature of the multiverse. You might find other spells during your adventures. You could discover a spell recorded on a scroll in an evil wizard's chest, for example, or in a dusty tome in an ancient library.</p>
					<p><b><i>Copying a Spell into the book. </i></b>When you find a wizard spell of 1st level or higher, you can add it to your spellbook if it is of a level for which you have spell slots and if you can spare the time to decipher and copy it. The spells copied into a spellbook must be of a spell level the wizard can prepare.</p>
					<p>Copying a spell into your spellbook involves reproducing the basic form of the spell, then deciphering the unique system of notation used by the wizard who wrote it. You must practice the spell until you understand the sounds or gestures required, then transcribe it into your spellbook using your own notation.</p>
					<p>For each level of the spell, the process takes 2 hours and costs 50gp. The cost represents material components you expend as you experiment with the spell to master it, as well as the fine inks you need to record it. Once you have spent this time and money, you can prepare the spell just like your other spells.</p>
					<p><b><i>Replacing the Book. </i></b>You can copy a spell from your own spellbook into another book-for example, if you want to make a backup copy of your spellbook. This is just like copying a new spell into your spellbook, but faster and easier, since you understand your own notation and already know how to cast the spell. You need spend only 1 hour and 10 gp for each level of the copied spell. If you lose your spellbook, you can use the same procedure to transcribe the spells that you have prepared into a new spellbook. Filling out the remainder of your spellbook requires you to find new spells to do so, as normal. For this reason, many wizards keep backup spellbooks in a safe place.</p>
					<p><b><i>The Book's Appearance </i></b>Your spellbook is a unique compilation of spells, with its own decorative flourishes and margin notes. It might be a plain, functional leather volume that you received as a gift from your master, a finely bound gilt-edged tome you found in an ancient library, or even a loose collection of notes scrounged together after you lost your previous spellbook in a mishap.</p>
					<p>A spellbook doesn't contain cantrips.</p>
				</text>
			</id-00002>
			<id-00003>
				<level type="number">1</level>
				<locked type="number">1</locked>
				<name type="string">Arcane Recovery</name>
				<source type="string">Wizard</source>
				<text type="formattedtext">
					<p>You have learned to regain some of your magical energy by studying your spellbook. Once per day when you finish a short rest, you can choose expended spell slots to recover. The spell slots can have a combined level that is equal to or less than half your wizard level (rounded up), and none of the slots can be 6th level or higher.</p>
					<p>For example, if you're a 4th-level wizard, you can recover up to two levels worth of spell slots. You can recover either a 2nd-level spell slot or two 1st-level spell slots.</p>
				</text>
			</id-00003>
			<id-00004>
				<level type="number">1</level>
				<locked type="number">1</locked>
				<name type="string">School of Illusion</name>
				<source type="string">Wizard</source>
				<text type="formattedtext">
					<p>You focus your studies on magic that dazzles the senses, befuddles the mind, and tricks even the wisest folk. Your magic is subtle, but the illusions crafted by your keen mind make the impossible seem real. Some illusionists-including many gnome wizards-are benign tricksters who use their spells to entertain. Others are more sinister masters of deception, using their illusions to frighten and fool others for their personal gain.</p>
					<h>Features</h>
					<linklist>
						<link class="reference_classfeature" recordname="reference.classdata.wizard.features.illusionsavant2@DD PHB Deluxe">Illusion Savant</link>
						<link class="reference_classfeature" recordname="reference.classdata.wizard.features.improvedminorillusion2@DD PHB Deluxe">Improved Minor Illusion</link>
						<link class="reference_classfeature" recordname="reference.classdata.wizard.features.malleableillusions6@DD PHB Deluxe">Malleable Illusions</link>
						<link class="reference_classfeature" recordname="reference.classdata.wizard.features.illusoryself10@DD PHB Deluxe">Illusory Self</link>
						<link class="reference_classfeature" recordname="reference.classdata.wizard.features.illusoryreality14@DD PHB Deluxe">Illusory Reality</link>
					</linklist>
				</text>
			</id-00004>
			<id-00005>
				<level type="number">2</level>
				<locked type="number">1</locked>
				<name type="string">Improved Minor Illusion</name>
				<source type="string">Wizard</source>
				<specialization type="string">School of Illusion</specialization>
				<text type="formattedtext">
					<p>When you choose this school at 2nd level, you learn the minor illusion cantrip. If you already know this cantrip, you learn a different wizard cantrip of your choice. The cantrip doesn't count against your number of cantrips known.</p>
					<p>When you cast minor illusion, you can create both a sound and an image with a single casting of the spell.</p>
				</text>
			</id-00005>
			<id-00006>
				<level type="number">2</level>
				<locked type="number">1</locked>
				<name type="string">Illusion Savant</name>
				<source type="string">Wizard</source>
				<specialization type="string">School of Illusion</specialization>
				<text type="formattedtext">
					<p>Beginning when you select this school at 2nd level, the gold and time you must spend to copy an illusion spell into your spellbook is halved.</p>
				</text>
			</id-00006>
		</featurelist>
		<flaws type="string">I am easily distracted by the promise of information.</flaws>
		<gender type="string">Female</gender>
		<height type="string">3'6&#34;</height>
		<hp>
			<temporary type="number">0</temporary>
			<total type="number">23</total>
			<wounds type="number">0</wounds>
		</hp>
		<ideals type="string">Knowledge. The path to power and self-improvement is through knowledge. (Neutral)</ideals>
		<initiative>
			<misc type="number">0</misc>
			<temporary type="number">0</temporary>
			<total type="number">2</total>
		</initiative>
		<inventorylist>
			<id-00001>
				<carried type="number">2</carried>
				<cost type="string">2 gp</cost>
				<count type="number">1</count>
				<damage type="string">1d4 piercing</damage>
				<isidentified type="number">1</isidentified>
				<locked type="number">1</locked>
				<name type="string">Dagger</name>
				<properties type="string">Finesse, light, thrown (range 20/60)</properties>
				<subtype type="string">Simple Melee Weapons</subtype>
				<type type="string">Weapon</type>
				<weight type="number">1</weight>
			</id-00001>
			<id-00002>
				<carried type="number">1</carried>
				<cost type="string">5 gp</cost>
				<count type="number">1</count>
				<description type="formattedtext">
					<p>An arcane focus is a special item-an orb, a crystal, a rod, a specially constructed staff, a wand-like length of wood, or some similar item-designed to channel the power of arcane spells. A sorcerer, warlock, or wizard can use such an item as a spellcasting focus, as described in chapter 10.</p>
				</description>
				<isidentified type="number">1</isidentified>
				<locked type="number">1</locked>
				<name type="string">Staff</name>
				<subtype type="string">Arcane Focus</subtype>
				<type type="string">Adventuring Gear</type>
				<weight type="number">4</weight>
			</id-00002>
			<id-00003>
				<carried type="number">1</carried>
				<cost type="string">25 gp</cost>
				<count type="number">1</count>
				<description type="formattedtext">
					<p>A component pouch is a small, watertight leather belt pouch that has compartments to hold all the material components and other special items you need to cast your spells, except for those components that have a specific cost (as indicated in a spell's description).</p>
				</description>
				<isidentified type="number">1</isidentified>
				<locked type="number">1</locked>
				<name type="string">Component Pouch</name>
				<subtype type="string">Standard</subtype>
				<type type="string">Adventuring Gear</type>
				<weight type="number">2</weight>
			</id-00003>
			<id-00004>
				<carried type="number">1</carried>
				<cost type="string">1 gp</cost>
				<count type="number">1</count>
				<isidentified type="number">1</isidentified>
				<locked type="number">1</locked>
				<name type="string">Bedroll</name>
				<subtype type="string">Standard</subtype>
				<type type="string">Adventuring Gear</type>
				<weight type="number">7</weight>
			</id-00004>
			<id-00005>
				<carried type="number">1</carried>
				<cost type="string">5 sp</cost>
				<count type="number">10</count>
				<description type="formattedtext">
					<p>Rations consist of dry foods suitable for extended travel, including jerky, dried fruit, hardtack, and nuts.</p>
				</description>
				<isidentified type="number">1</isidentified>
				<locked type="number">1</locked>
				<name type="string">Rations (1 Day)</name>
				<subtype type="string">Standard</subtype>
				<type type="string">Adventuring Gear</type>
				<weight type="number">2</weight>
			</id-00005>
			<id-00006>
				<carried type="number">1</carried>
				<cost type="string">1 cp</cost>
				<count type="number">10</count>
				<description type="formattedtext">
					<p>A torch burns for 1 hour, providing bright light in a 20-foot radius and dim light for an additional 20 feet. If you make a melee attack with a burning torch and hit, it deals 1 fire damage.</p>
				</description>
				<isidentified type="number">1</isidentified>
				<locked type="number">1</locked>
				<name type="string">Torch</name>
				<subtype type="string">Standard</subtype>
				<type type="string">Adventuring Gear</type>
				<weight type="number">1</weight>
			</id-00006>
			<id-00007>
				<carried type="number">1</carried>
				<cost type="string">5 sp</cost>
				<count type="number">1</count>
				<description type="formattedtext">
					<p>This small container holds flint, fire steel, and tinder (usually dry cloth soaked in light oil) used to kindle a fire. Using it to light a torch-or anything else with abundant, exposed fuel-takes an action. Lighting any other fire takes 1 minute.</p>
				</description>
				<isidentified type="number">1</isidentified>
				<locked type="number">1</locked>
				<name type="string">Tinderbox</name>
				<subtype type="string">Standard</subtype>
				<type type="string">Adventuring Gear</type>
				<weight type="number">1</weight>
			</id-00007>
			<id-00008>
				<carried type="number">1</carried>
				<cost type="string">2 sp</cost>
				<count type="number">1</count>
				<isidentified type="number">1</isidentified>
				<locked type="number">1</locked>
				<name type="string">Waterskin</name>
				<subtype type="string">Standard</subtype>
				<type type="string">Adventuring Gear</type>
				<weight type="number">5</weight>
			</id-00008>
			<id-00009>
				<carried type="number">1</carried>
				<cost type="string">2 sp</cost>
				<count type="number">1</count>
				<description type="formattedtext">
					<p>This tin box contains a cup and simple cutlery. The box clamps together, and one side can be used as a cooking pan and the other as a plate or shallow bowl.</p>
				</description>
				<isidentified type="number">1</isidentified>
				<locked type="number">1</locked>
				<name type="string">Mess Kit</name>
				<subtype type="string">Equipment Kits</subtype>
				<type type="string">Adventuring Gear</type>
				<weight type="number">1</weight>
			</id-00009>
			<id-00010>
				<carried type="number">1</carried>
				<cost type="string">1 gp</cost>
				<count type="number">1</count>
				<isidentified type="number">1</isidentified>
				<locked type="number">1</locked>
				<name type="string">Rope, Hempen (50 Feet)</name>
				<subtype type="string">Standard</subtype>
				<type type="string">Adventuring Gear</type>
				<weight type="number">10</weight>
			</id-00010>
			<id-00011>
				<carried type="number">1</carried>
				<cost type="string">2 gp</cost>
				<count type="number">1</count>
				<isidentified type="number">1</isidentified>
				<locked type="number">1</locked>
				<name type="string">Backpack (Empty)</name>
				<subtype type="string">Standard</subtype>
				<type type="string">Adventuring Gear</type>
				<weight type="number">5</weight>
			</id-00011>
		</inventorylist>
		<languagelist>
			<id-00001>
				<name type="string">Draconic</name>
			</id-00001>
			<id-00002>
				<name type="string">Common</name>
			</id-00002>
			<id-00003>
				<name type="string">Gnomish</name>
			</id-00003>
			<id-00004>
				<name type="string">Elvish</name>
			</id-00004>
		</languagelist>
		<level type="number">3</level>
		<name type="string">Gnome Wizard Illusion</name>
		<perception type="number">12</perception>
		<perceptionmodifier type="number">0</perceptionmodifier>
		<personalitytraits type="string">I use polysyllabic words that convey the impression of great erudition.</personalitytraits>
		<powergroup>
			<id-00001>
				<castertype type="string">memorization</castertype>
				<name type="string">Spells</name>
				<prepared type="number">2</prepared>
				<stat type="string">intelligence</stat>
			</id-00001>
		</powergroup>
		<powermeta>
			<pactmagicslots1>
				<max type="number">0</max>
			</pactmagicslots1>
			<pactmagicslots2>
				<max type="number">0</max>
			</pactmagicslots2>
			<pactmagicslots3>
				<max type="number">0</max>
			</pactmagicslots3>
			<pactmagicslots4>
				<max type="number">0</max>
			</pactmagicslots4>
			<pactmagicslots5>
				<max type="number">0</max>
			</pactmagicslots5>
			<pactmagicslots6>
				<max type="number">0</max>
			</pactmagicslots6>
			<pactmagicslots7>
				<max type="number">0</max>
			</pactmagicslots7>
			<pactmagicslots8>
				<max type="number">0</max>
			</pactmagicslots8>
			<pactmagicslots9>
				<max type="number">0</max>
			</pactmagicslots9>
			<spellslots1>
				<max type="number">4</max>
			</spellslots1>
			<spellslots2>
				<max type="number">2</max>
			</spellslots2>
			<spellslots3>
				<max type="number">0</max>
			</spellslots3>
			<spellslots4>
				<max type="number">0</max>
			</spellslots4>
			<spellslots5>
				<max type="number">0</max>
			</spellslots5>
			<spellslots6>
				<max type="number">0</max>
			</spellslots6>
			<spellslots7>
				<max type="number">0</max>
			</spellslots7>
			<spellslots8>
				<max type="number">0</max>
			</spellslots8>
			<spellslots9>
				<max type="number">0</max>
			</spellslots9>
		</powermeta>
		<powermode type="string">preparation</powermode>
		<powers>
			<id-00001>
				<actions>
				</actions>
				<cast type="number">0</cast>
				<castingtime type="string">1 action</castingtime>
				<components type="string">S, M (a bit of fleece)</components>
				<description type="formattedtext">
					<p>You create a sound or an image of an object within range that lasts for the duration. The illusion also ends if you dismiss it as an action or cast this spell again.</p>
					<p>If you create a sound, its volume can range from a whisper to a scream. It can be your voice, someone else's voice, a lion's roar, a beating of drums, or any other sound you choose. The sound continues unabated throughout the duration, or you can make discrete sounds at different times before the spell ends.</p>
					<p>If you create an image of an object-such as a chair, muddy footprints, or a small chest-it must be no larger than a 5-foot cube. The image can't create sound, light, smell, or any other sensory effect. Physical interaction with the image reveals it to be an illusion, because things can pass through it.</p>
					<p>If a creature uses its action to examine the sound or image, the creature can determine that it is an illusion with a successful Intelligence (Investigation) check against your spell save DC. If a creature discerns the illusion for what it is, the illusion becomes faint to the creature.</p>
				</description>
				<duration type="string">1 minute</duration>
				<group type="string">Spells</group>
				<level type="number">0</level>
				<locked type="number">1</locked>
				<name type="string">Minor Illusion</name>
				<prepared type="number">0</prepared>
				<range type="string">30 feet</range>
				<school type="string">Illusion</school>
				<source type="string">Bard, Eldritch Knight, Monk, Sorcerer, Warlock, Wizard, Arcane Trickster</source>
			</id-00001>
			<id-00002>
				<actions>
					<id-00001>
						<atktype type="string">ranged</atktype>
						<order type="number">1</order>
						<type type="string">cast</type>
					</id-00001>
					<id-00002>
						<damagelist>
							<id-00001>
								<bonus type="number">0</bonus>
								<dice type="dice">d8</dice>
								<type type="string">necrotic</type>
							</id-00001>
						</damagelist>
						<order type="number">2</order>
						<type type="string">damage</type>
					</id-00002>
					<id-00003>
						<durmod type="number">1</durmod>
						<label type="string">NOTE: Can't regain hit points</label>
						<order type="number">3</order>
						<type type="string">effect</type>
					</id-00003>
					<id-00004>
						<durmod type="number">1</durmod>
						<label type="string">[TRGT]; GRANTDISATK</label>
						<order type="number">4</order>
						<targeting type="string">self</targeting>
						<type type="string">effect</type>
					</id-00004>
				</actions>
				<cast type="number">0</cast>
				<castingtime type="string">1 action</castingtime>
				<components type="string">V, S</components>
				<description type="formattedtext">
					<p>You create a ghostly, skeletal hand in the space of a creature within range. Make a ranged spell attack against the creature to assail it with the chill of the grave. On a hit, the target takes 1d8 necrotic damage, and it can't regain hit points until the start of your next turn. Until then, the hand clings to the target.</p>
					<p>If you hit an undead target, it also has disadvantage on attack rolls against you until the end of your next turn.</p>
					<p>This spell's damage increases by 1d8 when you reach 5th level (2d8), 11th level (3d8), and 17th level (4d8).</p>
				</description>
				<duration type="string">1 round</duration>
				<group type="string">Spells</group>
				<level type="number">0</level>
				<locked type="number">1</locked>
				<name type="string">Chill Touch</name>
				<prepared type="number">0</prepared>
				<range type="string">120 feet</range>
				<school type="string">Necromancy</school>
				<source type="string">Eldritch Knight, Sorcerer, Warlock, Wizard, Arcane Trickster</source>
			</id-00002>
			<id-00003>
				<actions>
					<id-00001>
						<atktype type="string">ranged</atktype>
						<order type="number">1</order>
						<type type="string">cast</type>
					</id-00001>
					<id-00002>
						<damagelist>
							<id-00001>
								<bonus type="number">0</bonus>
								<dice type="dice">d10</dice>
								<type type="string">fire</type>
							</id-00001>
						</damagelist>
						<order type="number">2</order>
						<type type="string">damage</type>
					</id-00002>
				</actions>
				<cast type="number">0</cast>
				<castingtime type="string">1 action</castingtime>
				<components type="string">V, S</components>
				<description type="formattedtext">
					<p>You hurl a mote of fire at a creature or object within range. Make a ranged spell attack against the target. On a hit, the target takes 1d10 fire damage. A flammable object hit by this spell ignites if it isn't being worn or carried.</p>
					<p>This spell's damage increases by 1d10 when you reach 5th level (2d10), 11th level (3d10), and 17th level (4d10).</p>
				</description>
				<duration type="string">Instantaneous</duration>
				<group type="string">Spells</group>
				<level type="number">0</level>
				<locked type="number">1</locked>
				<name type="string">Fire Bolt</name>
				<prepared type="number">0</prepared>
				<range type="string">120 feet</range>
				<school type="string">Evocation</school>
				<source type="string">Eldritch Knight, Sorcerer, Wizard, Arcane Trickster</source>
			</id-00003>
			<id-00004>
				<actions>
					<id-00001>
						<apply type="string">roll</apply>
						<durmod type="number">2</durmod>
						<label type="string">[TRGT]; ADVATK; (C)</label>
						<order type="number">1</order>
						<targeting type="string">self</targeting>
						<type type="string">effect</type>
					</id-00001>
				</actions>
				<cast type="number">0</cast>
				<castingtime type="string">1 action</castingtime>
				<components type="string">S</components>
				<description type="formattedtext">
					<p>You extend your hand and point a finger at a target in range. Your magic grants you a brief insight into the target's defenses. On your next turn, you gain advantage on your first attack roll against the target, provided that this spell hasn't ended.</p>
				</description>
				<duration type="string">Concentration, up to 1 round</duration>
				<group type="string">Spells</group>
				<level type="number">0</level>
				<locked type="number">1</locked>
				<name type="string">True Strike</name>
				<prepared type="number">0</prepared>
				<range type="string">30 feet</range>
				<school type="string">Divination</school>
				<source type="string">Bard, Eldritch Knight, Sorcerer, Warlock, Wizard, Arcane Trickster</source>
			</id-00004>
			<id-00005>
				<actions>
				</actions>
				<cast type="number">0</cast>
				<castingtime type="string">1 minute</castingtime>
				<components type="string">S, M (a lead-based ink worth at least 10 gp, which the spell consumes)</components>
				<description type="formattedtext">
					<p>You write on parchment, paper, or some other suitable writing material and imbue it with a potent illusion that lasts for the duration.</p>
					<p>To you and any creatures you designate when you cast the spell, the writing appears normal, written in your hand, and conveys whatever meaning you intended when you wrote the text. To all others, the writing appears as if it were written in an unknown or magical script that is unintelligible. Alternatively, you can cause the writing to appear to be an entirely different message, written in a different hand and language, though the language must be one you know.</p>
					<p>Should the spell be dispelled, the original script and the illusion both disappear.</p>
					<p>A creature with truesight can read the hidden message.</p>
				</description>
				<duration type="string">10 days</duration>
				<group type="string">Spells</group>
				<level type="number">1</level>
				<locked type="number">1</locked>
				<name type="string">Illusory Script</name>
				<prepared type="number">1</prepared>
				<range type="string">Touch</range>
				<ritual type="number">1</ritual>
				<school type="string">Illusion</school>
				<source type="string">Bard, Eldritch Knight, Warlock, Wizard, Arcane Trickster</source>
			</id-00005>
			<id-00006>
				<actions>
					<id-00001>
						<durmod type="number">8</durmod>
						<durunit type="string">hour</durunit>
						<label type="string">AC: 3</label>
						<order type="number">1</order>
						<type type="string">effect</type>
					</id-00001>
				</actions>
				<cast type="number">0</cast>
				<castingtime type="string">1 action</castingtime>
				<components type="string">V, S, M (a piece of cured leather)</components>
				<description type="formattedtext">
					<p>You touch a willing creature who isn't wearing armor, and a protective magical force surrounds it until the spell ends. The target's base AC becomes 13 + its Dexterity modifier. The spell ends if the target dons armor or if you dismiss the spell as an action.</p>
				</description>
				<duration type="string">8 hours</duration>
				<group type="string">Spells</group>
				<level type="number">1</level>
				<locked type="number">1</locked>
				<name type="string">Mage Armor</name>
				<prepared type="number">1</prepared>
				<range type="string">Touch</range>
				<school type="string">Abjuration</school>
				<source type="string">Eldritch Knight, Eldritch Invocations, Sorcerer, Wizard, Arcane Trickster</source>
			</id-00006>
			<id-00007>
				<actions>
				</actions>
				<cast type="number">0</cast>
				<castingtime type="string">1 action</castingtime>
				<components type="string">V, S, M (a bit of fleece)</components>
				<description type="formattedtext">
					<p>You create the image of an object, a creature, or some other visible phenomenon that is no larger than a 15-foot cube. The image appears at a spot within range and lasts for the duration. The image is purely visual; it isn't accompanied by sound, smell, or other sensory effects.</p>
					<p>You can use your action to cause the image to move to any spot within range. As the image changes location, you can alter its appearance so that its movements appear natural for the image. For example, if you create an image of a creature and move it, you can alter the image so that it appears to be walking.</p>
					<p>Physical interaction with the image reveals it to be an illusion, because things can pass through it. A creature that uses its action to examine the image can determine that it is an illusion with a successful Intelligence (Investigation) check against your spell save DC. If a creature discerns the illusion for what it is, the creature can see through the image.</p>
				</description>
				<duration type="string">Concentration, up to 10 minutes</duration>
				<group type="string">Spells</group>
				<level type="number">1</level>
				<locked type="number">1</locked>
				<name type="string">Silent Image</name>
				<prepared type="number">1</prepared>
				<range type="string">60 feet</range>
				<ritual type="number">0</ritual>
				<school type="string">Illusion</school>
				<source type="string">Bard, Eldritch Knight, Eldritch Invocations, Sorcerer, Wizard, Arcane Trickster</source>
			</id-00007>
			<id-00008>
				<actions>
					<id-00001>
						<onmissdamage type="string">half</onmissdamage>
						<order type="number">1</order>
						<savetype type="string">dexterity</savetype>
						<type type="string">cast</type>
					</id-00001>
					<id-00002>
						<damagelist>
							<id-00001>
								<bonus type="number">0</bonus>
								<dice type="dice">d6,d6</dice>
								<type type="string">fire</type>
							</id-00001>
						</damagelist>
						<order type="number">2</order>
						<type type="string">damage</type>
					</id-00002>
				</actions>
				<cast type="number">0</cast>
				<castingtime type="string">1 action</castingtime>
				<components type="string">V, S, M (a bit of tallow, a pinch of brimstone, and a dusting of powdered iron)</components>
				<description type="formattedtext">
					<p>A 5-foot-diameter sphere of fire appears in an unoccupied space of your choice within range and lasts for the duration. Any creature that ends its turn within 5 feet of the sphere must make a Dexterity saving throw.</p>
					<p>The creature takes 2d6 fire damage on a failed save, or half as much damage on a successful one.</p>
					<p>As a bonus action, you can move the sphere up to 30 feet. If you ram the sphere into a creature, that creature must make the saving throw against the sphere's damage, and the sphere stops moving this turn.</p>
					<p>When you move the sphere, you can direct it over barriers up to 5 feet tall and jump it across pits up to 10 feet wide. The sphere ignites flammable objects not being worn or carried, and it sheds bright light in a 20-foot radius and dim light for an additional 20 feet.</p>
					<p><b>At Higher Levels. </b>When you cast this spell using a spell slot of 3rd level or higher, the damage increases by 1d6 for each slot level above 2nd.</p>
				</description>
				<duration type="string">Concentration, up to 1 minute</duration>
				<group type="string">Spells</group>
				<level type="number">2</level>
				<locked type="number">1</locked>
				<name type="string">Flaming Sphere</name>
				<prepared type="number">1</prepared>
				<range type="string">60 feet</range>
				<school type="string">Conjuration</school>
				<source type="string">Cleric Light Domain, Druid, Eldritch Knight, Wizard, Arcane Trickster</source>
			</id-00008>
			<id-00009>
				<actions>
					<id-00001>
						<order type="number">1</order>
						<savetype type="string">strength</savetype>
						<type type="string">cast</type>
					</id-00001>
				</actions>
				<cast type="number">0</cast>
				<castingtime type="string">1 action</castingtime>
				<components type="string">V, S, M (a legume seed)</components>
				<description type="formattedtext">
					<p>A line of strong wind 60 feet long and 10 feet wide blasts from you in a direction you choose for the spell's duration. Each creature that starts its turn in the line must succeed on a Strength saving throw or be pushed 15 feet away from you in a direction following the line. Any creature in the line must spend 2 feet of movement for every 1 foot it moves when moving closer to you.</p>
					<p>The gust disperses gas or vapor, and it extinguishes candles, torches, and similar unprotected flames in the area. It causes protected flames, such as those of lanterns, to dance wildly and has a 50 percent chance to extinguish them.</p>
					<p>As a bonus action on each of your turns before the spell ends, you can change the direction in which the line blasts from you.</p>
				</description>
				<duration type="string">Concentration, up to 1 minute</duration>
				<group type="string">Spells</group>
				<level type="number">2</level>
				<locked type="number">1</locked>
				<name type="string">Gust of Wind</name>
				<prepared type="number">1</prepared>
				<range type="string">Self (60-foot line)</range>
				<school type="string">Evocation</school>
				<source type="string">Cleric Tempest Domain, Druid, Eldritch Knight, Monk, Sorcerer, Wizard, Arcane Trickster</source>
			</id-00009>
			<id-00010>
				<actions>
					<id-00001>
						<durmod type="number">1</durmod>
						<durunit type="string">hour</durunit>
						<label type="string">ATK: 1; DMG: 1; DMGTYPE: magic; (C)</label>
						<order type="number">1</order>
						<type type="string">effect</type>
					</id-00001>
				</actions>
				<cast type="number">0</cast>
				<castingtime type="string">1 bonus action</castingtime>
				<components type="string">V, S</components>
				<description type="formattedtext">
					<p>You touch a nonmagical weapon. Until the spell ends, that weapon becomes a magic weapon with a +1 bonus to attack rolls and damage rolls.</p>
					<p><b>At Higher Levels. </b>When you cast this spell using a spell slot of 4th level or higher, the bonus increases to +2. When you use a spell slot of 6th level or higher, the bonus increases to +3.</p>
				</description>
				<duration type="string">Concentration, up to 1 hour</duration>
				<group type="string">Spells</group>
				<level type="number">2</level>
				<locked type="number">1</locked>
				<name type="string">Magic Weapon</name>
				<prepared type="number">1</prepared>
				<range type="string">Touch</range>
				<school type="string">Transmutation</school>
				<source type="string">Cleric War Domain, Eldritch Knight, Paladin, Wizard, Arcane Trickster</source>
			</id-00010>
			<id-00011>
				<actions>
				</actions>
				<cast type="number">0</cast>
				<castingtime type="string">1 action</castingtime>
				<components type="string">V, S</components>
				<description type="formattedtext">
					<p>Three illusory duplicates of yourself appear in your space. Until the spell ends, the duplicates move with you and mimic your actions, shifting position so it's impossible to track which image is real. You can use your action to dismiss the illusory duplicates.</p>
					<p>Each time a creature targets you with an attack during the spell's duration, roll a d20 to determine whether the attack instead targets one of your duplicates.</p>
					<p>If you have three duplicates, you must roll a6 or higher to change the attack's target to a duplicate. With two duplicates, you must roll an 8 or higher. With one duplicate, you must roll an 11 or higher.</p>
					<p>A duplicate's AC equals 10 + your Dexterity modifier. If an attack hits a duplicate, the duplicate is destroyed. A duplicate can be destroyed only by an attack that hits it.</p>
					<p>It ignores all other damage and effects. The spell ends when all three duplicates are destroyed.</p>
					<p>A creature is unaffected by this spell if it can't see, if it relies on senses other than sight, such as blindsight, or if it can perceive illusions as false, as with truesight.</p>
				</description>
				<duration type="string">1 minute</duration>
				<group type="string">Spells</group>
				<level type="number">2</level>
				<locked type="number">1</locked>
				<name type="string">Mirror Image</name>
				<prepared type="number">1</prepared>
				<range type="string">Self</range>
				<school type="string">Illusion</school>
				<source type="string">Cleric Trickery Domain, Druid Coast Circle, Eldritch Knight, Sorcerer, Warlock, Wizard, Arcane Trickster</source>
			</id-00011>
			<id-00012>
				<actions>
				</actions>
				<cast type="number">0</cast>
				<castingtime type="string">1 bonus action</castingtime>
				<components type="string">V</components>
				<description type="formattedtext">
					<p>Briefly surrounded by silvery mist, you teleport up to 30 feet to an unoccupied space that you can see.</p>
				</description>
				<duration type="string">Instantaneous</duration>
				<group type="string">Spells</group>
				<level type="number">2</level>
				<locked type="number">1</locked>
				<name type="string">Misty Step</name>
				<prepared type="number">1</prepared>
				<range type="string">Self</range>
				<school type="string">Conjuration</school>
				<source type="string">Druid Coast Circle, Eldritch Knight, Sorcerer, Warlock, Wizard, Arcane Trickster</source>
			</id-00012>
		</powers>
		<profbonus type="number">2</profbonus>
		<proficiencylist>
			<id-00001>
				<name type="string">Weapon: Daggers, darts, slings, quarterstaffs, light crossbows</name>
			</id-00001>
		</proficiencylist>
		<race type="string">Rock Gnome</race>
		<racelink type="windowreference">
			<class>reference_race</class>
			<recordname>reference.racedata.gnome@DD PHB Deluxe</recordname>
		</racelink>
		<senses type="string">Darkvision 60</senses>
		<size type="string">Small</size>
		<skilllist>
			<id-00001>
				<misc type="number">0</misc>
				<name type="string">Perception</name>
				<prof type="number">0</prof>
				<stat type="string">wisdom</stat>
				<total type="number">2</total>
			</id-00001>
			<id-00002>
				<misc type="number">0</misc>
				<name type="string">Arcana</name>
				<prof type="number">1</prof>
				<stat type="string">intelligence</stat>
				<total type="number">3</total>
			</id-00002>
			<id-00003>
				<misc type="number">0</misc>
				<name type="string">History</name>
				<prof type="number">1</prof>
				<stat type="string">intelligence</stat>
				<total type="number">3</total>
			</id-00003>
			<id-00004>
				<misc type="number">0</misc>
				<name type="string">Persuasion</name>
				<prof type="number">0</prof>
				<stat type="string">charisma</stat>
				<total type="number">1</total>
			</id-00004>
			<id-00005>
				<misc type="number">0</misc>
				<name type="string">Nature</name>
				<prof type="number">0</prof>
				<stat type="string">intelligence</stat>
				<total type="number">1</total>
			</id-00005>
			<id-00006>
				<misc type="number">0</misc>
				<name type="string">Medicine</name>
				<prof type="number">0</prof>
				<stat type="string">wisdom</stat>
				<total type="number">2</total>
			</id-00006>
			<id-00007>
				<misc type="number">0</misc>
				<name type="string">Survival</name>
				<prof type="number">0</prof>
				<stat type="string">wisdom</stat>
				<total type="number">2</total>
			</id-00007>
			<id-00008>
				<misc type="number">0</misc>
				<name type="string">Performance</name>
				<prof type="number">0</prof>
				<stat type="string">charisma</stat>
				<total type="number">1</total>
			</id-00008>
			<id-00009>
				<misc type="number">0</misc>
				<name type="string">Acrobatics</name>
				<prof type="number">0</prof>
				<stat type="string">dexterity</stat>
				<total type="number">2</total>
			</id-00009>
			<id-00010>
				<misc type="number">0</misc>
				<name type="string">Religion</name>
				<prof type="number">0</prof>
				<stat type="string">intelligence</stat>
				<total type="number">1</total>
			</id-00010>
			<id-00011>
				<misc type="number">0</misc>
				<name type="string">Athletics</name>
				<prof type="number">0</prof>
				<stat type="string">strength</stat>
				<total type="number">0</total>
			</id-00011>
			<id-00012>
				<misc type="number">0</misc>
				<name type="string">Sleight of Hand</name>
				<prof type="number">0</prof>
				<stat type="string">dexterity</stat>
				<total type="number">2</total>
			</id-00012>
			<id-00013>
				<misc type="number">0</misc>
				<name type="string">Insight</name>
				<prof type="number">1</prof>
				<stat type="string">wisdom</stat>
				<total type="number">4</total>
			</id-00013>
			<id-00014>
				<misc type="number">0</misc>
				<name type="string">Intimidation</name>
				<prof type="number">0</prof>
				<stat type="string">charisma</stat>
				<total type="number">1</total>
			</id-00014>
			<id-00015>
				<misc type="number">0</misc>
				<name type="string">Deception</name>
				<prof type="number">0</prof>
				<stat type="string">charisma</stat>
				<total type="number">1</total>
			</id-00015>
			<id-00016>
				<misc type="number">0</misc>
				<name type="string">Investigation</name>
				<prof type="number">1</prof>
				<stat type="string">intelligence</stat>
				<total type="number">3</total>
			</id-00016>
			<id-00017>
				<misc type="number">0</misc>
				<name type="string">Stealth</name>
				<prof type="number">0</prof>
				<stat type="string">dexterity</stat>
				<total type="number">2</total>
			</id-00017>
			<id-00018>
				<misc type="number">0</misc>
				<name type="string">Animal Handling</name>
				<prof type="number">0</prof>
				<stat type="string">wisdom</stat>
				<total type="number">2</total>
			</id-00018>
		</skilllist>
		<speed>
			<armor type="number">0</armor>
			<base type="number">25</base>
			<misc type="number">0</misc>
			<temporary type="number">0</temporary>
			<total type="number">25</total>
		</speed>
		<temp>
		</temp>
		<token type="token"></token>
		<traitlist>
			<id-00001>
				<locked type="number">1</locked>
				<name type="string">Gnome Cunning</name>
				<source type="string">Gnome</source>
				<text type="formattedtext">
					<p>You have advantage on all Intelligence, Wisdom, and Charisma saving throws against magic.</p>
				</text>
				<type type="string">racial</type>
			</id-00001>
			<id-00002>
				<locked type="number">1</locked>
				<name type="string">Artificer's Lore</name>
				<source type="string">Rock Gnome</source>
				<text type="formattedtext">
					<p>Whenever you make an Intelligence (History) check related to magic items, alchemical objects, or technological devices, you can add twice your proficiency bonus, instead of any proficiency bonus you normally apply.</p>
				</text>
				<type type="string">subracial</type>
			</id-00002>
			<id-00003>
				<locked type="number">1</locked>
				<name type="string">Tinker</name>
				<source type="string">Rock Gnome</source>
				<text type="formattedtext">
					<p>You have proficiency with artisan's tools (tinker's tools). Using those tools, you can spend 1 hour and 10 gp worth of materials to construct a Tiny clockwork device (AC 5, 1 hp). The device ceases to function after 24 hours, or when you use your action to dismantle it; at that time, you can reclaim the materials used to create it. You can have up to three such devices active at a time.</p>
					<p>When you create a device, choose one of the following options.</p>
					<p>Clockwork Toy. This toy is a clockwork animal or person, such as a frog, mouse, bird, or soldier. When placed on the ground, the toy moves 5 feet across the ground on each of your turns in a random direction. It makes noises as appropriate to the creature it represents.</p>
					<p>Fire Starter. The device produces a miniature flame, which you can use to light a candle, torch, or campfire. Using the device requires your action.</p>
					<p>Music Box. When opened, this music box plays a single song at a moderate volume. The box stops playing when it reaches the song's end or when it is closed.</p>
				</text>
				<type type="string">subracial</type>
			</id-00003>
		</traitlist>
		<weaponlist>
			<id-00001>
				<attackbonus type="number">0</attackbonus>
				<attackstat type="string">dexterity</attackstat>
				<carried type="number">2</carried>
				<damagelist>
					<id-00001>
						<bonus type="number">0</bonus>
						<dice type="dice">d4</dice>
						<stat type="string">dexterity</stat>
						<type type="string">piercing</type>
					</id-00001>
				</damagelist>
				<isidentified type="number">1</isidentified>
				<maxammo type="number">0</maxammo>
				<name type="string">Dagger</name>
				<prof type="number">1</prof>
				<shortcut type="windowreference">
					<class>item</class>
					<recordname>....inventorylist.id-00001</recordname>
				</shortcut>
				<type type="number">0</type>
			</id-00001>
			<id-00002>
				<attackbonus type="number">0</attackbonus>
				<attackstat type="string">dexterity</attackstat>
				<carried type="number">2</carried>
				<damagelist>
					<id-00001>
						<bonus type="number">0</bonus>
						<dice type="dice">d4</dice>
						<stat type="string">dexterity</stat>
						<type type="string">piercing</type>
					</id-00001>
				</damagelist>
				<isidentified type="number">1</isidentified>
				<maxammo type="number">0</maxammo>
				<name type="string">Dagger</name>
				<prof type="number">1</prof>
				<shortcut type="windowreference">
					<class>item</class>
					<recordname>....inventorylist.id-00001</recordname>
				</shortcut>
				<type type="number">2</type>
			</id-00002>
		</weaponlist>
		<weight type="string">34</weight>
	</character>
</root>
