<?xml version="1.0" encoding="iso-8859-1"?>
<root version="3.3" release="8|CoreRPG:3">
	<character>
		<abilities>
			<charisma>
				<bonus type="number">1</bonus>
				<save type="number">1</save>
				<savemodifier type="number">0</savemodifier>
				<saveprof type="number">0</saveprof>
				<score type="number">12</score>
			</charisma>
			<constitution>
				<bonus type="number">2</bonus>
				<save type="number">4</save>
				<savemodifier type="number">0</savemodifier>
				<saveprof type="number">1</saveprof>
				<score type="number">14</score>
			</constitution>
			<dexterity>
				<bonus type="number">2</bonus>
				<save type="number">2</save>
				<savemodifier type="number">0</savemodifier>
				<saveprof type="number">0</saveprof>
				<score type="number">14</score>
			</dexterity>
			<intelligence>
				<bonus type="number">1</bonus>
				<save type="number">1</save>
				<savemodifier type="number">0</savemodifier>
				<saveprof type="number">0</saveprof>
				<score type="number">12</score>
			</intelligence>
			<strength>
				<bonus type="number">2</bonus>
				<save type="number">4</save>
				<savemodifier type="number">0</savemodifier>
				<saveprof type="number">1</saveprof>
				<score type="number">15</score>
			</strength>
			<wisdom>
				<bonus type="number">1</bonus>
				<save type="number">1</save>
				<savemodifier type="number">0</savemodifier>
				<saveprof type="number">0</saveprof>
				<score type="number">13</score>
			</wisdom>
		</abilities>
		<adventurelist>
			<id-00001>
				<date type="string">9/3/2017</date>
				<dmname type="string">Jeremiah Burnell 2209543583</dmname>
				<earndt type="string">10</earndt>
				<earngold type="string">77</earngold>
				<earnmagic type="string">1</earnmagic>
				<earnrenown type="string">1</earnrenown>
				<earnxp type="string">490</earnxp>
				<locked type="number">1</locked>
				<name type="string">DDEX01-02: Secrets of Sokol Keep</name>
				<sessionno type="string">2</sessionno>
				<startdt type="string">0</startdt>
				<startgold type="string">14</startgold>
				<startmagic type="string">0</startmagic>
				<startrenown type="string">0</startrenown>
				<startxp type="string">20</startxp>
				<text type="formattedtext">
					<p>Recieved Wand of Magic Detection from the end of this session.</p>
				</text>
				<totaldt type="string">10</totaldt>
				<totalgold type="string">91</totalgold>
				<totalmagic type="string">1</totalmagic>
				<totalrenown type="string">1</totalrenown>
				<totalxp type="string">510</totalxp>
			</id-00001>
			<id-00002>
				<date type="string">9/2/17</date>
				<dmname type="string">Jeremiah Burnell 2209543583</dmname>
				<earndt type="string">0</earndt>
				<earngold type="string">6</earngold>
				<earnmagic type="string">0</earnmagic>
				<earnrenown type="string">0</earnrenown>
				<earnxp type="string">20</earnxp>
				<locked type="number">1</locked>
				<name type="string">DDEX01-02: Secrets of Sokol Keep</name>
				<sessionno type="string">1</sessionno>
				<startdt type="string">0</startdt>
				<startgold type="string">8</startgold>
				<startmagic type="string">0</startmagic>
				<startrenown type="string">0</startrenown>
				<startxp type="string">0</startxp>
				<text type="formattedtext">
					<p></p>
				</text>
				<totaldt type="string">0</totaldt>
				<totalgold type="string">14</totalgold>
				<totalmagic type="string">0</totalmagic>
				<totalrenown type="string">0</totalrenown>
				<totalxp type="string">20</totalxp>
			</id-00002>
			<id-00003>
				<date type="string">9/08/17</date>
				<dmname type="string">Jeremiah Burnell 2209543583</dmname>
				<earndt type="string">10</earndt>
				<earngold type="string">75</earngold>
				<earnmagic type="string">0</earnmagic>
				<earnrenown type="string">2</earnrenown>
				<earnxp type="string">600</earnxp>
				<locked type="number">1</locked>
				<name type="string">DDEX01-03: Shadow Over Moonsea</name>
				<sessionno type="string">1</sessionno>
				<startdt type="string">10</startdt>
				<startgold type="string">91</startgold>
				<startmagic type="string">1</startmagic>
				<startrenown type="string">1</startrenown>
				<startxp type="string">510</startxp>
				<text type="formattedtext">
					<p></p>
				</text>
				<totaldt type="string">20</totaldt>
				<totalgold type="string">166</totalgold>
				<totalmagic type="string">1</totalmagic>
				<totalrenown type="string">3</totalrenown>
				<totalxp type="string">1110</totalxp>
			</id-00003>
			<id-00004>
				<date type="string">9/17/17</date>
				<dmname type="string">Jeremiah Burnell 2209543583</dmname>
				<earndt type="string">10</earndt>
				<earngold type="string">52</earngold>
				<earnmagic type="string">1</earnmagic>
				<earnrenown type="string">1</earnrenown>
				<earnxp type="string">450</earnxp>
				<locked type="number">0</locked>
				<name type="string">DDEX01-05: The Courting of Fire</name>
				<sessionno type="string">1</sessionno>
				<startdt type="string">20</startdt>
				<startgold type="string">166</startgold>
				<startmagic type="string">1</startmagic>
				<startrenown type="string">3</startrenown>
				<startxp type="string">1110</startxp>
				<text type="formattedtext">
					<p>Scroll of Flame blade</p>
				</text>
				<totaldt type="string">30</totaldt>
				<totalgold type="string">210.75</totalgold>
				<totalmagic type="string">2</totalmagic>
				<totalrenown type="string">4</totalrenown>
				<totalxp type="string">1560</totalxp>
			</id-00004>
		</adventurelist>
		<age type="string">65</age>
		<alignment type="string">Lawful Good</alignment>
		<background type="string">Soldier</background>
		<backgroundlink type="windowreference">
			<class>reference_background</class>
			<recordname>reference.backgrounddata.soldier@DD PHB Deluxe</recordname>
		</backgroundlink>
		<bonds type="string">I'll never forget the crushing defeat of my company</bonds>
		<classes>
			<id-00001>
				<casterlevelinvmult type="number">0</casterlevelinvmult>
				<casterpactmagic type="number">0</casterpactmagic>
				<hddie type="dice">d10</hddie>
				<hdused type="number">1</hdused>
				<level type="number">3</level>
				<name type="string">Fighter</name>
				<shortcut type="windowreference">
					<class>reference_class</class>
					<recordname>reference.classdata.fighter@DD PHB Deluxe</recordname>
				</shortcut>
			</id-00001>
		</classes>
		<coins>
			<slot1>
				<amount type="number">225</amount>
				<name type="string">GP</name>
			</slot1>
			<slot2>
				<amount type="number">20</amount>
				<name type="string">SP</name>
			</slot2>
			<slot3>
				<amount type="number">0</amount>
				<name type="string">EP</name>
			</slot3>
			<slot4>
				<amount type="number">18</amount>
				<name type="string">CP</name>
			</slot4>
			<slot5>
				<amount type="number">0</amount>
			</slot5>
			<slot6>
				<amount type="number">0</amount>
			</slot6>
		</coins>
		<dci type="string">5214-041-877</dci>
		<defenses>
			<ac>
				<armor type="number">6</armor>
				<dexbonus type="string">no</dexbonus>
				<disstealth type="number">1</disstealth>
				<misc type="number">0</misc>
				<prof type="number">1</prof>
				<shield type="number">0</shield>
				<temporary type="number">0</temporary>
				<total type="number">16</total>
			</ac>
		</defenses>
		<encumbrance>
			<encumbered type="number">75</encumbered>
			<encumberedheavy type="number">150</encumberedheavy>
			<liftpushdrag type="number">450</liftpushdrag>
			<load type="number">139.2</load>
			<max type="number">225</max>
		</encumbrance>
		<exp type="number">410</exp>
		<expneeded type="number">400</expneeded>
		<faction type="string">Lords Alliance</faction>
		<featlist>
		</featlist>
		<featurelist>
			<id-00001>
				<locked type="number">1</locked>
				<name type="string">Military Rank Valkyrie Calvary</name>
				<source type="string">Soldier</source>
				<text type="formattedtext">
					<p>You have a military rank from your career as a soldier.</p>
					<p>Soldiers loyal to your former military organization still recognize your authority and influence, and they defer to you if they are of a lower rank. You can invoke your rank to exert influence over other soldiers and requisition simple equipment or horses for temporary use. You can also usually gain access to friendly military encampments and fortresses where your rank is recognized.</p>
				</text>
			</id-00001>
			<id-00002>
				<level type="number">1</level>
				<locked type="number">1</locked>
				<name type="string">Second Wind</name>
				<source type="string">Fighter</source>
				<text type="formattedtext">
					<p>You have a limited well of stamina that you can draw on to protect yourself from harm. On your turn, you can use a bonus action to regain hit points equal to 1d10 + your fighter level.</p>
					<p>Once you use this feature, you must finish a short or long rest before you can use it again.</p>
				</text>
			</id-00002>
			<id-00003>
				<level type="number">1</level>
				<locked type="number">0</locked>
				<name type="string">Fighting Style (Two-Wepon Fighting) add abi mod to the dmg of 2nd attack</name>
				<source type="string">Fighter</source>
				<text type="formattedtext">
					<p>You adopt a particular style of fighting as your specialty. Choose one of the following options. You can't take a Fighting Style option more than once, even if you later get to choose again.</p>
					<p><b>Archery</b></p>
					<p>You gain a +2 bonus to attack rolls you make with ranged weapons.</p>
					<p><b>Defense</b></p>
					<p>While you are wearing armor, you gain a +1 bonus to AC.</p>
					<p><b>Dueling</b></p>
					<p>When you are wielding a melee weapon in one hand and no other weapons, you gain a +2 bonus to damage rolls with that weapon.</p>
					<p><b>Great Weapon Fighting</b></p>
					<p>When you roll a 1 or 2 on a damage die for an attack you make with a melee weapon that you are wielding with two hands, you can reroll the die and must use the new roll, even if the new roll is a 1 or a 2. The weapon must have the two-handed or versatile property for you to gain this benefit.</p>
					<p><b>Protection</b></p>
					<p>When a creature you can see attacks a target other than you that is within 5 feet of you, you can use your reaction to impose disadvantage on the attack roll. You must be wielding a shield.</p>
					<p><b>Two-Weapon Fighting</b></p>
					<p>When you engage in two-weapon fighting, you can add your ability modifier to the damage of the second attack.</p>
				</text>
			</id-00003>
			<id-00004>
				<level type="number">2</level>
				<locked type="number">1</locked>
				<name type="string">Action Surge</name>
				<source type="string">Fighter</source>
				<text type="formattedtext">
					<p>Starting at 2nd level, you can push yourself beyond your normal limits for a moment. On your turn, you can take one additional action on top of your regular action and a possible bonus action.</p>
					<p>Once you use this feature, you must finish a short or long rest before you can use it again. Starting at 17th level, you can use it twice before a rest, but only once on the same turn.</p>
				</text>
			</id-00004>
			<id-00005>
				<level type="number">1</level>
				<locked type="number">1</locked>
				<name type="string">Battle Master</name>
				<source type="string">Fighter</source>
				<text type="formattedtext">
					<p>Those who emulate the archetypal Battle Master employ martial techniques passed down through generations. To a Battle Master, combat is an academic field, sometimes including subjects beyond battle such as weapon smithing and calligraphy. Not every fighter absorbs the lessons of history, theory, and artistry that are reflected in the Battle Master archetype, but those who do are well-rounded fighters of great skill and knowledge.</p>
					<h>Features</h>
					<linklist>
						<link class="reference_classfeature" recordname="reference.classdata.fighter.features.combatsuperiority3@DD PHB Deluxe">Combat Superiority</link>
						<link class="reference_classfeature" recordname="reference.classdata.fighter.features.studentofwar3@DD PHB Deluxe">Student of War</link>
						<link class="reference_classfeature" recordname="reference.classdata.fighter.features.knowyourenemy7@DD PHB Deluxe">Know Your Enemy</link>
						<link class="reference_classfeature" recordname="reference.classdata.fighter.features.improvedcombatsuperiority10@DD PHB Deluxe">Improved Combat Superiority</link>
						<link class="reference_classfeature" recordname="reference.classdata.fighter.features.relentless15@DD PHB Deluxe">Relentless</link>
					</linklist>
				</text>
			</id-00005>
			<id-00006>
				<level type="number">3</level>
				<locked type="number">1</locked>
				<name type="string">Student of War</name>
				<source type="string">Fighter</source>
				<specialization type="string">Battle Master</specialization>
				<text type="formattedtext">
					<p>At 3rd level, you gain proficiency with one type of artisan's tools of your choice.</p>
				</text>
			</id-00006>
			<id-00007>
				<level type="number">3</level>
				<locked type="number">1</locked>
				<name type="string">Combat Superiority(Disarming Attack, Precision Attack, Feinting Attack)</name>
				<source type="string">Fighter</source>
				<specialization type="string">Battle Master</specialization>
				<text type="formattedtext">
					<p>When you choose this archetype at 3rd level, you learn maneuvers that are fueled by special dice called superiority dice.</p>
					<p><b>Maneuvers. </b>You learn three maneuvers of your choice, which are detailed under &#34;Maneuvers&#34; below. Many maneuvers enhance an attack in some way. You can use only one maneuver per attack.</p>
					<p>You learn two additional maneuvers of your choice at 7th, 10th, and 15th level. Each time you learn new maneuvers, you can also replace one maneuver you know with a different one.</p>
					<p><b>Maneuvers</b></p>
					<p>The maneuvers are presented in alphabetical order.</p>
					<table>
						<tr>
							<td><b>Maneuver</b></td>
							<td colspan="3"><b>Description</b></td>
						</tr>
						<tr>
							<td><b>Commander's Strike</b></td>
							<td colspan="3">When you take the Attack action on your turn, you can forgo one of your attacks and use a bonus action to direct one of your companions to strike. When you do so, choose a friendly creature who can see or hear you and expend one superiority die. That creature can immediately use its reaction to make one weapon attack, adding the superiority die to the attack's damage roll.</td>
						</tr>
						<tr>
							<td><b>Disarming Attack</b></td>
							<td colspan="3">When you hit a creature with a weapon attack, you can expend one superiority die to attempt to disarm the target, forcing it to drop one item of your choice that it's holding. You add the superiority die to the attack's damage roll, and the target must make a Strength saving throw. On a failed save, it drops the object you choose. The object lands at its feet.</td>
						</tr>
						<tr>
							<td><b>Distracting Strike</b></td>
							<td colspan="3">When you hit a creature with a weapon attack, you can expend one superiority die to distract the creature, giving your allies an opening. You add the superiority die to the attack's damage roll. The next attack roll against the target by an attacker other than you has advantage if the attack is made before the start of your next turn.</td>
						</tr>
						<tr>
							<td><b>Evasive Footwork</b></td>
							<td colspan="3">When you move, you can expend one superiority die, rolling the die and adding the number rolled to your AC until you stop moving.</td>
						</tr>
						<tr>
							<td><b>Feinting Attack.</b></td>
							<td colspan="3">You can expend one superiority die and use a bonus action on your turn to feint, choosing one creature within 5 feet of you as your target. You have advantage on your next attack roll against that creature. If that attack hits, add the superiority die to the attack's damage roll. The advantage is lost if not used on the turn you gain it.</td>
						</tr>
						<tr>
							<td><b>Goading Attack</b></td>
							<td colspan="3">When you hit a creature with a weapon attack, you can expend one superiority die to attempt to goad the target into attacking you. You add the superiority die to the attack's damage roll, and the target must make a Wisdom saving throw. On a failed save, the target has disadvantage on all attack rolls against targets other than you until the end of your next turn.</td>
						</tr>
						<tr>
							<td><b>Lunging Attack</b></td>
							<td colspan="3">When you make a melee weapon attack on your turn, you can expend one superiority die to increase your reach for that attack by 5 feet. If you hit, you add the superiority die to the attack's damage roll.</td>
						</tr>
						<tr>
							<td><b>Maneuvering Attack</b></td>
							<td colspan="3">When you hit a creature with a weapon attack, you can expend one superiority die to maneuver one of your comrades into a more advantageous position. You add the superiority die to the attack's damage roll, and you choose a friendly creature who can see or hear you. That creature can use its reaction to move up to half its speed without provoking opportunity attacks from the target of your attack.</td>
						</tr>
						<tr>
							<td><b>Menacing Attack</b></td>
							<td colspan="3">When you hit a creature with a weapon attack, you can expend one superiority die to attempt to frighten the target. You add the superiority die to the attack's damage roll, and the target must make a Wisdom saving throw. On a failed save, it is frightened of you until the end of your next turn.</td>
						</tr>
						<tr>
							<td><b>Parry</b></td>
							<td colspan="3">When another creature damages you with a melee attack, you can use your reaction and expend one superiority die to reduce the damage by the number you roll on your superiority die + your Dexterity modifier.</td>
						</tr>
						<tr>
							<td><b>Precision Attack</b></td>
							<td colspan="3">When you make a weapon attack roll against a creature, you can expend one superiority die to add it to the roll. You can use this maneuver before or after making the attack roll, but before any effects of the attack are applied.</td>
						</tr>
						<tr>
							<td><b>Pushing Attack</b></td>
							<td colspan="3">When you hit a creature with a weapon attack, you can expend one superiority die to attempt to drive the target back. You add the superiority die to the attack's damage roll, and if the target is Large or smaller, it must make a Strength saving throw. On a failed save, you push the target up to 15 feet away from you.</td>
						</tr>
						<tr>
							<td><b>Rally</b></td>
							<td colspan="3">On your turn, you can use a bonus action and expend one superiority die to bolster the resolve of one of your companions. When you do so, choose a friendly creature who can see or hear you. That creature gains temporary hit points equal to the superiority die roll + your Charisma modifier.</td>
						</tr>
						<tr>
							<td><b>Riposte</b></td>
							<td colspan="3">When a creature misses you with a melee attack, you can use your reaction and expend one superiority die to make a melee weapon attack against the creature. If you hit, you add the superiority die to the attack's damage roll.</td>
						</tr>
						<tr>
							<td><b>Sweeping Attack</b></td>
							<td colspan="3">When you hit a creature with a melee weapon attack, you can expend one superiority die to attempt to damage another creature with the same attack. Choose another creature within 5 feet of the original target and within your reach. If the original attack roll would hit the second creature, it takes damage equal to the number you roll on your superiority die. The damage is of the same type dealt by the original attack.</td>
						</tr>
						<tr>
							<td><b>Trip Attack</b></td>
							<td colspan="3">When you hit a creature with a weapon attack, you can expend one superiority die to attempt to knock the target down. You add the superiority die to the attack's damage roll, and if the target is Large or smaller, it must make a Strength saving throw. On a failed save, you knock the target prone.</td>
						</tr>
					</table>
					<p><b>Superiority Dice. </b>You have four superiority dice, which are d8s. A superiority die is expended when you use it. You regain all of your expended superiority dice when you finish a short or long rest.</p>
					<p>You gain another superiority die at 7th level and one more at 15th level.</p>
					<p><b>Saving Throws. </b>Some of your maneuvers require your target to make a saving throw to resist the maneuver's effects. The saving throw DC is calculated as follows:</p>
					<p><b>Maneuver save DC </b>= 8 + your proficiency bonus + your Strength or Dexterity modifier (your choice)</p>
				</text>
			</id-00007>
		</featurelist>
		<flaws type="string">I made a terrible mistake in battle that cost many lives-and I would do anything to keep that mistake secret.</flaws>
		<gender type="string">Male</gender>
		<height type="string">6'1''</height>
		<hp>
			<deathsavefail type="number">0</deathsavefail>
			<deathsavesuccess type="number">0</deathsavesuccess>
			<temporary type="number">0</temporary>
			<total type="number">28</total>
			<wounds type="number">0</wounds>
		</hp>
		<ideals type="string">Greater Good. Our lot is to lay down our lives in defense of others.</ideals>
		<initiative>
			<misc type="number">0</misc>
			<temporary type="number">0</temporary>
			<total type="number">2</total>
		</initiative>
		<inspiration type="number">0</inspiration>
		<inventorylist>
			<id-00001>
				<ac type="number">16</ac>
				<carried type="number">2</carried>
				<cost type="string">75 gp</cost>
				<count type="number">1</count>
				<description type="formattedtext">
					<p>Of all the armor categories, heavy armor offers the best protection. These suits of armor cover the entire body and are designed to stop a wide range of attacks. Only proficient warriors can manage their weight and bulk.</p>
					<p>Made of interlocking metal rings, chain mail includes a layer of quilted fabric worn underneath the mail to prevent chafing and to cushion the impact of blows. The suit includes gauntlets.</p>
				</description>
				<dexbonus type="string">-</dexbonus>
				<isidentified type="number">1</isidentified>
				<locked type="number">1</locked>
				<name type="string">Chain Mail</name>
				<stealth type="string">Disadvantage</stealth>
				<strength type="string">Str 13</strength>
				<subtype type="string">Heavy Armor</subtype>
				<type type="string">Armor</type>
				<weight type="number">55</weight>
			</id-00001>
			<id-00002>
				<ac type="number">0</ac>
				<bonus type="number">0</bonus>
				<carried type="number">1</carried>
				<cost type="string">192 gp</cost>
				<count type="number">1</count>
				<description type="formattedtext">
					<h>Description</h>
					<linklist>
						<link class="reference_spell" recordname="reference.spelldata.flameblade@*">Spell: Flame Blade</link>
						<link class="imagewindow" recordname="reference.imagedata.img_spell_scroll_jpg@*">Image: Spell Scrolls</link>
					</linklist>
					<p>This spell scroll bears the words of a single spell, <i>Flame Blade </i>, written in a mystical cipher. If the spell is on your class's spell list, you can read the scroll and cast its spell without providing any material components. Otherwise, the scroll is unintelligible. Casting the spell by reading the scroll requires the spell's normal casting time. Once the spell is cast, the words on the scroll fade, and it crumbles to dust. If the casting is interrupted, the scroll is not lost.</p>
					<p>If the spell is on your class's spell list but of a higher level than you can normally cast, you must make an ability check using your spellcasting ability to determine whether you cast it successfully. The DC equals 10 + the spell's level. On a failed check, the spell disappears from the scroll with no other effect.</p>
					<p>Once the spell is cast, the words on the scroll fade, and the scroll itself crumbles to dust.</p>
					<p>This spell scroll's saving throw DC 13 and attack bonus +5.</p>
					<p>A wizard spell on a spell scroll can be copied just as spells in spellbooks can be copied. When a spell is copied from a spell scroll, the copier must succeed on an Intelligence (Arcana) check with a DC equal to 10 + the spell's level. If the check succeeds, the spell is successfully copied. Whether the check succeeds or fails, the spell scroll is destroyed.</p>
				</description>
				<isidentified type="number">1</isidentified>
				<istemplate type="number">1</istemplate>
				<locked type="number">1</locked>
				<name type="string">Scroll of Flame Blade</name>
				<nonid_name type="string">Elegant Scroll</nonid_name>
				<nonidentified type="string">The materials used in this scroll are of very high quality and the writing is precise and done with a great deal of care and attention to detail.</nonidentified>
				<rarity type="string">Uncommon</rarity>
				<spells>
					<id-00001>
						<link type="windowreference">
							<class>reference_spell</class>
							<recordname>reference.spelldata.flameblade@*</recordname>
						</link>
						<name type="string">Flame Blade</name>
					</id-00001>
				</spells>
				<type type="string">Scroll</type>
				<weight type="number">2</weight>
			</id-00002>
			<id-00003>
				<carried type="number">2</carried>
				<cost type="string">10 gp</cost>
				<count type="number">2</count>
				<damage type="string">1d6 piercing</damage>
				<isidentified type="number">1</isidentified>
				<locked type="number">1</locked>
				<name type="string">Shortsword</name>
				<properties type="string">Finesse, light</properties>
				<subtype type="string">Martial Weapons</subtype>
				<type type="string">Weapon</type>
				<weight type="number">2</weight>
			</id-00003>
			<id-00004>
				<ac type="number">0</ac>
				<bonus type="number">0</bonus>
				<carried type="number">2</carried>
				<cost type="string">5 gp</cost>
				<count type="number">2</count>
				<damage type="string">1d6 slashing</damage>
				<description type="formattedtext">
					<p></p>
				</description>
				<isidentified type="number">1</isidentified>
				<istemplate type="number">0</istemplate>
				<location type="string">belt</location>
				<locked type="number">1</locked>
				<name type="string">Handaxe</name>
				<properties type="string">Light, thrown (range 20/60)</properties>
				<subtype type="string">Simple Melee Weapons</subtype>
				<type type="string">Weapon</type>
				<weight type="number">2</weight>
			</id-00004>
			<id-00005>
				<carried type="number">2</carried>
				<cost type="string">5 gp</cost>
				<count type="number">1</count>
				<isidentified type="number">1</isidentified>
				<locked type="number">1</locked>
				<name type="string">Helm (Trophy taken from enemy)</name>
				<subtype type="string">Standard</subtype>
				<type type="string">Adventuring Gear</type>
				<weight type="number">1</weight>
			</id-00005>
			<id-00006>
				<carried type="number">1</carried>
				<cost type="string">5 cp</cost>
				<count type="number">10</count>
				<isidentified type="number">1</isidentified>
				<location type="string">pack</location>
				<locked type="number">1</locked>
				<name type="string">Piton</name>
				<subtype type="string">Standard</subtype>
				<type type="string">Adventuring Gear</type>
				<weight type="number">0.25</weight>
			</id-00006>
			<id-00007>
				<carried type="number">1</carried>
				<cost type="string">5 sp</cost>
				<count type="number">10</count>
				<description type="formattedtext">
					<p>Rations consist of dry foods suitable for extended travel, including jerky, dried fruit, hardtack, and nuts.</p>
				</description>
				<isidentified type="number">1</isidentified>
				<location type="string">pack</location>
				<locked type="number">1</locked>
				<name type="string">Rations (1 Day)</name>
				<subtype type="string">Standard</subtype>
				<type type="string">Adventuring Gear</type>
				<weight type="number">2</weight>
			</id-00007>
			<id-00008>
				<carried type="number">1</carried>
				<cost type="string">2 sp</cost>
				<count type="number">1</count>
				<isidentified type="number">1</isidentified>
				<location type="string">pack</location>
				<locked type="number">1</locked>
				<name type="string">Waterskin</name>
				<subtype type="string">Standard</subtype>
				<type type="string">Adventuring Gear</type>
				<weight type="number">5</weight>
			</id-00008>
			<id-00009>
				<carried type="number">1</carried>
				<cost type="string">2 gp</cost>
				<count type="number">1</count>
				<isidentified type="number">1</isidentified>
				<locked type="number">1</locked>
				<name type="string">Pack</name>
				<subtype type="string">Standard</subtype>
				<type type="string">Adventuring Gear</type>
				<weight type="number">5</weight>
			</id-00009>
			<id-00010>
				<carried type="number">1</carried>
				<cost type="string">1 gp</cost>
				<count type="number">1</count>
				<isidentified type="number">1</isidentified>
				<location type="string">pack</location>
				<locked type="number">1</locked>
				<name type="string">Hammer</name>
				<subtype type="string">Standard</subtype>
				<type type="string">Adventuring Gear</type>
				<weight type="number">3</weight>
			</id-00010>
			<id-00011>
				<carried type="number">1</carried>
				<cost type="string">1 cp</cost>
				<count type="number">9</count>
				<description type="formattedtext">
					<p>A torch burns for 1 hour, providing bright light in a 20-foot radius and dim light for an additional 20 feet. If you make a melee attack with a burning torch and hit, it deals 1 fire damage.</p>
				</description>
				<isidentified type="number">1</isidentified>
				<location type="string">pack</location>
				<locked type="number">1</locked>
				<name type="string">Torch</name>
				<subtype type="string">Standard</subtype>
				<type type="string">Adventuring Gear</type>
				<weight type="number">1</weight>
			</id-00011>
			<id-00012>
				<carried type="number">1</carried>
				<cost type="string">5 sp</cost>
				<count type="number">1</count>
				<description type="formattedtext">
					<p>This small container holds flint, fire steel, and tinder (usually dry cloth soaked in light oil) used to kindle a fire. Using it to light a torch-or anything else with abundant, exposed fuel-takes an action. Lighting any other fire takes 1 minute.</p>
				</description>
				<isidentified type="number">1</isidentified>
				<location type="string">pack</location>
				<locked type="number">1</locked>
				<name type="string">Tinderbox</name>
				<subtype type="string">Standard</subtype>
				<type type="string">Adventuring Gear</type>
				<weight type="number">1</weight>
			</id-00012>
			<id-00013>
				<carried type="number">1</carried>
				<cost type="string">2 sp</cost>
				<count type="number">1</count>
				<description type="formattedtext">
					<p>Using a crowbar grants advantage to Strength checks where the crowbar's leverage can be applied.</p>
				</description>
				<isidentified type="number">1</isidentified>
				<location type="string">pack</location>
				<locked type="number">1</locked>
				<name type="string">Crowbar</name>
				<subtype type="string">Standard</subtype>
				<type type="string">Adventuring Gear</type>
				<weight type="number">5</weight>
			</id-00013>
			<id-00014>
				<carried type="number">1</carried>
				<cost type="string">1 gp</cost>
				<count type="number">1</count>
				<isidentified type="number">1</isidentified>
				<location type="string">pack</location>
				<locked type="number">1</locked>
				<name type="string">Rope, Hempen (50 Feet)</name>
				<subtype type="string">Standard</subtype>
				<type type="string">Adventuring Gear</type>
				<weight type="number">10</weight>
			</id-00014>
			<id-00015>
				<ac type="number">0</ac>
				<bonus type="number">0</bonus>
				<carried type="number">2</carried>
				<cost type="string">50 gp</cost>
				<count type="number">1</count>
				<description type="formattedtext">
					<p></p>
				</description>
				<isidentified type="number">1</isidentified>
				<istemplate type="number">0</istemplate>
				<locked type="number">1</locked>
				<name type="string">Uniform, Leather (Valkyrie Calvary)</name>
				<subtype type="string">Standard</subtype>
				<type type="string">Adventuring Gear</type>
				<weight type="number">2</weight>
			</id-00015>
			<id-00016>
				<carried type="number">2</carried>
				<count type="number">1</count>
				<isidentified type="number">1</isidentified>
				<name type="string">Rank insignia (Valkyrie Calvary)</name>
				<weight type="number">0.1</weight>
			</id-00016>
			<id-00017>
				<carried type="number">1</carried>
				<count type="number">1</count>
				<isidentified type="number">1</isidentified>
				<location type="string">pouch</location>
				<name type="string">Set of Dice (farkel)</name>
				<weight type="number">0.1</weight>
			</id-00017>
			<id-00018>
				<carried type="number">1</carried>
				<cost type="string">5 sp</cost>
				<count type="number">1</count>
				<isidentified type="number">1</isidentified>
				<locked type="number">1</locked>
				<name type="string">Clothes, Common</name>
				<subtype type="string">Standard</subtype>
				<type type="string">Adventuring Gear</type>
				<weight type="number">3</weight>
			</id-00018>
			<id-00019>
				<carried type="number">1</carried>
				<count type="number">1</count>
				<isidentified type="number">1</isidentified>
				<name type="string">belt</name>
				<weight type="number">0</weight>
			</id-00019>
			<id-00020>
				<carried type="number">1</carried>
				<count type="number">1</count>
				<isidentified type="number">1</isidentified>
				<location type="string">belt</location>
				<name type="string">Pouch</name>
				<weight type="number">0</weight>
			</id-00020>
			<id-00021>
				<ac type="number">0</ac>
				<bonus type="number">0</bonus>
				<carried type="number">1</carried>
				<cost type="string">50 gp</cost>
				<count type="number">1</count>
				<description type="formattedtext">
					<p>A character who drinks the magical red fluid in this vial regains 2d4 + 2 hit points. Drinking or administering a potion takes an action.</p>
				</description>
				<isidentified type="number">1</isidentified>
				<locked type="number">1</locked>
				<name type="string">Potion Of Healing</name>
				<subtype type="string">Standard</subtype>
				<type type="string">Adventuring Gear</type>
				<weight type="number">0.5</weight>
			</id-00021>
			<id-00022>
				<ac type="number">0</ac>
				<bonus type="number">0</bonus>
				<carried type="number">1</carried>
				<cost type="string">449 gp</cost>
				<count type="number">1</count>
				<description type="formattedtext">
					<h>Description</h>
					<linklist>
						<link class="imagewindow" recordname="reference.imagedata.img_wand_of_magic_detection_jpg@*">Image: Wand of Magic Detection</link>
						<link class="reference_spell" recordname="reference.spelldata.detectmagic@*">Spell: Detect Magic</link>
					</linklist>
					<p>This wand has 3 charges. While holding it, you can expend 1 charge as an action to cast the <i>detect magic </i>spell from it. The wand regains 1d3 expended charges daily at dawn.</p>
					<p><b>Wand Notes</b></p>
					<p>An arcane focus is a special item-an orb, a crystal, a rod, a specially constructed staff, a wand-like length of wood, or some similar item-designed to channel the power of arcane spells. A sorcerer, warlock, or wizard can use such an item as a spellcasting focus, as described in chapter 10.</p>
				</description>
				<isidentified type="number">1</isidentified>
				<istemplate type="number">0</istemplate>
				<locked type="number">1</locked>
				<name type="string">Wand of Magic Detection (3 charges/1 per day)</name>
				<nonid_name type="string">Wand</nonid_name>
				<nonidentified type="string">The tip of this silver inlaid hardwood wand consists of a crystal clear ovoid gem.</nonidentified>
				<properties type="string">Magic</properties>
				<rarity type="string">Uncommon</rarity>
				<spells>
					<id-00001>
						<link type="windowreference">
							<class></class>
							<recordname></recordname>
						</link>
						<name type="string">Wand of Magic Detection</name>
					</id-00001>
					<id-00002>
						<link type="windowreference">
							<class></class>
							<recordname></recordname>
						</link>
						<name type="string">Wand</name>
					</id-00002>
				</spells>
				<type type="string">Wand</type>
				<weight type="number">1</weight>
			</id-00022>
			<id-00023>
				<carried type="number">1</carried>
				<cost type="string">1 gp</cost>
				<count type="number">2</count>
				<description type="formattedtext">
					<p></p>
				</description>
				<isidentified type="number">1</isidentified>
				<locked type="number">1</locked>
				<name type="string">Arrows (20)</name>
				<subtype type="string">Ammunition</subtype>
				<type type="string">Adventuring Gear</type>
				<weight type="number">1</weight>
			</id-00023>
			<id-00024>
				<carried type="number">2</carried>
				<cost type="string">50 gp</cost>
				<count type="number">1</count>
				<damage type="string">1d8 piercing</damage>
				<description type="formattedtext">
					<p></p>
				</description>
				<isidentified type="number">1</isidentified>
				<locked type="number">1</locked>
				<name type="string">Longbow</name>
				<properties type="string">Ammunition (range 150/600), heavy, two-handed</properties>
				<subtype type="string">Martial Ranged Weapons</subtype>
				<type type="string">Weapon</type>
				<weight type="number">2</weight>
			</id-00024>
			<id-00025>
				<carried type="number">1</carried>
				<cost type="string">1 gp</cost>
				<count type="number">2</count>
				<description type="formattedtext">
					<p>A quiver can hold up to 20 arrows.</p>
				</description>
				<isidentified type="number">1</isidentified>
				<locked type="number">1</locked>
				<name type="string">Quiver</name>
				<subtype type="string">Standard</subtype>
				<type type="string">Adventuring Gear</type>
				<weight type="number">1</weight>
			</id-00025>
		</inventorylist>
		<languagelist>
			<id-00001>
				<name type="string">Common</name>
			</id-00001>
			<id-00002>
				<name type="string">Dwarven</name>
			</id-00002>
		</languagelist>
		<level type="number">3</level>
		<name type="string">Godalf Pailman</name>
		<perception type="number">13</perception>
		<perceptionmodifier type="number">0</perceptionmodifier>
		<personalitytraits type="string">I'm always polite and respectful. I'm haunted by memories of war. I can't get the images of violence out of my mind.</personalitytraits>
		<powergroup>
			<id-00001>
				<atkmod type="number">0</atkmod>
				<atkprof type="number">1</atkprof>
				<name type="string">Potions</name>
				<prepared type="number">0</prepared>
				<savemod type="number">0</savemod>
				<saveprof type="number">1</saveprof>
				<uses type="number">0</uses>
			</id-00001>
			<id-00004>
				<atkmod type="number">0</atkmod>
				<atkprof type="number">1</atkprof>
				<name type="string">Magical Items</name>
				<prepared type="number">0</prepared>
				<savemod type="number">0</savemod>
				<saveprof type="number">1</saveprof>
				<uses type="number">0</uses>
			</id-00004>
			<id-00006>
				<atkmod type="number">0</atkmod>
				<atkprof type="number">1</atkprof>
				<atkstat type="string">strength</atkstat>
				<name type="string">Fighter</name>
				<prepared type="number">0</prepared>
				<savemod type="number">0</savemod>
				<saveprof type="number">1</saveprof>
				<stat type="string">strength</stat>
				<uses type="number">2</uses>
			</id-00006>
			<id-00009>
				<atkmod type="number">0</atkmod>
				<atkprof type="number">1</atkprof>
				<atkstat type="string">strength</atkstat>
				<name type="string">Combat Superiority</name>
				<prepared type="number">0</prepared>
				<savemod type="number">0</savemod>
				<saveprof type="number">1</saveprof>
				<savestat type="string">strength</savestat>
				<stat type="string">strength</stat>
				<uses type="number">0</uses>
			</id-00009>
		</powergroup>
		<powermeta>
			<pactmagicslots1>
				<max type="number">0</max>
				<used type="number">0</used>
			</pactmagicslots1>
			<pactmagicslots2>
				<max type="number">0</max>
				<used type="number">0</used>
			</pactmagicslots2>
			<pactmagicslots3>
				<max type="number">0</max>
				<used type="number">0</used>
			</pactmagicslots3>
			<pactmagicslots4>
				<max type="number">0</max>
				<used type="number">0</used>
			</pactmagicslots4>
			<pactmagicslots5>
				<max type="number">0</max>
				<used type="number">0</used>
			</pactmagicslots5>
			<pactmagicslots6>
				<max type="number">0</max>
				<used type="number">0</used>
			</pactmagicslots6>
			<pactmagicslots7>
				<max type="number">0</max>
				<used type="number">0</used>
			</pactmagicslots7>
			<pactmagicslots8>
				<max type="number">0</max>
				<used type="number">0</used>
			</pactmagicslots8>
			<pactmagicslots9>
				<max type="number">0</max>
				<used type="number">0</used>
			</pactmagicslots9>
			<spellslots1>
				<max type="number">0</max>
				<used type="number">0</used>
			</spellslots1>
			<spellslots2>
				<max type="number">0</max>
				<used type="number">0</used>
			</spellslots2>
			<spellslots3>
				<max type="number">0</max>
				<used type="number">0</used>
			</spellslots3>
			<spellslots4>
				<max type="number">0</max>
				<used type="number">0</used>
			</spellslots4>
			<spellslots5>
				<max type="number">0</max>
				<used type="number">0</used>
			</spellslots5>
			<spellslots6>
				<max type="number">0</max>
				<used type="number">0</used>
			</spellslots6>
			<spellslots7>
				<max type="number">0</max>
				<used type="number">0</used>
			</spellslots7>
			<spellslots8>
				<max type="number">0</max>
				<used type="number">0</used>
			</spellslots8>
			<spellslots9>
				<max type="number">0</max>
				<used type="number">0</used>
			</spellslots9>
		</powermeta>
		<powermode type="string">combat</powermode>
		<powers>
			<id-00001>
				<actions>
				</actions>
				<cast type="number">0</cast>
				<group type="string">Combat Superiority</group>
				<level type="number">0</level>
				<name type="string">Combat Superiority Dice</name>
				<prepared type="number">4</prepared>
			</id-00001>
			<id-00002>
				<actions>
					<id-00001>
						<heallist>
							<id-00001>
								<bonus type="number">0</bonus>
								<dice type="dice">d10</dice>
								<stat type="string">fighter</stat>
							</id-00001>
						</heallist>
						<healtargeting type="string">self</healtargeting>
						<order type="number">1</order>
						<type type="string">heal</type>
					</id-00001>
				</actions>
				<cast type="number">0</cast>
				<castingtime type="string">Bonus action</castingtime>
				<description type="formattedtext">
					<p>You have a limited well of stamina that you can draw on to protect yourself from harm. On your turn, you can use a bonus action to regain hit points equal to 1d10 + your fighter level.</p>
					<p>Once you use this feature, you must finish a short or long rest before you can use it again.</p>
				</description>
				<group type="string">Fighter</group>
				<level type="number">0</level>
				<locked type="number">1</locked>
				<name type="string">Fighter: Second Wind (B)</name>
				<prepared type="number">1</prepared>
				<ritual type="number">0</ritual>
				<school type="string">Class</school>
				<source type="string">Fighter</source>
			</id-00002>
			<id-00005>
				<actions>
				</actions>
				<cast type="number">0</cast>
				<description type="formattedtext">
					<p>Starting at 2nd level, you can push yourself beyond your normal limits for a moment. On your turn, you can take one additional action on top of your regular action and a possible bonus action.</p>
					<p>Once you use this feature, you must finish a short or long rest before you can use it again. Starting at 17th level, you can use it twice before a rest, but only once on the same turn.</p>
				</description>
				<group type="string">Fighter</group>
				<level type="number">0</level>
				<locked type="number">1</locked>
				<name type="string">Fighter: Action Surge</name>
				<prepared type="number">1</prepared>
				<ritual type="number">0</ritual>
				<school type="string">Class</school>
				<source type="string">Fighter</source>
				<usesperiod type="string">enc</usesperiod>
			</id-00005>
			<id-00008>
				<actions>
					<id-00002>
						<apply type="string">action</apply>
						<durmod type="number">0</durmod>
						<label type="string">Disarming Attack; DMG: 1d8</label>
						<order type="number">1</order>
						<targeting type="string">self</targeting>
						<type type="string">effect</type>
					</id-00002>
					<id-00003>
						<atkmod type="number">0</atkmod>
						<atkprof type="number">1</atkprof>
						<order type="number">2</order>
						<savedcmod type="number">0</savedcmod>
						<savedcprof type="number">1</savedcprof>
						<savetype type="string">strength</savetype>
						<type type="string">cast</type>
					</id-00003>
					<id-00004>
						<durmod type="number">1</durmod>
						<label type="string">Disarming Strike - item dropped;</label>
						<order type="number">3</order>
						<type type="string">effect</type>
					</id-00004>
				</actions>
				<cast type="number">0</cast>
				<description type="formattedtext">
					<p>When you hit a creature with a weapon attack, you can expend one superiority die to attempt to disarm the target, forcing it to drop one item of your choice that it's holding. You add the superiority die to the attack's damage roll, and the target must make a Strength saving throw. On a failed save, it drops the object you choose. The object lands at its feet.</p>
				</description>
				<group type="string">Combat Superiority</group>
				<level type="number">0</level>
				<locked type="number">1</locked>
				<name type="string">Fighter: Combat Superiority: Disarming Attack</name>
				<prepared type="number">0</prepared>
				<ritual type="number">0</ritual>
				<school type="string">Class</school>
			</id-00008>
			<id-00010>
				<actions>
					<id-00001>
						<apply type="string">roll</apply>
						<durmod type="number">0</durmod>
						<label type="string">Feinting Attack; DMG: 1d8</label>
						<order type="number">1</order>
						<targeting type="string">self</targeting>
						<type type="string">effect</type>
					</id-00001>
					<id-00002>
						<apply type="string">action</apply>
						<durmod type="number">1</durmod>
						<label type="string">Feinting Attack; ADVATK:</label>
						<order type="number">2</order>
						<targeting type="string">self</targeting>
						<type type="string">effect</type>
					</id-00002>
				</actions>
				<cast type="number">0</cast>
				<castingtime type="string">Bonus action</castingtime>
				<description type="formattedtext">
					<p>You can expend one superiority die and use a bonus action on your turn to feint, choosing one creature within 5 feet of you as your target. You have advantage on your next attack roll against that creature. If that attack hits, add the superiority die to the attack's damage roll. The advantage is lost if not used on the turn you gain it.</p>
				</description>
				<group type="string">Combat Superiority</group>
				<level type="number">0</level>
				<locked type="number">1</locked>
				<name type="string">Fighter: Combat Superiority: Feinting Attack (B) (5)</name>
				<prepared type="number">0</prepared>
				<range type="string">5 feet</range>
				<ritual type="number">0</ritual>
				<school type="string">Class</school>
			</id-00010>
			<id-00011>
				<actions>
					<id-00001>
						<apply type="string">action</apply>
						<durmod type="number">0</durmod>
						<label type="string">Precision Attack; ATK: 1d8</label>
						<order type="number">1</order>
						<targeting type="string">self</targeting>
						<type type="string">effect</type>
					</id-00001>
				</actions>
				<cast type="number">0</cast>
				<description type="formattedtext">
					<p>When you make a weapon attack roll against a creature, you can expend one superiority die to add it to the roll. You can use this maneuver before or after making the attack roll, but before any effects of the attack are applied.</p>
				</description>
				<group type="string">Combat Superiority</group>
				<level type="number">0</level>
				<locked type="number">1</locked>
				<name type="string">Fighter: Combat Superiority: Precision Attack</name>
				<prepared type="number">0</prepared>
				<ritual type="number">0</ritual>
				<school type="string">Class</school>
			</id-00011>
			<id-00012>
				<actions>
					<id-00001>
						<durmod type="number">10</durmod>
						<durunit type="string">minute</durunit>
						<label type="string">Detect Magic (C)</label>
						<order type="number">1</order>
						<targeting type="string">self</targeting>
						<type type="string">effect</type>
					</id-00001>
				</actions>
				<cast type="number">0</cast>
				<castingtime type="string">1 action</castingtime>
				<components type="string">V, S</components>
				<description type="formattedtext">
					<p>For the duration, you sense the presence of magic within 30 feet of you. If you sense magic in this way, you can use your action to see a faint aura around any visible creature or object in the area that bears magic, and you learn its school of magic, if any.</p>
					<p>The spell can penetrate most barriers, but it is blocked by 1 foot of stone, 1 inch of common metal, a thin sheet of lead, or 3 feet of wood or dirt.</p>
				</description>
				<duration type="string">Concentration, up to 10 minutes</duration>
				<group type="string">Magical Items</group>
				<level type="number">1</level>
				<locked type="number">1</locked>
				<name type="string">Wand Detect Magic (S) (C)</name>
				<prepared type="number">3</prepared>
				<range type="string">Self</range>
				<ritual type="number">1</ritual>
				<school type="string">Divination</school>
				<source type="string">Bard, Cleric, Druid, Eldritch Knight, Eldritch Invocations, Paladin, Ranger, Sorcerer, Wizard, Arcane Trickster</source>
			</id-00012>
			<id-00013>
				<actions>
					<id-00001>
						<heallist>
							<id-00003>
								<bonus type="number">2</bonus>
								<dice type="dice">d4,d4</dice>
							</id-00003>
						</heallist>
						<order type="number">1</order>
						<type type="string">heal</type>
					</id-00001>
				</actions>
				<cast type="number">1</cast>
				<castingtime type="string">1 action</castingtime>
				<components type="string">V, S</components>
				<description type="formattedtext">
					<p>A creature you touch regains a number of hit points equal to 1d8 + your spellcasting ability modifier. This spell has no effect on undead or constructs.</p>
					<p>At Higher Levels.</p>
					<p>When you cast this spell using a spell slot of 2nd level or higher, the healing increases by 1d8 for each slot level above 1st.</p>
				</description>
				<duration type="string">Instantaneous</duration>
				<group type="string">Potions</group>
				<level type="number">1</level>
				<locked type="number">1</locked>
				<name type="string">Potion of Healing</name>
				<prepared type="number">2</prepared>
				<range type="string">Touch</range>
				<ritual type="number">0</ritual>
				<school type="string">Evocation</school>
				<source type="string">Bard, Cleric, Cleric Life Domain, Druid, Paladin, Ranger</source>
				<usesperiod type="string">once</usesperiod>
			</id-00013>
		</powers>
		<profbonus type="number">2</profbonus>
		<proficiencylist>
			<id-00001>
				<name type="string">Tool: One type of gaming set</name>
			</id-00001>
			<id-00003>
				<name type="string">Armor: All armor, shields</name>
			</id-00003>
			<id-00004>
				<name type="string">Tool: vehicles (land)</name>
			</id-00004>
			<id-00005>
				<name type="string">Tool: Jewelers Tools (student of war)</name>
			</id-00005>
			<id-00006>
				<name type="string">Weapon: Simple weapons, martial weapons</name>
			</id-00006>
		</proficiencylist>
		<race type="string">Human</race>
		<racelink type="windowreference">
			<class>reference_race</class>
			<recordname>reference.racedata.human@DD PHB Deluxe</recordname>
		</racelink>
		<size type="string">Medium</size>
		<skilllist>
			<id-00001>
				<misc type="number">0</misc>
				<name type="string">Perception</name>
				<prof type="number">1</prof>
				<stat type="string">wisdom</stat>
				<total type="number">3</total>
			</id-00001>
			<id-00002>
				<misc type="number">0</misc>
				<name type="string">Athletics</name>
				<prof type="number">1</prof>
				<stat type="string">strength</stat>
				<total type="number">4</total>
			</id-00002>
			<id-00003>
				<misc type="number">0</misc>
				<name type="string">Intimidation</name>
				<prof type="number">1</prof>
				<stat type="string">charisma</stat>
				<total type="number">3</total>
			</id-00003>
			<id-00004>
				<misc type="number">0</misc>
				<name type="string">Arcana</name>
				<prof type="number">0</prof>
				<stat type="string">intelligence</stat>
				<total type="number">1</total>
			</id-00004>
			<id-00005>
				<misc type="number">0</misc>
				<name type="string">Persuasion</name>
				<prof type="number">0</prof>
				<stat type="string">charisma</stat>
				<total type="number">1</total>
			</id-00005>
			<id-00006>
				<misc type="number">0</misc>
				<name type="string">Nature</name>
				<prof type="number">0</prof>
				<stat type="string">intelligence</stat>
				<total type="number">1</total>
			</id-00006>
			<id-00007>
				<misc type="number">0</misc>
				<name type="string">Medicine</name>
				<prof type="number">0</prof>
				<stat type="string">wisdom</stat>
				<total type="number">1</total>
			</id-00007>
			<id-00008>
				<misc type="number">0</misc>
				<name type="string">Survival</name>
				<prof type="number">0</prof>
				<stat type="string">wisdom</stat>
				<total type="number">1</total>
			</id-00008>
			<id-00009>
				<misc type="number">0</misc>
				<name type="string">Performance</name>
				<prof type="number">0</prof>
				<stat type="string">charisma</stat>
				<total type="number">1</total>
			</id-00009>
			<id-00010>
				<misc type="number">0</misc>
				<name type="string">Acrobatics</name>
				<prof type="number">1</prof>
				<stat type="string">dexterity</stat>
				<total type="number">4</total>
			</id-00010>
			<id-00011>
				<misc type="number">0</misc>
				<name type="string">Religion</name>
				<prof type="number">0</prof>
				<stat type="string">intelligence</stat>
				<total type="number">1</total>
			</id-00011>
			<id-00012>
				<misc type="number">0</misc>
				<name type="string">Sleight of Hand</name>
				<prof type="number">0</prof>
				<stat type="string">dexterity</stat>
				<total type="number">2</total>
			</id-00012>
			<id-00013>
				<misc type="number">0</misc>
				<name type="string">Insight</name>
				<prof type="number">0</prof>
				<stat type="string">wisdom</stat>
				<total type="number">1</total>
			</id-00013>
			<id-00014>
				<misc type="number">0</misc>
				<name type="string">Deception</name>
				<prof type="number">0</prof>
				<stat type="string">charisma</stat>
				<total type="number">1</total>
			</id-00014>
			<id-00015>
				<misc type="number">0</misc>
				<name type="string">Investigation</name>
				<prof type="number">0</prof>
				<stat type="string">intelligence</stat>
				<total type="number">1</total>
			</id-00015>
			<id-00016>
				<misc type="number">0</misc>
				<name type="string">Stealth</name>
				<prof type="number">0</prof>
				<stat type="string">dexterity</stat>
				<total type="number">2</total>
			</id-00016>
			<id-00017>
				<misc type="number">0</misc>
				<name type="string">History</name>
				<prof type="number">0</prof>
				<stat type="string">intelligence</stat>
				<total type="number">1</total>
			</id-00017>
			<id-00018>
				<misc type="number">0</misc>
				<name type="string">Animal Handling</name>
				<prof type="number">0</prof>
				<stat type="string">wisdom</stat>
				<total type="number">1</total>
			</id-00018>
		</skilllist>
		<speed>
			<armor type="number">0</armor>
			<base type="number">30</base>
			<misc type="number">0</misc>
			<temporary type="number">0</temporary>
			<total type="number">30</total>
		</speed>
		<temp>
		</temp>
		<token type="token">portrait_id-00018_token</token>
		<traitlist>
		</traitlist>
		<weapon>
			<critdicebonus>
				<melee type="number">0</melee>
				<ranged type="number">0</ranged>
			</critdicebonus>
			<critrange>
				<melee type="number">20</melee>
				<ranged type="number">20</ranged>
			</critrange>
		</weapon>
		<weaponlist>
			<id-00002>
				<attackbonus type="number">0</attackbonus>
				<carried type="number">2</carried>
				<damagelist>
					<id-00001>
						<bonus type="number">0</bonus>
						<dice type="dice">d6</dice>
						<stat type="string">base</stat>
						<type type="string">piercing</type>
					</id-00001>
				</damagelist>
				<isidentified type="number">1</isidentified>
				<maxammo type="number">0</maxammo>
				<name type="string">Shortsword</name>
				<prof type="number">1</prof>
				<shortcut type="windowreference">
					<class>item</class>
					<recordname>....inventorylist.id-00003</recordname>
				</shortcut>
				<type type="number">0</type>
			</id-00002>
			<id-00003>
				<attackbonus type="number">0</attackbonus>
				<carried type="number">2</carried>
				<damagelist>
					<id-00001>
						<bonus type="number">0</bonus>
						<dice type="dice">d6</dice>
						<stat type="string">base</stat>
						<type type="string">slashing</type>
					</id-00001>
				</damagelist>
				<isidentified type="number">1</isidentified>
				<maxammo type="number">0</maxammo>
				<name type="string">Handaxe</name>
				<prof type="number">1</prof>
				<shortcut type="windowreference">
					<class>item</class>
					<recordname>....inventorylist.id-00004</recordname>
				</shortcut>
				<type type="number">0</type>
			</id-00003>
			<id-00004>
				<ammo type="number">0</ammo>
				<attackbonus type="number">0</attackbonus>
				<carried type="number">2</carried>
				<damagelist>
					<id-00001>
						<bonus type="number">0</bonus>
						<dice type="dice">d6</dice>
						<stat type="string">base</stat>
						<type type="string">slashing</type>
					</id-00001>
				</damagelist>
				<isidentified type="number">1</isidentified>
				<maxammo type="number">2</maxammo>
				<name type="string">Handaxe</name>
				<prof type="number">1</prof>
				<shortcut type="windowreference">
					<class>item</class>
					<recordname>....inventorylist.id-00004</recordname>
				</shortcut>
				<type type="number">2</type>
			</id-00004>
			<id-00005>
				<ammo type="number">1</ammo>
				<attackbonus type="number">0</attackbonus>
				<carried type="number">2</carried>
				<damagelist>
					<id-00001>
						<bonus type="number">0</bonus>
						<dice type="dice">d8</dice>
						<stat type="string">base</stat>
						<type type="string">piercing</type>
					</id-00001>
				</damagelist>
				<isidentified type="number">1</isidentified>
				<maxammo type="number">40</maxammo>
				<name type="string">Longbow</name>
				<prof type="number">1</prof>
				<shortcut type="windowreference">
					<class>item</class>
					<recordname>....inventorylist.id-00024</recordname>
				</shortcut>
				<type type="number">1</type>
			</id-00005>
		</weaponlist>
	</character>
</root>
