<?xml version="1.0" encoding="iso-8859-1"?>
<root version="3.3" release="7|CoreRPG:3">
	<character>
		<abilities>
			<charisma>
				<bonus type="number">4</bonus>
				<save type="number">6</save>
				<savemodifier type="number">0</savemodifier>
				<saveprof type="number">1</saveprof>
				<score type="number">18</score>
			</charisma>
			<constitution>
				<bonus type="number">1</bonus>
				<save type="number">3</save>
				<savemodifier type="number">0</savemodifier>
				<saveprof type="number">1</saveprof>
				<score type="number">12</score>
			</constitution>
			<dexterity>
				<bonus type="number">3</bonus>
				<save type="number">3</save>
				<savemodifier type="number">0</savemodifier>
				<saveprof type="number">0</saveprof>
				<score type="number">16</score>
			</dexterity>
			<intelligence>
				<bonus type="number">2</bonus>
				<save type="number">2</save>
				<savemodifier type="number">0</savemodifier>
				<saveprof type="number">0</saveprof>
				<score type="number">14</score>
			</intelligence>
			<strength>
				<bonus type="number">0</bonus>
				<save type="number">0</save>
				<savemodifier type="number">0</savemodifier>
				<saveprof type="number">0</saveprof>
				<score type="number">10</score>
			</strength>
			<wisdom>
				<bonus type="number">2</bonus>
				<save type="number">2</save>
				<savemodifier type="number">0</savemodifier>
				<saveprof type="number">0</saveprof>
				<score type="number">14</score>
			</wisdom>
		</abilities>
		<age type="string">35</age>
		<alignment type="string">Lawful Evil</alignment>
		<background type="string">Hermit</background>
		<backgroundlink type="windowreference">
			<class>reference_background</class>
			<recordname>reference.backgrounddata.hermit@DD PHB Deluxe</recordname>
		</backgroundlink>
		<bonds type="string">Nothing is more important than the other members of my hermitage, order, or association.</bonds>
		<classes>
			<id-00001>
				<casterlevelinvmult type="number">1</casterlevelinvmult>
				<casterpactmagic type="number">0</casterpactmagic>
				<hddie type="dice">d6</hddie>
				<hdused type="number">0</hdused>
				<level type="number">3</level>
				<name type="string">Sorcerer</name>
				<shortcut type="windowreference">
					<class>reference_class</class>
					<recordname>reference.classdata.sorcerer@DD PHB Deluxe</recordname>
				</shortcut>
			</id-00001>
		</classes>
		<coins>
			<slot1>
				<amount type="number">0</amount>
			</slot1>
			<slot2>
				<amount type="number">0</amount>
			</slot2>
			<slot3>
				<amount type="number">0</amount>
			</slot3>
			<slot4>
				<amount type="number">0</amount>
			</slot4>
			<slot5>
				<amount type="number">0</amount>
			</slot5>
			<slot6>
				<amount type="number">0</amount>
			</slot6>
		</coins>
		<defenses>
			<ac>
				<armor type="number">0</armor>
				<misc type="number">0</misc>
				<prof type="number">1</prof>
				<shield type="number">0</shield>
				<temporary type="number">0</temporary>
				<total type="number">13</total>
			</ac>
		</defenses>
		<encumbrance>
			<encumbered type="number">50</encumbered>
			<encumberedheavy type="number">100</encumberedheavy>
			<liftpushdrag type="number">300</liftpushdrag>
			<load type="number">72</load>
			<max type="number">150</max>
		</encumbrance>
		<exp type="number">0</exp>
		<expneeded type="number">0</expneeded>
		<featlist>
		</featlist>
		<featurelist>
			<id-00001>
				<locked type="number">1</locked>
				<name type="string">Discovery</name>
				<source type="string">Hermit</source>
				<text type="formattedtext">
					<p>The quiet seclusion of your extended hermitage gave you access to a unique and powerful discovery. The exact nature of this revelation depends on the nature of your seclusion. It might be a great truth about the cosmos, the deities, the powerful beings of the outer planes, or the forces of nature. It could be a site that no one else has ever seen. You might have uncovered a fact that has long been forgotten, or unearthed some relic of the past that could rewrite history. It might be information that would be damaging to the people w ho or consigned you to exile, and hence the reason for your return to society. Work with your DM to determine the details of your discovery and its impact on the campaign.</p>
				</text>
			</id-00001>
			<id-00002>
				<level type="number">1</level>
				<locked type="number">1</locked>
				<name type="string">Wild Magic</name>
				<source type="string">Sorcerer</source>
				<text type="formattedtext">
					<p>Your innate magic comes from the wild forces of chaos that underlie the order of creation. You might have endured exposure to some form of raw magic, perhaps through a planar portal leading to Limbo, the Elemental Planes, or the mysterious Far Realm. Perhaps you were blessed by a powerful fey creature or marked by a demon. Or your magic could be a fluke of your birth, with no apparent cause or reason. However it came to be, this chaotic magic churns within you, waiting for any outlet.</p>
					<h>Features</h>
					<linklist>
						<link class="reference_classfeature" recordname="reference.classdata.sorcerer.features.wildmagicsurge1@DD PHB Deluxe">Wild Magic Surge</link>
						<link class="reference_classfeature" recordname="reference.classdata.sorcerer.features.tidesofchaos1@DD PHB Deluxe">Tides of Chaos</link>
						<link class="reference_classfeature" recordname="reference.classdata.sorcerer.features.bendluck6@DD PHB Deluxe">Bend Luck</link>
						<link class="reference_classfeature" recordname="reference.classdata.sorcerer.features.controlledchaos14@DD PHB Deluxe">Controlled Chaos</link>
						<link class="reference_classfeature" recordname="reference.classdata.sorcerer.features.spellbombardment18@DD PHB Deluxe">Spell Bombardment</link>
					</linklist>
				</text>
			</id-00002>
			<id-00003>
				<level type="number">1</level>
				<locked type="number">1</locked>
				<name type="string">Wild Magic Surge</name>
				<source type="string">Sorcerer</source>
				<specialization type="string">Wild Magic</specialization>
				<text type="formattedtext">
					<p>Starting when you choose this origin at 1st level, your spellcasting can unleash surges of untamed magic.</p>
					<p>Immediately after you cast a sorcerer spell of 1st level or higher, the DM can have you roll a d20. If you roll a 1, roll on the Wild Magic Surge table to create a random magical effect. If a Wild Magic effect is a spell, it's too wild to be affected by Metamagic. If it normally requires concentration, it doesn't require concentration in this case; the spell lasts for its full duration.</p>
					<linklist>
						<link class="table" recordname="tables.tab_wildmagicsurge@DD PHB Deluxe"><b>Table: </b></link>Wild Magic Surge Table</linklist>
				</text>
			</id-00003>
			<id-00004>
				<level type="number">1</level>
				<locked type="number">1</locked>
				<name type="string">Spellcasting</name>
				<source type="string">Sorcerer</source>
				<specializationchoice type="number">0</specializationchoice>
				<text type="formattedtext">
					<p>An event in your past, or in the life of a parent or ancestor, left an indelible mark on you, infusing you with arcane magic. This font of magic, whatever its origin, fuels your spells. See chapter 10 for the general rules of spellcasting and chapter 11 for the sorcerer spell list.</p>
					<linklist>
						<link class="reference_colindex" recordname="reference.spelllists.sorcerer@DD PHB Deluxe">Sorcerer Spells</link>
					</linklist>
					<p><b>Cantrips</b></p>
					<p>At 1st level, you know four cantrips of your choice from the sorcerer spell list. You learn additional sorcerer cantrips of your choice at higher levels, as shown in the Cantrips Known column of the Sorcerer table.</p>
					<p><b>Spell Slots</b></p>
					<p>The Sorcerer table shows how many spell slots you have to cast your spells of 1st level and higher. To cast one of these sorcerer spells, you must expend a slot of the spell's level or higher. You regain all expended spell slots when you finish a long rest.</p>
					<p>For example, if you know the 1st-level spell burning hands and have a 1st-level and a 2nd-level spell slot available, you can cast burning hands using either slot.</p>
					<p><b>Spells Known of 1st Level and Higher</b></p>
					<p>You know two 1st-level spells of your choice from the sorcerer spell list.</p>
					<p>The Spells Known column of the Sorcerer table shows when you learn more sorcerer spells of your choice. Each of these spells must be of a level for which you have spell slots. For instance, when you reach 3rd level in this class, you can learn one new spell of 1st or 2nd level.</p>
					<p>Additionally, when you gain a level in this class, you can choose one of the sorcerer spells you know and replace it with another spell from the sorcerer spell list, which also must be of a level for which you have spell slots.</p>
					<p><b>Spellcasting Ability</b></p>
					<p>Charisma is your spellcasting ability for your sorcerer spells, since the power of your magic relies on your ability to project your will into the world. You use your Charisma whenever a spell refers to your spellcasting ability. In addition, you use your Charisma modifier when setting the saving throw DC for a sorcerer spell you cast and when making an attack roll with one.</p>
					<p><b>Spell save DC </b>= 8 + your proficiency bonus + your Charisma modifier</p>
					<p><b>Spell attack modifier </b>= your proficiency bonus + your Charisma modifier</p>
					<p><b>Spellcasting Focus</b></p>
					<p>You can use an arcane focus (found in chapter 5) as a spellcasting focus for your sorcerer spells.</p>
				</text>
			</id-00004>
			<id-00005>
				<level type="number">1</level>
				<locked type="number">1</locked>
				<name type="string">Tides of Chaos</name>
				<source type="string">Sorcerer</source>
				<specialization type="string">Wild Magic</specialization>
				<text type="formattedtext">
					<p>Starting at 1st level, you can manipulate the forces of chance and chaos to gain advantage on one attack roll, ability check, or saving throw. Once you do so, you must finish a long rest before you can use this feature again. Any time before you regain the use of this feature, the DM can have you roll on the Wild Magic Surge table immediately after you cast a sorcerer spell of 1st level or higher. You then regain the use of this feature.</p>
				</text>
			</id-00005>
			<id-00006>
				<level type="number">2</level>
				<locked type="number">1</locked>
				<name type="string">Font of Magic</name>
				<source type="string">Sorcerer</source>
				<text type="formattedtext">
					<p>At 2nd level, you tap into a deep wellspring of magic within yourself. This wellspring is represented by sorcery points, which allow you to create a variety of magical effects.</p>
					<p><b>Sorcery Points</b></p>
					<p>You have 2 sorcery points, and you gain more as you reach higher levels, as shown in the Sorcery Points column of the Sorcerer table. You can never have more sorcery points than shown on the table for your level. You regain all spent sorcery points when you finish a long rest.</p>
					<p><b>Flexible Casting</b></p>
					<p>You can use your sorcery points to gain additional spell slots, or sacrifice spell slots to gain additional sorcery points. You learn other ways to use your sorcery points as you reach higher levels. The created spell slots vanish at the end of a long rest.</p>
					<p><b>Creating Spell Slots. </b>You can transform unexpended sorcery points into one spell slot as a bonus action on your turn. The Creating Spell Slots table shows the cost of creating a spell slot of a given level. You can create spell slots no higher in level than 5th.</p>
					<p><b>Creating Spell Slots</b></p>
					<table>
						<tr>
							<td><b>Spell Slot Sorcery Level</b></td>
							<td><b>Point Cost</b></td>
						</tr>
						<tr>
							<td>1st</td>
							<td>2</td>
						</tr>
						<tr>
							<td>2nd</td>
							<td>3</td>
						</tr>
						<tr>
							<td>3rd</td>
							<td>5</td>
						</tr>
						<tr>
							<td>4th</td>
							<td>6</td>
						</tr>
						<tr>
							<td>5th</td>
							<td>7</td>
						</tr>
					</table>
					<p>Converting a Spell Slot to Sorcery Points. As a bonus action on your turn, you can expend one spell slot and gain a number of sorcery points equal to the slot's level.</p>
				</text>
			</id-00006>
			<id-00007>
				<level type="number">3</level>
				<locked type="number">1</locked>
				<name type="string">Metamagic</name>
				<source type="string">Sorcerer</source>
				<text type="formattedtext">
					<p>At 3rd level, you gain the ability to twist your spells to suit your needs. You gain two of the following Metamagic options of your choice. You gain another one at 10th and 17th level.</p>
					<p>You can use only one Metamagic option on a spell when you cast it, unless otherwise noted.</p>
					<p><b>Careful Spell</b></p>
					<p>When you cast a spell that forces other creatures to make a saving throw, you can protect some of those creatures from the spell's full force. To do so, you spend 1 sorcery point and choose a number of those creatures up to your Charisma modifier (minimum of one creature). A chosen creature automatically succeeds on its saving throw against the spell.</p>
					<p><b>Distant Spell</b></p>
					<p>When you cast a spell that has a range of 5 feet or greater, you can spend 1 sorcery point to double the range of the spell.</p>
					<p>When you cast a spell that has a range of touch, you can spend 1 sorcery point to make the range of the spell 30 feet.</p>
					<p><b>Empowered Spell</b></p>
					<p>When you roll damage for a spell, you can spend 1 sorcery point to reroll a number of the damage dice up to your Charisma modifier (minimum of one). You must use the new rolls.</p>
					<p>You can use Empowered Spell even if you have already used a different Metamagic option during the casting of the spell.</p>
					<p><b>Extended Spell</b></p>
					<p>When you cast a spell that has a duration of 1 minute or longer, you can spend 1 sorcery point to double its duration, to a maximum duration of 24 hours.</p>
					<p><b>Heightened Spell</b></p>
					<p>When you cast a spell that forces a creature to make a saving throw to resist its effects, you can spend 3 sorcery points to give one target of the spell disadvantage on its first saving throw made against the spell.</p>
					<p><b>Quickened Spell</b></p>
					<p>When you cast a spell that has a casting time of 1 action, you can spend 2 sorcery points to change the casting time to 1 bonus action for this casting.</p>
					<p><b>Subtle Spell</b></p>
					<p>When you cast a spell, you can spend 1 sorcery point to cast it without any somatic or verbal components.</p>
					<p><b>Twinned Spell</b></p>
					<p>When you cast a spell that targets only one creature and doesn't have a range of self, you can spend a number of sorcery points equal to the spell's level to target a second creature in range with the same spell (1 sorcery point if the spell is a cantrip). To be eligible for Twinned Spell, a spell must be incapable of targeting more than one creature at the spell's current level.</p>
				</text>
			</id-00007>
		</featurelist>
		<flaws type="string">I like keeping secrets and won't share them with anyone.</flaws>
		<gender type="string">Female</gender>
		<height type="string">5' 9&#34;</height>
		<hp>
			<temporary type="number">0</temporary>
			<total type="number">17</total>
			<wounds type="number">0</wounds>
		</hp>
		<ideals type="string">Power. Solitude and contemplation are paths toward mystical or magical power. (Evil)</ideals>
		<initiative>
			<misc type="number">0</misc>
			<temporary type="number">0</temporary>
			<total type="number">3</total>
		</initiative>
		<inventorylist>
			<id-00001>
				<carried type="number">2</carried>
				<cost type="string">25 gp</cost>
				<count type="number">1</count>
				<damage type="string">1d8 piercing</damage>
				<isidentified type="number">1</isidentified>
				<locked type="number">1</locked>
				<name type="string">Crossbow, Light</name>
				<properties type="string">Ammunition (range 80/320), loading, two-handed</properties>
				<subtype type="string">Simple Ranged Weapons</subtype>
				<type type="string">Weapon</type>
				<weight type="number">5</weight>
			</id-00001>
			<id-00002>
				<carried type="number">2</carried>
				<cost type="string">2 gp</cost>
				<count type="number">2</count>
				<damage type="string">1d4 piercing</damage>
				<isidentified type="number">1</isidentified>
				<locked type="number">1</locked>
				<name type="string">Dagger</name>
				<properties type="string">Finesse, light, thrown (range 20/60)</properties>
				<subtype type="string">Simple Melee Weapons</subtype>
				<type type="string">Weapon</type>
				<weight type="number">1</weight>
			</id-00002>
			<id-00003>
				<carried type="number">1</carried>
				<cost type="string">1 gp</cost>
				<count type="number">1</count>
				<isidentified type="number">1</isidentified>
				<locked type="number">1</locked>
				<name type="string">Bedroll</name>
				<subtype type="string">Standard</subtype>
				<type type="string">Adventuring Gear</type>
				<weight type="number">7</weight>
			</id-00003>
			<id-00004>
				<carried type="number">1</carried>
				<cost type="string">5 sp</cost>
				<count type="number">10</count>
				<description type="formattedtext">
					<p>Rations consist of dry foods suitable for extended travel, including jerky, dried fruit, hardtack, and nuts.</p>
				</description>
				<isidentified type="number">1</isidentified>
				<locked type="number">1</locked>
				<name type="string">Rations (1 Day)</name>
				<subtype type="string">Standard</subtype>
				<type type="string">Adventuring Gear</type>
				<weight type="number">2</weight>
			</id-00004>
			<id-00005>
				<carried type="number">1</carried>
				<cost type="string">1 cp</cost>
				<count type="number">10</count>
				<description type="formattedtext">
					<p>A torch burns for 1 hour, providing bright light in a 20-foot radius and dim light for an additional 20 feet. If you make a melee attack with a burning torch and hit, it deals 1 fire damage.</p>
				</description>
				<isidentified type="number">1</isidentified>
				<locked type="number">1</locked>
				<name type="string">Torch</name>
				<subtype type="string">Standard</subtype>
				<type type="string">Adventuring Gear</type>
				<weight type="number">1</weight>
			</id-00005>
			<id-00006>
				<carried type="number">1</carried>
				<cost type="string">5 sp</cost>
				<count type="number">1</count>
				<description type="formattedtext">
					<p>This small container holds flint, fire steel, and tinder (usually dry cloth soaked in light oil) used to kindle a fire. Using it to light a torch-or anything else with abundant, exposed fuel-takes an action. Lighting any other fire takes 1 minute.</p>
				</description>
				<isidentified type="number">1</isidentified>
				<locked type="number">1</locked>
				<name type="string">Tinderbox</name>
				<subtype type="string">Standard</subtype>
				<type type="string">Adventuring Gear</type>
				<weight type="number">1</weight>
			</id-00006>
			<id-00007>
				<carried type="number">1</carried>
				<cost type="string">2 sp</cost>
				<count type="number">1</count>
				<isidentified type="number">1</isidentified>
				<locked type="number">1</locked>
				<name type="string">Waterskin</name>
				<subtype type="string">Standard</subtype>
				<type type="string">Adventuring Gear</type>
				<weight type="number">5</weight>
			</id-00007>
			<id-00008>
				<carried type="number">1</carried>
				<cost type="string">2 sp</cost>
				<count type="number">1</count>
				<description type="formattedtext">
					<p>This tin box contains a cup and simple cutlery. The box clamps together, and one side can be used as a cooking pan and the other as a plate or shallow bowl.</p>
				</description>
				<isidentified type="number">1</isidentified>
				<locked type="number">1</locked>
				<name type="string">Mess Kit</name>
				<subtype type="string">Equipment Kits</subtype>
				<type type="string">Adventuring Gear</type>
				<weight type="number">1</weight>
			</id-00008>
			<id-00009>
				<carried type="number">1</carried>
				<cost type="string">1 gp</cost>
				<count type="number">1</count>
				<isidentified type="number">1</isidentified>
				<locked type="number">1</locked>
				<name type="string">Rope, Hempen (50 Feet)</name>
				<subtype type="string">Standard</subtype>
				<type type="string">Adventuring Gear</type>
				<weight type="number">10</weight>
			</id-00009>
			<id-00010>
				<carried type="number">1</carried>
				<cost type="string">2 gp</cost>
				<count type="number">1</count>
				<isidentified type="number">1</isidentified>
				<locked type="number">1</locked>
				<name type="string">Backpack (Empty)</name>
				<subtype type="string">Standard</subtype>
				<type type="string">Adventuring Gear</type>
				<weight type="number">5</weight>
			</id-00010>
			<id-00011>
				<carried type="number">1</carried>
				<cost type="string">5 gp</cost>
				<count type="number">1</count>
				<description type="formattedtext">
					<p>An arcane focus is a special item-an orb, a crystal, a rod, a specially constructed staff, a wand-like length of wood, or some similar item-designed to channel the power of arcane spells. A sorcerer, warlock, or wizard can use such an item as a spellcasting focus, as described in chapter 10.</p>
				</description>
				<isidentified type="number">1</isidentified>
				<locked type="number">1</locked>
				<name type="string">Staff</name>
				<subtype type="string">Arcane Focus</subtype>
				<type type="string">Adventuring Gear</type>
				<weight type="number">4</weight>
			</id-00011>
			<id-00012>
				<carried type="number">1</carried>
				<cost type="string">25 gp</cost>
				<count type="number">1</count>
				<description type="formattedtext">
					<p>A component pouch is a small, watertight leather belt pouch that has compartments to hold all the material components and other special items you need to cast your spells, except for those components that have a specific cost (as indicated in a spell's description).</p>
				</description>
				<isidentified type="number">1</isidentified>
				<locked type="number">1</locked>
				<name type="string">Component Pouch</name>
				<subtype type="string">Standard</subtype>
				<type type="string">Adventuring Gear</type>
				<weight type="number">2</weight>
			</id-00012>
		</inventorylist>
		<languagelist>
			<id-00001>
				<name type="string">Common</name>
			</id-00001>
			<id-00002>
				<name type="string">Elvish</name>
			</id-00002>
			<id-00003>
				<name type="string">Draconic</name>
			</id-00003>
			<id-00004>
				<name type="string">Dwarvish</name>
			</id-00004>
		</languagelist>
		<level type="number">3</level>
		<name type="string">Half-Elf (Wild One Sorcerer)</name>
		<perception type="number">14</perception>
		<perceptionmodifier type="number">0</perceptionmodifier>
		<personalitytraits type="string">I feel tremendous empathy for all who suffer.\n\nI've been isolated for so long that I rarely speak, preferring gestures and the occasional grunt.</personalitytraits>
		<powerdisplaymode type="string">action</powerdisplaymode>
		<powergroup>
			<id-00001>
				<castertype type="string">memorization</castertype>
				<name type="string">Spells</name>
				<stat type="string">charisma</stat>
			</id-00001>
		</powergroup>
		<powermeta>
			<pactmagicslots1>
				<max type="number">0</max>
			</pactmagicslots1>
			<pactmagicslots2>
				<max type="number">0</max>
			</pactmagicslots2>
			<pactmagicslots3>
				<max type="number">0</max>
			</pactmagicslots3>
			<pactmagicslots4>
				<max type="number">0</max>
			</pactmagicslots4>
			<pactmagicslots5>
				<max type="number">0</max>
			</pactmagicslots5>
			<pactmagicslots6>
				<max type="number">0</max>
			</pactmagicslots6>
			<pactmagicslots7>
				<max type="number">0</max>
			</pactmagicslots7>
			<pactmagicslots8>
				<max type="number">0</max>
			</pactmagicslots8>
			<pactmagicslots9>
				<max type="number">0</max>
			</pactmagicslots9>
			<spellslots1>
				<max type="number">4</max>
			</spellslots1>
			<spellslots2>
				<max type="number">2</max>
			</spellslots2>
			<spellslots3>
				<max type="number">0</max>
			</spellslots3>
			<spellslots4>
				<max type="number">0</max>
			</spellslots4>
			<spellslots5>
				<max type="number">0</max>
			</spellslots5>
			<spellslots6>
				<max type="number">0</max>
			</spellslots6>
			<spellslots7>
				<max type="number">0</max>
			</spellslots7>
			<spellslots8>
				<max type="number">0</max>
			</spellslots8>
			<spellslots9>
				<max type="number">0</max>
			</spellslots9>
		</powermeta>
		<powermode type="string">combat</powermode>
		<powers>
			<id-00001>
				<actions>
					<id-00001>
						<apply type="string">roll</apply>
						<durmod type="number">2</durmod>
						<label type="string">[TRGT]; ADVATK; (C)</label>
						<order type="number">1</order>
						<targeting type="string">self</targeting>
						<type type="string">effect</type>
					</id-00001>
				</actions>
				<cast type="number">0</cast>
				<castingtime type="string">1 action</castingtime>
				<components type="string">S</components>
				<description type="formattedtext">
					<p>You extend your hand and point a finger at a target in range. Your magic grants you a brief insight into the target's defenses. On your next turn, you gain advantage on your first attack roll against the target, provided that this spell hasn't ended.</p>
				</description>
				<duration type="string">Concentration, up to 1 round</duration>
				<group type="string">Spells</group>
				<level type="number">0</level>
				<locked type="number">1</locked>
				<name type="string">True Strike</name>
				<prepared type="number">0</prepared>
				<range type="string">30 feet</range>
				<ritual type="number">0</ritual>
				<school type="string">Divination</school>
				<source type="string">Bard, Eldritch Knight, Sorcerer, Warlock, Wizard, Arcane Trickster</source>
			</id-00001>
			<id-00002>
				<actions>
					<id-00001>
						<atktype type="string">ranged</atktype>
						<order type="number">1</order>
						<type type="string">cast</type>
					</id-00001>
					<id-00002>
						<damagelist>
							<id-00001>
								<bonus type="number">0</bonus>
								<dice type="dice">d8</dice>
								<type type="string">cold</type>
							</id-00001>
						</damagelist>
						<order type="number">2</order>
						<type type="string">damage</type>
					</id-00002>
				</actions>
				<cast type="number">0</cast>
				<castingtime type="string">1 action</castingtime>
				<components type="string">V, S</components>
				<description type="formattedtext">
					<p>A frigid beam of blue-white light streaks toward a creature within range. Make a ranged spell attack against the target. On a hit, it takes 1d8 cold damage, and its speed is reduced by 10 feet until the start of your next turn.</p>
					<p>The spell's damage increases by 1d8 when you reach 5th level (2d8), 11th level (3d8), and 17th level (4d8).</p>
				</description>
				<duration type="string">Instantaneous</duration>
				<group type="string">Spells</group>
				<level type="number">0</level>
				<locked type="number">1</locked>
				<name type="string">Ray of Frost</name>
				<prepared type="number">0</prepared>
				<range type="string">60 feet</range>
				<school type="string">Evocation</school>
				<source type="string">Eldritch Knight, Sorcerer, Wizard, Arcane Trickster</source>
			</id-00002>
			<id-00003>
				<actions>
					<id-00001>
						<order type="number">1</order>
						<savetype type="string">dexterity</savetype>
						<type type="string">cast</type>
					</id-00001>
				</actions>
				<cast type="number">0</cast>
				<castingtime type="string">1 action</castingtime>
				<components type="string">V, M (a firefly or phosphorescent moss)</components>
				<description type="formattedtext">
					<p>You touch one object that is no larger than 10 feet in any dimension. Until the spell ends, the object sheds bright light in a 20-foot radius and dim light for an additional 20 feet. The light can be colored as you like. Completely covering the object with something opaque blocks the light. The spell ends if you cast it again or dismiss it as an action.</p>
					<p>If you target an object held or worn by a hostile creature, that creature must succeed on a Dexterity saving throw to avoid the spell.</p>
				</description>
				<duration type="string">1 hour</duration>
				<group type="string">Spells</group>
				<level type="number">0</level>
				<locked type="number">1</locked>
				<name type="string">Light</name>
				<prepared type="number">0</prepared>
				<range type="string">Touch</range>
				<school type="string">Evocation</school>
				<source type="string">Bard, Cleric, Eldritch Knight, Sorcerer, Wizard, Arcane Trickster</source>
			</id-00003>
			<id-00004>
				<actions>
					<id-00001>
						<order type="number">1</order>
						<savetype type="string">constitution</savetype>
						<type type="string">cast</type>
					</id-00001>
					<id-00002>
						<damagelist>
							<id-00001>
								<bonus type="number">0</bonus>
								<dice type="dice">d12</dice>
								<type type="string">poison</type>
							</id-00001>
						</damagelist>
						<order type="number">2</order>
						<type type="string">damage</type>
					</id-00002>
				</actions>
				<cast type="number">0</cast>
				<castingtime type="string">1 action</castingtime>
				<components type="string">V, S</components>
				<description type="formattedtext">
					<p>You extend your hand toward a creature you can see within range and project a puff of noxious gas from your palm. The creature must succeed on a Constitution saving throw or take 1d12 poison damage.</p>
					<p>This spell's damage increases by 1d12 when you reach 5th level (2d12), 11th level (3d12), and 17th level (4d12).</p>
				</description>
				<duration type="string">Instantaneous</duration>
				<group type="string">Spells</group>
				<level type="number">0</level>
				<locked type="number">1</locked>
				<name type="string">Poison Spray</name>
				<prepared type="number">0</prepared>
				<range type="string">10 feet</range>
				<school type="string">Conjuration</school>
				<source type="string">Druid, Eldritch Knight, Sorcerer, Warlock, Wizard, Arcane Trickster</source>
			</id-00004>
			<id-00005>
				<actions>
					<id-00001>
						<durmod type="number">1</durmod>
						<label type="string">Blinded</label>
						<order type="number">1</order>
						<type type="string">effect</type>
					</id-00001>
				</actions>
				<cast type="number">0</cast>
				<castingtime type="string">1 action</castingtime>
				<components type="string">V, S, M (a pinch of powder or sand that is colored red, yellow, and blue)</components>
				<description type="formattedtext">
					<p>A dazzling array of flashing, colored light springs from your hand. Roll 6d10; the total is how many hit points of creatures this spell can effect. Creatures in a 15-foot cone originating from you are affected in ascending order of their current hit points (ignoring unconscious creatures and creatures that can't see).</p>
					<p>Starting with the creature that has the lowest current hit points, each creature affected by this spell is blinded until the spell ends. Subtract each creature's hit points from the total before moving on to the creature with the next lowest hit points. A creature's hit points must be equal to or less than the remaining total for that creature to be affected.</p>
					<p><b>At Higher Levels. </b>When you cast this spell using a spell slot of 2nd level or higher, roll an additional 2d10 for each slot level above 1st.</p>
				</description>
				<duration type="string">1 round</duration>
				<group type="string">Spells</group>
				<level type="number">1</level>
				<locked type="number">1</locked>
				<name type="string">Color Spray</name>
				<prepared type="number">1</prepared>
				<range type="string">Se lf (15-foot cone)</range>
				<school type="string">Illusion</school>
				<source type="string">Eldritch Knight, Sorcerer, Wizard, Arcane Trickster</source>
			</id-00005>
			<id-00006>
				<actions>
				</actions>
				<cast type="number">0</cast>
				<castingtime type="string">1 action</castingtime>
				<components type="string">V, S</components>
				<description type="formattedtext">
					<p>You create a 20-foot-radius sphere of fog centered on a point within range. The sphere spreads around corners, and its area is heavily obscured. It lasts for the duration or until a wind of moderate or greater speed (at least 10 miles per hour) disperses it.</p>
					<p><b>At Higher Levels. </b>When you cast this spell using a spell slot of 2nd level or higher, the radius of the fog increases by 20 feet for each slot level above 1st.</p>
				</description>
				<duration type="string">Concentration, up to 1 hour</duration>
				<group type="string">Spells</group>
				<level type="number">1</level>
				<locked type="number">1</locked>
				<name type="string">Fog Cloud</name>
				<prepared type="number">1</prepared>
				<range type="string">120 feet</range>
				<school type="string">Conjuration</school>
				<source type="string">Cleric Tempest Domain, Druid, Eldritch Knight, Ranger, Sorcerer, Wizard, Arcane Trickster</source>
			</id-00006>
			<id-00007>
				<actions>
					<id-00001>
						<atktype type="string">ranged</atktype>
						<order type="number">1</order>
						<type type="string">cast</type>
					</id-00001>
					<id-00002>
						<damagelist>
							<id-00001>
								<bonus type="number">0</bonus>
								<dice type="dice">d12</dice>
								<type type="string">lightning</type>
							</id-00001>
						</damagelist>
						<order type="number">2</order>
						<type type="string">damage</type>
					</id-00002>
					<id-00003>
						<damagelist>
							<id-00001>
								<bonus type="number">0</bonus>
								<dice type="dice">d12</dice>
								<type type="string">lightning</type>
							</id-00001>
						</damagelist>
						<order type="number">3</order>
						<type type="string">damage</type>
					</id-00003>
				</actions>
				<cast type="number">0</cast>
				<castingtime type="string">1 action</castingtime>
				<components type="string">V, S, M (a twig from a tree that has been struck by lightning)</components>
				<description type="formattedtext">
					<p>A beam of crackling, blue energy lances out toward a creature within range, forming a sustained arc of lightning between you and the target. Make a ranged spell attack against that creature. On a hit, the target takes 1d12 lightning damage, and on each of your turns for the duration, you can use your action to deal 1d12 lightning damage to the target automatically. The spell ends if you use your action to do anything else. The spell also ends if the target is ever outside the spell's range or if it has total cover from you.</p>
					<p><b>At Higher Levels. </b>When you cast this spell using a spell slot of 2nd level or higher, the initial damage increases by 1d12 for each slot level above 1st.</p>
				</description>
				<duration type="string">Concentration, up to 1 minute</duration>
				<group type="string">Spells</group>
				<level type="number">1</level>
				<locked type="number">1</locked>
				<name type="string">Witch Bolt</name>
				<prepared type="number">1</prepared>
				<range type="string">30 feet</range>
				<school type="string">Evocation</school>
				<source type="string">Eldritch Knight, Sorcerer, Warlock, Wizard, Arcane Trickster</source>
			</id-00007>
			<id-00008>
				<actions>
					<id-00001>
						<atktype type="string">ranged</atktype>
						<order type="number">1</order>
						<type type="string">cast</type>
					</id-00001>
					<id-00002>
						<damagelist>
							<id-00001>
								<bonus type="number">0</bonus>
								<dice type="dice">d6,d6</dice>
								<type type="string">fire</type>
							</id-00001>
						</damagelist>
						<order type="number">2</order>
						<type type="string">damage</type>
					</id-00002>
				</actions>
				<cast type="number">0</cast>
				<castingtime type="string">1 action</castingtime>
				<components type="string">V, S</components>
				<description type="formattedtext">
					<p>You create three rays of fire and hurl them at targets within range. You can hurl them at one target or several. Make a ranged spell attack for each ray. On a hit, the target takes 2d6 fire damage.</p>
					<p><b>At Higher Levels. </b>When you cast this spell using a spell slot of 3rd level or higher, you create one additional ray for each slot level above 2nd.</p>
				</description>
				<duration type="string">Instantaneous</duration>
				<group type="string">Spells</group>
				<level type="number">2</level>
				<locked type="number">1</locked>
				<name type="string">Scorching Ray</name>
				<prepared type="number">1</prepared>
				<range type="string">120 feet</range>
				<ritual type="number">0</ritual>
				<school type="string">Evocation</school>
				<source type="string">Cleric Light Domain, Eldritch Knight, Warlock (Fiend), Sorcerer, Wizard, Arcane Trickster</source>
			</id-00008>
		</powers>
		<profbonus type="number">2</profbonus>
		<proficiencylist>
			<id-00001>
				<name type="string">Tool: Herbalism kit</name>
			</id-00001>
			<id-00002>
				<name type="string">Weapon: Daggers, darts, slings, quarterstaffs, light crossbows</name>
			</id-00002>
		</proficiencylist>
		<race type="string">Half-Elf</race>
		<racelink type="windowreference">
			<class>reference_race</class>
			<recordname>reference.racedata.half_elf@DD PHB Deluxe</recordname>
		</racelink>
		<senses type="string">Darkvision 60</senses>
		<size type="string">Medium</size>
		<skilllist>
			<id-00001>
				<misc type="number">0</misc>
				<name type="string">Perception</name>
				<prof type="number">1</prof>
				<stat type="string">wisdom</stat>
				<total type="number">4</total>
			</id-00001>
			<id-00002>
				<misc type="number">0</misc>
				<name type="string">Medicine</name>
				<prof type="number">1</prof>
				<stat type="string">wisdom</stat>
				<total type="number">4</total>
			</id-00002>
			<id-00003>
				<misc type="number">0</misc>
				<name type="string">Religion</name>
				<prof type="number">1</prof>
				<stat type="string">intelligence</stat>
				<total type="number">4</total>
			</id-00003>
			<id-00004>
				<misc type="number">0</misc>
				<name type="string">Arcana</name>
				<prof type="number">1</prof>
				<stat type="string">intelligence</stat>
				<total type="number">4</total>
			</id-00004>
			<id-00005>
				<misc type="number">0</misc>
				<name type="string">Persuasion</name>
				<prof type="number">1</prof>
				<stat type="string">charisma</stat>
				<total type="number">6</total>
			</id-00005>
			<id-00006>
				<misc type="number">0</misc>
				<name type="string">Nature</name>
				<prof type="number">1</prof>
				<stat type="string">intelligence</stat>
				<total type="number">4</total>
			</id-00006>
			<id-00007>
				<misc type="number">0</misc>
				<name type="string">Survival</name>
				<prof type="number">0</prof>
				<stat type="string">wisdom</stat>
				<total type="number">2</total>
			</id-00007>
			<id-00008>
				<misc type="number">0</misc>
				<name type="string">Performance</name>
				<prof type="number">0</prof>
				<stat type="string">charisma</stat>
				<total type="number">4</total>
			</id-00008>
			<id-00009>
				<misc type="number">0</misc>
				<name type="string">Acrobatics</name>
				<prof type="number">0</prof>
				<stat type="string">dexterity</stat>
				<total type="number">3</total>
			</id-00009>
			<id-00010>
				<misc type="number">0</misc>
				<name type="string">Athletics</name>
				<prof type="number">0</prof>
				<stat type="string">strength</stat>
				<total type="number">0</total>
			</id-00010>
			<id-00011>
				<misc type="number">0</misc>
				<name type="string">Sleight of Hand</name>
				<prof type="number">0</prof>
				<stat type="string">dexterity</stat>
				<total type="number">3</total>
			</id-00011>
			<id-00012>
				<misc type="number">0</misc>
				<name type="string">Insight</name>
				<prof type="number">0</prof>
				<stat type="string">wisdom</stat>
				<total type="number">2</total>
			</id-00012>
			<id-00013>
				<misc type="number">0</misc>
				<name type="string">Intimidation</name>
				<prof type="number">0</prof>
				<stat type="string">charisma</stat>
				<total type="number">4</total>
			</id-00013>
			<id-00014>
				<misc type="number">0</misc>
				<name type="string">Deception</name>
				<prof type="number">0</prof>
				<stat type="string">charisma</stat>
				<total type="number">4</total>
			</id-00014>
			<id-00015>
				<misc type="number">0</misc>
				<name type="string">Investigation</name>
				<prof type="number">0</prof>
				<stat type="string">intelligence</stat>
				<total type="number">2</total>
			</id-00015>
			<id-00016>
				<misc type="number">0</misc>
				<name type="string">Stealth</name>
				<prof type="number">0</prof>
				<stat type="string">dexterity</stat>
				<total type="number">3</total>
			</id-00016>
			<id-00017>
				<misc type="number">0</misc>
				<name type="string">History</name>
				<prof type="number">0</prof>
				<stat type="string">intelligence</stat>
				<total type="number">2</total>
			</id-00017>
			<id-00018>
				<misc type="number">0</misc>
				<name type="string">Animal Handling</name>
				<prof type="number">0</prof>
				<stat type="string">wisdom</stat>
				<total type="number">2</total>
			</id-00018>
		</skilllist>
		<speed>
			<armor type="number">0</armor>
			<base type="number">30</base>
			<misc type="number">0</misc>
			<temporary type="number">0</temporary>
			<total type="number">30</total>
		</speed>
		<temp>
		</temp>
		<token type="token"></token>
		<traitlist>
			<id-00001>
				<locked type="number">1</locked>
				<name type="string">Skill Versatility</name>
				<source type="string">Half-Elf</source>
				<text type="formattedtext">
					<p>You gain proficiency in two skills of your choice.</p>
				</text>
				<type type="string">racial</type>
			</id-00001>
			<id-00002>
				<locked type="number">1</locked>
				<name type="string">Fey Ancestry</name>
				<source type="string">Half-Elf</source>
				<text type="formattedtext">
					<p>You have advantage on saving throws against being charmed, and magic can't put you to sleep.</p>
				</text>
				<type type="string">racial</type>
			</id-00002>
		</traitlist>
		<weaponlist>
			<id-00001>
				<attackbonus type="number">0</attackbonus>
				<carried type="number">2</carried>
				<damagelist>
					<id-00001>
						<bonus type="number">0</bonus>
						<dice type="dice">d8</dice>
						<stat type="string">base</stat>
						<type type="string">piercing</type>
					</id-00001>
				</damagelist>
				<isidentified type="number">1</isidentified>
				<maxammo type="number">0</maxammo>
				<name type="string">Crossbow, Light</name>
				<prof type="number">1</prof>
				<shortcut type="windowreference">
					<class>item</class>
					<recordname>....inventorylist.id-00001</recordname>
				</shortcut>
				<type type="number">1</type>
			</id-00001>
			<id-00002>
				<attackbonus type="number">0</attackbonus>
				<attackstat type="string">dexterity</attackstat>
				<carried type="number">2</carried>
				<damagelist>
					<id-00001>
						<bonus type="number">0</bonus>
						<dice type="dice">d4</dice>
						<stat type="string">dexterity</stat>
						<type type="string">piercing</type>
					</id-00001>
				</damagelist>
				<isidentified type="number">1</isidentified>
				<maxammo type="number">0</maxammo>
				<name type="string">Dagger</name>
				<prof type="number">1</prof>
				<shortcut type="windowreference">
					<class>item</class>
					<recordname>....inventorylist.id-00002</recordname>
				</shortcut>
				<type type="number">0</type>
			</id-00002>
			<id-00003>
				<attackbonus type="number">0</attackbonus>
				<attackstat type="string">dexterity</attackstat>
				<carried type="number">2</carried>
				<damagelist>
					<id-00001>
						<bonus type="number">0</bonus>
						<dice type="dice">d4</dice>
						<stat type="string">dexterity</stat>
						<type type="string">piercing</type>
					</id-00001>
				</damagelist>
				<isidentified type="number">1</isidentified>
				<maxammo type="number">0</maxammo>
				<name type="string">Dagger</name>
				<prof type="number">1</prof>
				<shortcut type="windowreference">
					<class>item</class>
					<recordname>....inventorylist.id-00002</recordname>
				</shortcut>
				<type type="number">2</type>
			</id-00003>
		</weaponlist>
		<weight type="string">140 lbs</weight>
	</character>
</root>
