<?xml version="1.0" encoding="iso-8859-1"?>
<root version="3.3" release="7|CoreRPG:3">
	<character>
		<abilities>
			<charisma>
				<bonus type="number">1</bonus>
				<save type="number">1</save>
				<savemodifier type="number">0</savemodifier>
				<saveprof type="number">0</saveprof>
				<score type="number">13</score>
			</charisma>
			<constitution>
				<bonus type="number">2</bonus>
				<save type="number">2</save>
				<savemodifier type="number">0</savemodifier>
				<saveprof type="number">0</saveprof>
				<score type="number">15</score>
			</constitution>
			<dexterity>
				<bonus type="number">3</bonus>
				<save type="number">3</save>
				<savemodifier type="number">0</savemodifier>
				<saveprof type="number">0</saveprof>
				<score type="number">16</score>
			</dexterity>
			<intelligence>
				<bonus type="number">1</bonus>
				<save type="number">3</save>
				<savemodifier type="number">0</savemodifier>
				<saveprof type="number">1</saveprof>
				<score type="number">12</score>
			</intelligence>
			<strength>
				<bonus type="number">0</bonus>
				<save type="number">0</save>
				<savemodifier type="number">0</savemodifier>
				<saveprof type="number">0</saveprof>
				<score type="number">10</score>
			</strength>
			<wisdom>
				<bonus type="number">3</bonus>
				<save type="number">5</save>
				<savemodifier type="number">0</savemodifier>
				<saveprof type="number">1</saveprof>
				<score type="number">16</score>
			</wisdom>
		</abilities>
		<adventurelist>
		</adventurelist>
		<age type="string">145</age>
		<alignment type="string">Chaotic Good</alignment>
		<background type="string">Sage</background>
		<backgroundlink type="windowreference">
			<class>reference_background</class>
			<recordname>reference.backgrounddata.sage@DD PHB Deluxe</recordname>
		</backgroundlink>
		<bonds type="string">I've been searching my whole life for the answer to a certain question.</bonds>
		<classes>
			<id-00001>
				<casterlevelinvmult type="number">1</casterlevelinvmult>
				<hddie type="dice">d8</hddie>
				<hdused type="number">0</hdused>
				<level type="number">3</level>
				<name type="string">Druid</name>
				<shortcut type="windowreference">
					<class>reference_class</class>
					<recordname>reference.classdata.druid@DD PHB Deluxe</recordname>
				</shortcut>
			</id-00001>
		</classes>
		<coins>
			<slot1>
				<amount type="number">10</amount>
				<name type="string">GP</name>
			</slot1>
			<slot2>
			</slot2>
			<slot3>
			</slot3>
			<slot4>
			</slot4>
			<slot5>
			</slot5>
			<slot6>
			</slot6>
		</coins>
		<defenses>
			<ac>
				<armor type="number">1</armor>
				<misc type="number">0</misc>
				<prof type="number">1</prof>
				<shield type="number">2</shield>
				<temporary type="number">0</temporary>
				<total type="number">16</total>
			</ac>
		</defenses>
		<deity type="string">Thor</deity>
		<encumbrance>
			<encumbered type="number">50</encumbered>
			<encumberedheavy type="number">100</encumberedheavy>
			<liftpushdrag type="number">300</liftpushdrag>
			<load type="number">81</load>
			<max type="number">150</max>
		</encumbrance>
		<featlist>
		</featlist>
		<featurelist>
			<id-00001>
				<locked type="number">1</locked>
				<name type="string">Researcher</name>
				<source type="string">Sage</source>
				<text type="formattedtext">
					<p>When you attempt to learn or recall a piece of lore, if you do not know that information, you often know where and from whom you can obtain it. Usually, this information comes from a library, scriptorium, university, or a sage or other learned person or creature. Your DM might rule that the knowledge you seek is secreted away in an almost inaccessible place, or that it simply cannot be found. Unearthing the deepest secrets of the multiverse can require an adventure or even a whole campaign.</p>
				</text>
			</id-00001>
			<id-00002>
				<level type="number">1</level>
				<locked type="number">1</locked>
				<name type="string">Spellcasting</name>
				<source type="string">Druid</source>
				<specializationchoice type="number">0</specializationchoice>
				<text type="formattedtext">
					<p>Drawing on the divine essence of nature itself, you can cast spells to shape that essence to your will. See chapter 10 for the general rules of spellcasting and chapter 11 for the druid spell list.</p>
					<linklist>
						<link class="reference_colindex" recordname="reference.spelllists.druid@DD PHB Deluxe">Druid Spells</link>
					</linklist>
					<p><b>Cantrips</b></p>
					<p>At 1st level, you know two cantrips of your choice from the druid spell list. You learn additional druid cantrips of your choice at higher levels, as shown in the Cantrips Known column of the Druid table.</p>
					<p><b>Preparing and Casting Spells</b></p>
					<p>The Druid table shows how many spell slots you have to cast your spells of 1st level and higher. To cast one of these druid spells, you must expend a slot of the spell's level or higher. You regain all expended spell slots when you finish a long rest.</p>
					<p>You prepare the list of druid spells that are available for you to cast, choosing from the druid spell list. When you do so, choose a number of druid spells equal to your Wisdom modifier + your druid level (minimum of one spell). The spells must be of a level for which you have spell slots.</p>
					<p>For example, if you are, a 3rd level druid, you have four 1st-level and two 2nd-level spell slots. With a Wisdom of 16, your list of prepared spells can include six spells of 1st or 2nd level, in any combination. If you prepare the 1st-Level spell cure wounds, you can cast it using a 1st-level or 2nd-level slot. Casting the spell doesn't remove it from your list of prepared spells.</p>
					<p>You can also change your list of prepared spells when you finish a long rest. Preparing a new list of druid spells requires time spent in prayer and meditation: at least 1 minute per spell level for each spell on your list.</p>
					<p><b>Spellcasting Ability</b></p>
					<p>Wisdom is your spellcasting ability for your druid spells, since your magic draws upon your devotion and attunement to nature. You use your Wisdom whenever a spell refers to your spellcasting ability. In addition, you use your Wisdom modifier when setting the saving throw DC for a druid spell you cast and when making an attack roll with one.</p>
					<p><b>Spell Save DC </b>= 8 + your Wisdom modifier + your proficiency bonus</p>
					<p><b>Spell Attack Bonus </b>= your Wisdom modifier + your proficiency bonus</p>
					<p><b>Ritual Casting</b></p>
					<p>You can cast a druid spell as a ritual if that spell has the ritual tag and you have the spell prepared. To cast a spell as a ritual, you must add 10 minutes to the spell's casting time, as normal.</p>
					<p><b>Spellcasting Focus</b></p>
					<p>You can use a druidic focus, such as a yew wand or a sprig of mistletoe, as the material component for a druid spell, as described in chapter 10.</p>
				</text>
			</id-00002>
			<id-00003>
				<level type="number">1</level>
				<locked type="number">1</locked>
				<name type="string">Druidic</name>
				<source type="string">Druid</source>
				<text type="formattedtext">
					<p>You know Druidic, the secret language of druids. You can speak the language and use it to leave hidden messages. You and others who know this language automatically spot such a message. Others spot the message's presence with a successful DC 15 Wisdom (Perception) check but can't decipher it without magic.</p>
				</text>
			</id-00003>
			<id-00004>
				<level type="number">1</level>
				<locked type="number">1</locked>
				<name type="string">Circle of the Land</name>
				<source type="string">Druid</source>
				<text type="formattedtext">
					<p>The Circle of the Land is made up of mystics and sages who safeguard ancient knowledge and rites through a vast oral tradition. These druids meet within sacred circles of trees or stone to whisper primal secrets in Druidic. The circle's wisest members serve as the chief priests of communities that hold to the Old Faith and as advisers to the rulers of those folk.</p>
					<p>As a member of this circle, your magic is influenced by the land where you were initiated into the circle's mysteries.</p>
					<h>Features</h>
					<linklist>
						<link class="reference_classfeature" recordname="reference.classdata.druid.features.bonuscantrip2@DD PHB Deluxe">Bonus Cantrip</link>
						<link class="reference_classfeature" recordname="reference.classdata.druid.features.naturalrecovery2@DD PHB Deluxe">Natural Recovery</link>
						<link class="reference_classfeature" recordname="reference.classdata.druid.features.circlespells3@DD PHB Deluxe">Circle Spells</link>
						<link class="reference_classfeature" recordname="reference.classdata.druid.features.land_sstride6@DD PHB Deluxe">Land's Stride</link>
						<link class="reference_classfeature" recordname="reference.classdata.druid.features.nature_sward10@DD PHB Deluxe">Nature's Ward</link>
						<link class="reference_classfeature" recordname="reference.classdata.druid.features.nature_ssanctuary14@DD PHB Deluxe">Nature's Sanctuary</link>
					</linklist>
				</text>
			</id-00004>
			<id-00005>
				<level type="number">2</level>
				<locked type="number">1</locked>
				<name type="string">Wild Shape</name>
				<source type="string">Druid</source>
				<text type="formattedtext">
					<p>Starting at 2nd level, you can use your action to magically assume the shape of a beast. You can use this feature twice, and you regain expended uses when you finish a short or long rest.</p>
					<p>Your druid level determines the beasts you can transform into, as shown in the Beast Shapes table. At 2nd level, for example, you can transform into any beast that has a Challenge Rating of 1/4 or lower that doesn't have a fly or swim speed.</p>
					<p><b>Beast Shapes</b></p>
					<table>
						<tr>
							<td><b>Level</b></td>
							<td><b>Max. CR</b></td>
							<td><b>Limitations</b></td>
							<td><b>Example</b></td>
						</tr>
						<tr>
							<td>2nd</td>
							<td>1/4</td>
							<td>No flying or swimming speed</td>
							<td>Wolf</td>
						</tr>
						<tr>
							<td>4th</td>
							<td>1/2</td>
							<td>No flying speed</td>
							<td>Crocodile</td>
						</tr>
						<tr>
							<td>8th</td>
							<td>1</td>
							<td>-</td>
							<td>Giant eagle</td>
						</tr>
					</table>
					<p>You can stay in a beast shape for a number of hours equal to half your druid level (rounded down). You then revert to your normal form unless you expend another use of this feature.</p>
					<p>You can revert to your normal form earlier by using a bonus action on your turn. You automatically revert to your normal form if you fall unconscious, drop to 0 hit points, or die.</p>
					<p>While you are transformed, the following rules apply:</p>
					<list>
						<li>Your game statistics are replaced by the statistics of the beast, but you retain your alignment and your Intelligence, Wisdom, and Charisma scores. You also retain all of your skill and saving throw proficiencies, in addition to gaining those of the creature. If both you and the creature have the same proficiency, use only the higher bonus.</li>
						<li>When you transform, you assume the beast's hit points. When you revert to your normal form, you return to the number of hit points you had before you transformed. If you revert as a result of dropping to 0 hit points, however, any excess damage carries over to your normal form. For example, if you take 10 damage in animal form and have only 1 hit point left, you revert to your normal form and take 9 damage.</li>
						<li>You can't cast spells, speak, or take any action that requires hands. Transforming doesn't break your concentration on a spell you've already cast, however, or prevent you from taking actions that are part of a spell you've already cast, such as call lightning.</li>
						<li>You retain the benefit of any feature from your class, race, or other source and can use them if the new form is physically capable of doing so. However, you can't use any of your special senses, such as darkvision, unless your new form also has that sense.</li>
						<li>You choose whether your equipment falls to the ground in your space, merges into your new form, or is worn by it. Worn equipment functions as normal, but the DM decides whether it is practical for the new form to wear a piece of equipment, based on the creature's shape or size. Your equipment doesn't change size or shape to match the new form, and any equipment that the new form can't wear must either fall to the ground or merge with it. Equipment that merges with the form has no effect until you leave the form.</li>
					</list>
				</text>
			</id-00005>
			<id-00006>
				<level type="number">2</level>
				<locked type="number">1</locked>
				<name type="string">Bonus Cantrip</name>
				<source type="string">Druid</source>
				<specialization type="string">Circle of the Land</specialization>
				<text type="formattedtext">
					<p>When you choose this circle at 2nd level, you learn one additional druid cantrip of your choice.</p>
				</text>
			</id-00006>
			<id-00007>
				<level type="number">2</level>
				<locked type="number">1</locked>
				<name type="string">Natural Recovery</name>
				<source type="string">Druid</source>
				<specialization type="string">Circle of the Land</specialization>
				<text type="formattedtext">
					<p>Starting at 2nd level, you can regain some of your magical energy by sitting in meditation and communing with nature. Once per day during a short rest, you choose expended spell slots to recover. The spell slots can have a combined level that is equal to or less than half your druid level (rounded up), and none of the slots can be 6th level or higher.</p>
					<p>For example, when you are a 4th-level druid, you can recover up to two levels worth of spell slots. You can recover either a 2nd-level spell slot or two 1st-level spell slots.</p>
				</text>
			</id-00007>
			<id-00008>
				<level type="number">3</level>
				<locked type="number">1</locked>
				<name type="string">Circle Spells (Forest)</name>
				<source type="string">Druid</source>
				<specialization type="string">Circle of the Land</specialization>
				<text type="formattedtext">
					<p>Your mystical connection to the land infuses you with the ability to cast certain spells. At 3rd, 5th, 7th, and 9th level you gain access to circle spells connected to the land where you became a druid. Choose that land-arctic, coast, desert, forest, grassland, mountain, or swamp-and consult the associated list of spells.</p>
					<p>Once you gain access to a circle spell, you always have it prepared, and it doesn't count against the number of spells you can prepare each day. If you gain access to a spell that doesn't appear on the druid spell list, the spell is nonetheless a druid spell for you.</p>
					<h>Arctic</h>
					<p><b>Druid Level - Spell</b></p>
					<linklist>
						<link class="reference_spell" recordname="reference.spelldata.holdperson@DD PHB Deluxe"><b>Spell: </b></link>3rd - Hold Person</linklist>
						<link class="reference_spell" recordname="reference.spelldata.spikegrowth@DD PHB Deluxe"><b>Spell: </b></link>3rd - Spike Growth
						<link class="reference_spell" recordname="reference.spelldata.sleetstorm@DD PHB Deluxe"><b>Spell: </b></link>5th - Sleet Storm
						<link class="reference_spell" recordname="reference.spelldata.slow@DD PHB Deluxe"><b>Spell: </b></link>5th - Slow
						<link class="reference_spell" recordname="reference.spelldata.freedomofmovement@DD PHB Deluxe"><b>Spell: </b></link>7th - Freedom of Movement
						<link class="reference_spell" recordname="reference.spelldata.icestorm@DD PHB Deluxe"><b>Spell: </b></link>7th - Ice Storm
						<link class="reference_spell" recordname="reference.spelldata.communewithnature@DD PHB Deluxe"><b>Spell: </b></link>9th - Commune with Nature
						<link class="reference_spell" recordname="reference.spelldata.coneofcold@DD PHB Deluxe"><b>Spell: </b></link>9th - Cone of Cold
					<h>Coast</h>
					<p><b>Druid Level - Spell</b></p>
					<linklist>
						<link class="reference_spell" recordname="reference.spelldata.mirrorimage@DD PHB Deluxe"><b>Spell: </b></link>3rd - Mirror Image</linklist>
						<link class="reference_spell" recordname="reference.spelldata.mistystep@DD PHB Deluxe"><b>Spell: </b></link>3rd - Misty Step
						<link class="reference_spell" recordname="reference.spelldata.waterbreathing@DD PHB Deluxe"><b>Spell: </b></link>5th - Water Breathing
						<link class="reference_spell" recordname="reference.spelldata.waterwalk@DD PHB Deluxe"><b>Spell: </b></link>5th - Water Walk
						<link class="reference_spell" recordname="reference.spelldata.controlwater@DD PHB Deluxe"><b>Spell: </b></link>7th - Control Water
						<link class="reference_spell" recordname="reference.spelldata.freedomofmovement@DD PHB Deluxe"><b>Spell: </b></link>7th - Freedom of Movement
						<link class="reference_spell" recordname="reference.spelldata.conjureelemental@DD PHB Deluxe"><b>Spell: </b></link>9th - Conjure Elemental
						<link class="reference_spell" recordname="reference.spelldata.scrying@DD PHB Deluxe"><b>Spell: </b></link>9th - Scrying
					<h>Desert</h>
					<p><b>Druid Level - Spell</b></p>
					<linklist>
						<link class="reference_spell" recordname="reference.spelldata.blur@DD PHB Deluxe"><b>Spell: </b></link>3rd - Blur</linklist>
						<link class="reference_spell" recordname="reference.spelldata.silence@DD PHB Deluxe"><b>Spell: </b></link>3rd - Silence
						<link class="reference_spell" recordname="reference.spelldata.createfoodandwater@DD PHB Deluxe"><b>Spell: </b></link>5th - Create Food and Water
						<link class="reference_spell" recordname="reference.spelldata.protectionfromenergy@DD PHB Deluxe"><b>Spell: </b></link>5th - Protection from Energy
						<link class="reference_spell" recordname="reference.spelldata.blight@DD PHB Deluxe"><b>Spell: </b></link>7th - Blight
						<link class="reference_spell" recordname="reference.spelldata.hallucinatoryterrain@DD PHB Deluxe"><b>Spell: </b></link>7th - Hallucinatory Terrain
						<link class="reference_spell" recordname="reference.spelldata.insectplague@DD PHB Deluxe"><b>Spell: </b></link>9th - Insect Plague
						<link class="reference_spell" recordname="reference.spelldata.wallofstone@DD PHB Deluxe"><b>Spell: </b></link>9th - Wall of Stone
					<h>Forest</h>
					<p><b>Druid Level - Spell</b></p>
					<linklist>
						<link class="reference_spell" recordname="reference.spelldata.barkskin@DD PHB Deluxe"><b>Spell: </b></link>3rd - Barkskin</linklist>
						<link class="reference_spell" recordname="reference.spelldata.spiderclimb@DD PHB Deluxe"><b>Spell: </b></link>3rd - Spider Climb
						<link class="reference_spell" recordname="reference.spelldata.calllightning@DD PHB Deluxe"><b>Spell: </b></link>5th - Call Lightning
						<link class="reference_spell" recordname="reference.spelldata.plantgrowth@DD PHB Deluxe"><b>Spell: </b></link>5th - Plant Growth
						<link class="reference_spell" recordname="reference.spelldata.divination@DD PHB Deluxe"><b>Spell: </b></link>7th - Divination
						<link class="reference_spell" recordname="reference.spelldata.freedomofmovement@DD PHB Deluxe"><b>Spell: </b></link>7th - Freedom of Movement
						<link class="reference_spell" recordname="reference.spelldata.communewithnature@DD PHB Deluxe"><b>Spell: </b></link>9th - Commune with Nature
						<link class="reference_spell" recordname="reference.spelldata.treestride@DD PHB Deluxe"><b>Spell: </b></link>9th - Tree Stride
					<h>Grassland</h>
					<p><b>Druid Level - Spell</b></p>
					<linklist>
						<link class="reference_spell" recordname="reference.spelldata.invisibility@DD PHB Deluxe"><b>Spell: </b></link>3rd - Invisibility</linklist>
						<link class="reference_spell" recordname="reference.spelldata.passwithouttrace@DD PHB Deluxe"><b>Spell: </b></link>3rd - Pass without Trace
						<link class="reference_spell" recordname="reference.spelldata.daylight@DD PHB Deluxe"><b>Spell: </b></link>5th - Daylight
						<link class="reference_spell" recordname="reference.spelldata.haste@DD PHB Deluxe"><b>Spell: </b></link>5th - Haste
						<link class="reference_spell" recordname="reference.spelldata.freedomofmovement@DD PHB Deluxe"><b>Spell: </b></link>7th - Freedom of Movement
						<link class="reference_spell" recordname="reference.spelldata.divination@DD PHB Deluxe"><b>Spell: </b></link>7th - Divination
						<link class="reference_spell" recordname="reference.spelldata.dream@DD PHB Deluxe"><b>Spell: </b></link>9th - Dream
						<link class="reference_spell" recordname="reference.spelldata.insectplague@DD PHB Deluxe"><b>Spell: </b></link>9th - Insect Plague
					<h>Mountain</h>
					<p><b>Druid Level - Spell</b></p>
					<linklist>
						<link class="reference_spell" recordname="reference.spelldata.spiderclimb@DD PHB Deluxe"><b>Spell: </b></link>3rd - Spider Climb</linklist>
						<link class="reference_spell" recordname="reference.spelldata.spikegrowth@DD PHB Deluxe"><b>Spell: </b></link>3rd - Spike Growth
						<link class="reference_spell" recordname="reference.spelldata.lightningbolt@DD PHB Deluxe"><b>Spell: </b></link>5th - Lightning Bolt
						<link class="reference_spell" recordname="reference.spelldata.meldintostone@DD PHB Deluxe"><b>Spell: </b></link>5th - Meld into Stone
						<link class="reference_spell" recordname="reference.spelldata.stoneshape@DD PHB Deluxe"><b>Spell: </b></link>7th - Stone Shape
						<link class="reference_spell" recordname="reference.spelldata.stoneskin@DD PHB Deluxe"><b>Spell: </b></link>7th - Stoneskin
						<link class="reference_spell" recordname="reference.spelldata.passwall@DD PHB Deluxe"><b>Spell: </b></link>9th - Passwall
						<link class="reference_spell" recordname="reference.spelldata.wallofstone@DD PHB Deluxe"><b>Spell: </b></link>9th - Wall of Stone
					<h>Swamp</h>
					<p><b>Druid Level - Spell</b></p>
					<linklist>
						<link class="reference_spell" recordname="reference.spelldata.darkness@DD PHB Deluxe"><b>Spell: </b></link>3rd - Darkness</linklist>
						<link class="reference_spell" recordname="reference.spelldata.melf_sacidarrow@DD PHB Deluxe"><b>Spell: </b></link>3rd - Melf's Acid Arrow
						<link class="reference_spell" recordname="reference.spelldata.waterwalk@DD PHB Deluxe"><b>Spell: </b></link>5th - Water Walk
						<link class="reference_spell" recordname="reference.spelldata.stinkingcloud@DD PHB Deluxe"><b>Spell: </b></link>5th - Stinking Cloud
						<link class="reference_spell" recordname="reference.spelldata.freedomofmovement@DD PHB Deluxe"><b>Spell: </b></link>7th - Freedom of Movement
						<link class="reference_spell" recordname="reference.spelldata.locatecreature@DD PHB Deluxe"><b>Spell: </b></link>7th - Locate Creature
						<link class="reference_spell" recordname="reference.spelldata.insectplague@DD PHB Deluxe"><b>Spell: </b></link>9th - Insect Plague
						<link class="reference_spell" recordname="reference.spelldata.scrying@DD PHB Deluxe"><b>Spell: </b></link>9th - Scrying
					<h>Underdark</h>
					<p><b>Druid Level - Spell</b></p>
					<linklist>
						<link class="reference_spell" recordname="reference.spelldata.spiderclimb@DD PHB Deluxe"><b>Spell: </b></link>3rd - Spider Climb</linklist>
						<link class="reference_spell" recordname="reference.spelldata.web@DD PHB Deluxe"><b>Spell: </b></link>3rd - Web
						<link class="reference_spell" recordname="reference.spelldata.gaseousform@DD PHB Deluxe"><b>Spell: </b></link>5th - Gaseous Form
						<link class="reference_spell" recordname="reference.spelldata.stinkingcloud@DD PHB Deluxe"><b>Spell: </b></link>5th - Stinking Cloud
						<link class="reference_spell" recordname="reference.spelldata.greaterinvisibility@DD PHB Deluxe"><b>Spell: </b></link>7th - Greater Invisibility
						<link class="reference_spell" recordname="reference.spelldata.stoneshape@DD PHB Deluxe"><b>Spell: </b></link>7th - Stone Shape
						<link class="reference_spell" recordname="reference.spelldata.cloudkill@DD PHB Deluxe"><b>Spell: </b></link>9th - Cloudkill
						<link class="reference_spell" recordname="reference.spelldata.insectplague@DD PHB Deluxe"><b>Spell: </b></link>9th - Insect Plague
				</text>
			</id-00008>
		</featurelist>
		<flaws type="string">I overlook obvious solutions in favor of complicated ones.</flaws>
		<gender type="string">Male</gender>
		<height type="string">5' 11&#34;</height>
		<hp>
			<temporary type="number">0</temporary>
			<total type="number">24</total>
			<wounds type="number">0</wounds>
		</hp>
		<ideals type="string">Self-Improvement. The goal of a life of study is the betterment of oneself. (Any)</ideals>
		<initiative>
			<misc type="number">0</misc>
			<temporary type="number">0</temporary>
			<total type="number">3</total>
		</initiative>
		<inventorylist>
			<id-00001>
				<carried type="number">1</carried>
				<count type="number">1</count>
				<isidentified type="number">1</isidentified>
				<location type="string">Backpack</location>
				<name type="string">Quill</name>
			</id-00001>
			<id-00002>
				<carried type="number">1</carried>
				<count type="number">1</count>
				<isidentified type="number">1</isidentified>
				<location type="string">Backpack</location>
				<name type="string">Bottle of Black Ink</name>
			</id-00002>
			<id-00003>
				<carried type="number">1</carried>
				<count type="number">1</count>
				<isidentified type="number">1</isidentified>
				<location type="string">Backpack</location>
				<name type="string">Small Knife</name>
			</id-00003>
			<id-00004>
				<carried type="number">1</carried>
				<count type="number">1</count>
				<isidentified type="number">1</isidentified>
				<location type="string">Backpack</location>
				<name type="string">Letter from Prof Colin</name>
			</id-00004>
			<id-00005>
				<carried type="number">1</carried>
				<cost type="string">5 sp</cost>
				<count type="number">1</count>
				<isidentified type="number">1</isidentified>
				<locked type="number">1</locked>
				<name type="string">Clothes, Common</name>
				<subtype type="string">Standard</subtype>
				<type type="string">Adventuring Gear</type>
				<weight type="number">3</weight>
			</id-00005>
			<id-00006>
				<carried type="number">2</carried>
				<cost type="string">25 gp</cost>
				<count type="number">1</count>
				<damage type="string">1d6 slashing</damage>
				<isidentified type="number">1</isidentified>
				<locked type="number">1</locked>
				<name type="string">Scimitar</name>
				<properties type="string">Finesse, light</properties>
				<subtype type="string">Martial Weapons</subtype>
				<type type="string">Weapon</type>
				<weight type="number">3</weight>
			</id-00006>
			<id-00007>
				<ac type="number">11</ac>
				<carried type="number">2</carried>
				<cost type="string">10 gp</cost>
				<count type="number">1</count>
				<description type="formattedtext">
					<p>Made from supple and thin materials, light armor favors agile adventurers since it offers some protection without sacrificing mobility. If you wear light armor, you add your Dexterity modifier to the base number from your armor type to determine your Armor Class.</p>
					<p>The breastplate and shoulder protectors of this armor are made of leather that has been stiffened by being boiled in oil. The rest of the armor is made of softer and more flexible materials.</p>
				</description>
				<dexbonus type="string">Yes</dexbonus>
				<isidentified type="number">1</isidentified>
				<locked type="number">1</locked>
				<name type="string">Leather</name>
				<stealth type="string">-</stealth>
				<strength type="string">-</strength>
				<subtype type="string">Light Armor</subtype>
				<type type="string">Armor</type>
				<weight type="number">10</weight>
			</id-00007>
			<id-00008>
				<ac type="number">2</ac>
				<carried type="number">2</carried>
				<cost type="string">10 gp</cost>
				<count type="number">1</count>
				<description type="formattedtext">
					<p>A shield is made from wood or metal and is carried in one hand. Wielding a shield increases your Armor Class by 2. You can benefit from only one shield at a time.</p>
				</description>
				<dexbonus type="string">-</dexbonus>
				<isidentified type="number">1</isidentified>
				<locked type="number">1</locked>
				<name type="string">Wooden Shield</name>
				<stealth type="string">-</stealth>
				<strength type="string">-</strength>
				<subtype type="string">Shield</subtype>
				<type type="string">Armor</type>
				<weight type="number">6</weight>
			</id-00008>
			<id-00009>
				<carried type="number">1</carried>
				<cost type="string">1 gp</cost>
				<count type="number">1</count>
				<isidentified type="number">1</isidentified>
				<location type="string">Backpack</location>
				<locked type="number">1</locked>
				<name type="string">Bedroll</name>
				<subtype type="string">Standard</subtype>
				<type type="string">Adventuring Gear</type>
				<weight type="number">7</weight>
			</id-00009>
			<id-00010>
				<carried type="number">1</carried>
				<cost type="string">5 sp</cost>
				<count type="number">10</count>
				<description type="formattedtext">
					<p>Rations consist of dry foods suitable for extended travel, including jerky, dried fruit, hardtack, and nuts.</p>
				</description>
				<isidentified type="number">1</isidentified>
				<location type="string">Backpack</location>
				<locked type="number">1</locked>
				<name type="string">Rations (1 Day)</name>
				<subtype type="string">Standard</subtype>
				<type type="string">Adventuring Gear</type>
				<weight type="number">2</weight>
			</id-00010>
			<id-00011>
				<carried type="number">1</carried>
				<cost type="string">1 cp</cost>
				<count type="number">10</count>
				<description type="formattedtext">
					<p>A torch burns for 1 hour, providing bright light in a 20-foot radius and dim light for an additional 20 feet. If you make a melee attack with a burning torch and hit, it deals 1 fire damage.</p>
				</description>
				<isidentified type="number">1</isidentified>
				<location type="string">Backpack</location>
				<locked type="number">1</locked>
				<name type="string">Torch</name>
				<subtype type="string">Standard</subtype>
				<type type="string">Adventuring Gear</type>
				<weight type="number">1</weight>
			</id-00011>
			<id-00012>
				<carried type="number">1</carried>
				<cost type="string">5 sp</cost>
				<count type="number">1</count>
				<description type="formattedtext">
					<p>This small container holds flint, fire steel, and tinder (usually dry cloth soaked in light oil) used to kindle a fire. Using it to light a torch-or anything else with abundant, exposed fuel-takes an action. Lighting any other fire takes 1 minute.</p>
				</description>
				<isidentified type="number">1</isidentified>
				<location type="string">Backpack</location>
				<locked type="number">1</locked>
				<name type="string">Tinderbox</name>
				<subtype type="string">Standard</subtype>
				<type type="string">Adventuring Gear</type>
				<weight type="number">1</weight>
			</id-00012>
			<id-00013>
				<carried type="number">1</carried>
				<cost type="string">2 sp</cost>
				<count type="number">1</count>
				<isidentified type="number">1</isidentified>
				<location type="string">Backpack</location>
				<locked type="number">1</locked>
				<name type="string">Waterskin</name>
				<subtype type="string">Standard</subtype>
				<type type="string">Adventuring Gear</type>
				<weight type="number">5</weight>
			</id-00013>
			<id-00014>
				<carried type="number">1</carried>
				<cost type="string">2 sp</cost>
				<count type="number">1</count>
				<description type="formattedtext">
					<p>This tin box contains a cup and simple cutlery. The box clamps together, and one side can be used as a cooking pan and the other as a plate or shallow bowl.</p>
				</description>
				<isidentified type="number">1</isidentified>
				<location type="string">Backpack</location>
				<locked type="number">1</locked>
				<name type="string">Mess Kit</name>
				<subtype type="string">Equipment Kits</subtype>
				<type type="string">Adventuring Gear</type>
				<weight type="number">1</weight>
			</id-00014>
			<id-00015>
				<carried type="number">1</carried>
				<cost type="string">1 gp</cost>
				<count type="number">1</count>
				<isidentified type="number">1</isidentified>
				<location type="string">Backpack</location>
				<locked type="number">1</locked>
				<name type="string">Rope, Hempen (50 Feet)</name>
				<subtype type="string">Standard</subtype>
				<type type="string">Adventuring Gear</type>
				<weight type="number">10</weight>
			</id-00015>
			<id-00016>
				<carried type="number">1</carried>
				<cost type="string">2 gp</cost>
				<count type="number">1</count>
				<isidentified type="number">1</isidentified>
				<locked type="number">1</locked>
				<name type="string">Backpack</name>
				<subtype type="string">Standard</subtype>
				<type type="string">Adventuring Gear</type>
				<weight type="number">5</weight>
			</id-00016>
			<id-00017>
				<carried type="number">1</carried>
				<count type="number">1</count>
				<isidentified type="number">1</isidentified>
				<name type="string">Sprig of Mistletoe</name>
			</id-00017>
		</inventorylist>
		<languagelist>
			<id-00001>
				<name type="string">Common </name>
			</id-00001>
			<id-00002>
				<name type="string">Elvish</name>
			</id-00002>
			<id-00003>
				<name type="string">Dwarvish</name>
			</id-00003>
			<id-00004>
				<name type="string">Goblin</name>
			</id-00004>
			<id-00005>
				<name type="string">Draconic</name>
			</id-00005>
		</languagelist>
		<level type="number">3</level>
		<name type="string">High Elf (Land Druid)</name>
		<perception type="number">15</perception>
		<perceptionmodifier type="number">0</perceptionmodifier>
		<personalitytraits type="string">I . . . speak . . . slowly . . . when talking . . . to idiots, . . . which . . . almost . . . everyone . . . is . . . compared . . . to me.\n\nI am horribly, horribly awkward in social situations.</personalitytraits>
		<powergroup>
			<id-00001>
				<castertype type="string">memorization</castertype>
				<name type="string">Spells</name>
				<prepared type="number">4</prepared>
				<stat type="string">wisdom</stat>
			</id-00001>
			<id-00002>
				<name type="string">Spells (Circle)</name>
			</id-00002>
			<id-00003>
				<atkprof type="number">1</atkprof>
				<castertype type="string">memorization</castertype>
				<name type="string">Elven Cantrip</name>
				<saveprof type="number">1</saveprof>
			</id-00003>
			<id-00004>
				<atkprof type="number">1</atkprof>
				<name type="string">Druid</name>
				<saveprof type="number">1</saveprof>
				<uses type="number">2</uses>
				<usesperiod type="string">enc</usesperiod>
			</id-00004>
		</powergroup>
		<powermeta>
			<pactmagicslots1>
			</pactmagicslots1>
			<pactmagicslots2>
			</pactmagicslots2>
			<pactmagicslots3>
			</pactmagicslots3>
			<pactmagicslots4>
			</pactmagicslots4>
			<pactmagicslots5>
			</pactmagicslots5>
			<pactmagicslots6>
			</pactmagicslots6>
			<pactmagicslots7>
			</pactmagicslots7>
			<pactmagicslots8>
			</pactmagicslots8>
			<pactmagicslots9>
			</pactmagicslots9>
			<spellslots1>
				<max type="number">4</max>
			</spellslots1>
			<spellslots2>
				<max type="number">2</max>
			</spellslots2>
			<spellslots3>
			</spellslots3>
			<spellslots4>
			</spellslots4>
			<spellslots5>
			</spellslots5>
			<spellslots6>
			</spellslots6>
			<spellslots7>
			</spellslots7>
			<spellslots8>
			</spellslots8>
			<spellslots9>
			</spellslots9>
		</powermeta>
		<powermode type="string">combat</powermode>
		<powers>
			<id-00001>
				<actions>
				</actions>
				<cast type="number">0</cast>
				<castingtime type="string">1 action</castingtime>
				<components type="string">V, S, M (a handful of oak bark)</components>
				<description type="formattedtext">
					<p>You touch a willing creature. Until the spell ends, the target's skin has a rough, bark-like appearance, and the target's AC can't be less than 16, regardless of what kind of armor it is wearing.</p>
				</description>
				<duration type="string">Concentration, up to 1 hour</duration>
				<group type="string">Spells (Circle)</group>
				<level type="number">2</level>
				<locked type="number">1</locked>
				<name type="string">Barkskin</name>
				<prepared type="number">0</prepared>
				<range type="string">Touch</range>
				<ritual type="number">0</ritual>
				<school type="string">Transmutation</school>
				<source type="string">Cleric Nature Domain, Druid, Druid Forest Circle, Ranger</source>
			</id-00001>
			<id-00002>
				<actions>
				</actions>
				<cast type="number">0</cast>
				<castingtime type="string">1 action</castingtime>
				<components type="string">V, S, M (a drop of bitumen and a spider)</components>
				<description type="formattedtext">
					<p>Until the spell ends, one willing creature you touch gains the ability to move up, down, and across vertical surfaces and upside down along ceilings, while leaving its hands free. The target also gains a climbing speed equal to its walking speed.</p>
				</description>
				<duration type="string">Concentration, up to 1 hour</duration>
				<group type="string">Spells (Circle)</group>
				<level type="number">2</level>
				<locked type="number">1</locked>
				<name type="string">Spider Climb</name>
				<prepared type="number">0</prepared>
				<range type="string">Touch</range>
				<school type="string">Transmutation</school>
				<source type="string">Druid Forest Circle, Druid Mountain Circle, Druid Underdark Circle, Eldritch Knight, Sorcerer, Warlock, Wizard, Arcane Trickster</source>
			</id-00002>
			<id-00003>
				<actions>
				</actions>
				<cast type="number">0</cast>
				<castingtime type="string">1 action</castingtime>
				<components type="string">V, S</components>
				<description type="formattedtext">
					<p>A spectral, floating hand appears at a point you choose within range. The hand lasts for the duration or until you dismiss it as an action. The hand vanishes if it is ever more than 30 feet away from you or if you cast this spell again.</p>
					<p>You can use your action to control the hand. You can use the hand to manipulate an object, open an unlocked door or container, stow or retrieve an item from an open container, or pour the contents out of a vial. You can move the hand up to 30 feet each time you use it.</p>
					<p>The hand can't attack, activate magic items, or carry more than 10 pounds.</p>
				</description>
				<duration type="string">1 minute</duration>
				<group type="string">Elven Cantrip</group>
				<level type="number">0</level>
				<locked type="number">1</locked>
				<name type="string">Mage Hand</name>
				<prepared type="number">0</prepared>
				<range type="string">30 feet</range>
				<ritual type="number">0</ritual>
				<school type="string">Conjuration</school>
				<source type="string">Bard, Eldritch Knight, Sorcerer, Warlock, Wizard, Arcane Trickster</source>
			</id-00003>
			<id-00004>
				<actions>
					<id-00001>
						<atktype type="string">ranged</atktype>
						<order type="number">1</order>
						<type type="string">cast</type>
					</id-00001>
					<id-00002>
						<damagelist>
							<id-00001>
								<dice type="dice">d8</dice>
								<type type="string">fire</type>
							</id-00001>
						</damagelist>
						<order type="number">2</order>
						<type type="string">damage</type>
					</id-00002>
				</actions>
				<cast type="number">0</cast>
				<castingtime type="string">1 action</castingtime>
				<components type="string">V, S</components>
				<description type="formattedtext">
					<p>A flickering flame appears in your hand. The flame remains there for the duration and harms neither you nor your equipment. The flame sheds bright light in a 10-foot radius and dim light for an additional 10 feet. The spell ends if you dismiss it as an action or if you cast it again.</p>
					<p>You can also attack with the flame, although doing so ends the spell. When you cast this spell, or as an action on a later turn, you can hurl the flame at a creature within 30 feet of you. Make a ranged spell attack. On a hit, the target takes 1d8 fire damage.</p>
					<p>This spell's damage increases by 1d8 when you reach 5th level (2d8), 11th level (3d8), and 17th level (4d8).</p>
				</description>
				<duration type="string">10 minutes</duration>
				<group type="string">Spells</group>
				<level type="number">0</level>
				<locked type="number">1</locked>
				<name type="string">Produce Flame</name>
				<prepared type="number">0</prepared>
				<range type="string">Self</range>
				<school type="string">Conjuration</school>
				<source type="string">Druid</source>
			</id-00004>
			<id-00005>
				<actions>
				</actions>
				<cast type="number">0</cast>
				<castingtime type="string">1 action</castingtime>
				<components type="string">V, S</components>
				<description type="formattedtext">
					<p>Whispering to the spirits of nature, you create one of the following effects within range:</p>
					<list>
						<li>You create a tiny, harmless sensory effect that predicts what the weather will be at your location for the next 24 hours. The effect might manifest as a golden orb for clear skies, a cloud for rain, falling snowflakes for snow, and so on. This effect persists for 1 round.</li>
						<li>You instantly make a flower blossom, a seed pod open, or a leaf bud bloom.</li>
						<li>You create an instantaneous, harmless sensory effect, such as falling leaves, a puff of wind, the sound of a small animal, or the faint odor of skunk. The effect must fit in a -foot cube.</li>
						<li>You instantly light or snuff out a candle, a torch, or a small campfire.</li>
					</list>
				</description>
				<duration type="string">Instantaneous</duration>
				<group type="string">Spells</group>
				<level type="number">0</level>
				<locked type="number">1</locked>
				<name type="string">Druidcraft</name>
				<prepared type="number">0</prepared>
				<range type="string">30 feet</range>
				<ritual type="number">0</ritual>
				<school type="string">Transmutation</school>
				<source type="string">Druid</source>
			</id-00005>
			<id-00006>
				<actions>
					<id-00001>
						<atktype type="string">melee</atktype>
						<order type="number">1</order>
						<type type="string">cast</type>
					</id-00001>
					<id-00002>
						<damagelist>
							<id-00001>
								<dice type="dice">d6</dice>
								<type type="string">piercing</type>
							</id-00001>
						</damagelist>
						<order type="number">2</order>
						<type type="string">damage</type>
					</id-00002>
				</actions>
				<cast type="number">0</cast>
				<castingtime type="string">1 action</castingtime>
				<components type="string">V, S, M (the stem of a plant with thorns)</components>
				<description type="formattedtext">
					<p>You create a long, vine-like whip covered in thorns that lashes out at your command toward a creature in range.</p>
					<p>Make a melee spell attack against the target. If the attack hits, the creature takes 1d6 piercing damage, and if the creature is Large or smaller, you pull the creature up to 10 feet closer to you.</p>
					<p>This spell's damage increases by 1d6 when you reach 5th level (2d6), 11th level (3d6), and 17th level (4d6).</p>
				</description>
				<duration type="string">Instantaneous</duration>
				<group type="string">Spells</group>
				<level type="number">0</level>
				<locked type="number">1</locked>
				<name type="string">Thorn Whip</name>
				<prepared type="number">0</prepared>
				<range type="string">30 feet</range>
				<ritual type="number">0</ritual>
				<school type="string">Transmutation</school>
				<source type="string">Druid</source>
			</id-00006>
			<id-00007>
				<actions>
					<id-00001>
						<onmissdamage type="string">half</onmissdamage>
						<order type="number">1</order>
						<savetype type="string">constitution</savetype>
						<type type="string">cast</type>
					</id-00001>
					<id-00002>
						<damagelist>
							<id-00001>
								<dice type="dice">d10,d10</dice>
								<type type="string">radiant</type>
							</id-00001>
						</damagelist>
						<order type="number">2</order>
						<type type="string">damage</type>
					</id-00002>
				</actions>
				<cast type="number">0</cast>
				<castingtime type="string">1 action</castingtime>
				<components type="string">V, S, M (several seeds of any moonseed plant and a piece of opalescent feldspar)</components>
				<description type="formattedtext">
					<p>A silvery beam of pale light shines down in a 5-foot radius, 40-foot-high cylinder centered on a point within range. Until the spell ends, dim light fills the cylinder. When a creature enters the spell's area for the first time on a turn or starts its turn there, it is engulfed in ghostly flames that cause searing pain, and it must make a Constitution saving throw. It takes 2d10 radiant damage on a failed save, or half as much damage on a successful one.</p>
					<p>A shapechanger makes its saving throw with disadvantage. If it fails, it also instantly reverts to its original form and can't assume a different form until it leaves the spell's light.</p>
					<p>On each of your turns after you cast this spell, you can use an action to move the beam up to 60 feet in any direction.</p>
					<p><b>At Higher Levels. </b>when you cast this spell using a spell slot of 3rd level or higher, the damage increases by 1d10 for each slot level above 2nd.</p>
				</description>
				<duration type="string">Concentration, up to 1 minute</duration>
				<group type="string">Spells</group>
				<level type="number">2</level>
				<locked type="number">1</locked>
				<name type="string">Moonbeam</name>
				<prepared type="number">0</prepared>
				<range type="string">120 feet</range>
				<ritual type="number">0</ritual>
				<school type="string">Evocation</school>
				<source type="string">Druid</source>
			</id-00007>
			<id-00008>
				<actions>
					<id-00001>
						<damagelist>
							<id-00001>
								<dice type="dice">d4,d4</dice>
								<type type="string">piercing</type>
							</id-00001>
						</damagelist>
						<order type="number">1</order>
						<type type="string">damage</type>
					</id-00001>
				</actions>
				<cast type="number">0</cast>
				<castingtime type="string">1 action</castingtime>
				<components type="string">V, S, M (seven sharp thorns or seven small twigs, each sharpened to a point)</components>
				<description type="formattedtext">
					<p>The ground in a 20-foot radius centered on a point within range twists and sprouts hard spikes and thorns. The area becomes difficult terrain for the duration. When a creature moves into or within the area, it takes 2d4 piercing damage for every 5 feet it travels. The transformation of the ground is camouflaged to look natural. Any creature that can't see the area at the time the spell is cast must make a Wisdom (Perception) check against your spell save DC to recognize the terrain as hazardous before entering it.</p>
				</description>
				<duration type="string">Concentration, up to 10 minutes</duration>
				<group type="string">Spells</group>
				<level type="number">2</level>
				<locked type="number">1</locked>
				<name type="string">Spike Growth</name>
				<prepared type="number">0</prepared>
				<range type="string">150 feet</range>
				<ritual type="number">0</ritual>
				<school type="string">Transmutation</school>
				<source type="string">Cleric Nature Domain, Druid, Druid Arctic Circle, Druid Mountain Circle, Ranger</source>
			</id-00008>
			<id-00009>
				<actions>
					<id-00001>
						<order type="number">1</order>
						<savetype type="string">wisdom</savetype>
						<type type="string">cast</type>
					</id-00001>
					<id-00002>
						<durmod type="number">1</durmod>
						<durunit type="string">hour</durunit>
						<label type="string">Charmed</label>
						<order type="number">2</order>
						<type type="string">effect</type>
					</id-00002>
				</actions>
				<cast type="number">0</cast>
				<castingtime type="string">1 action</castingtime>
				<components type="string">V, S</components>
				<description type="formattedtext">
					<p>You attempt to charm a humanoid you can see within range. It must make a Wisdom saving throw, and does so with advantage if you or your companions are fighting it. If it fails the saving throw, it is charmed by you until the spell ends or until you or your companions do anything harmful to it. The charmed creature regards you as a friendly acquaintance. When the spell ends, the creature knows it was charmed by you.</p>
					<p><b>At Higher Levels. </b>When you cast this spell using a spell slot of 2nd level or higher, you can target one additional creature for each slot level above 1st. The creatures must be within 30 feet of each other when you target them.</p>
				</description>
				<duration type="string">1 hour</duration>
				<group type="string">Spells</group>
				<level type="number">1</level>
				<locked type="number">1</locked>
				<name type="string">Charm Person</name>
				<prepared type="number">0</prepared>
				<range type="string">30 feet</range>
				<ritual type="number">0</ritual>
				<school type="string">Enchantment</school>
				<source type="string">Bard, Cleric Trickery Domain, Druid, Eldritch Knight, Sorcerer, Warlock, Wizard, Arcane Trickster</source>
			</id-00009>
			<id-00010>
				<actions>
					<id-00001>
						<heallist>
							<id-00001>
								<dice type="dice">d4</dice>
								<stat type="string">base</stat>
							</id-00001>
						</heallist>
						<order type="number">1</order>
						<type type="string">heal</type>
					</id-00001>
				</actions>
				<cast type="number">0</cast>
				<castingtime type="string">1 bonus action</castingtime>
				<components type="string">V</components>
				<description type="formattedtext">
					<p>A creature of your choice that you can see within range regains hit points equal to 1d4 + your spellcasting ability modifier. This spell has no effect on undead or constructs.</p>
					<p><b>At Higher Levels. </b>When you cast this spell using a spell slot of 2nd level or higher, the healing increases by 1d4 for each slot level above 1st.</p>
				</description>
				<duration type="string">Instantaneous</duration>
				<group type="string">Spells</group>
				<level type="number">1</level>
				<locked type="number">1</locked>
				<name type="string">Healing Word</name>
				<prepared type="number">0</prepared>
				<range type="string">60 feet</range>
				<ritual type="number">0</ritual>
				<school type="string">Evocation</school>
				<source type="string">Bard, Cleric, Druid</source>
			</id-00010>
			<id-00011>
				<actions>
				</actions>
				<cast type="number">0</cast>
				<castingtime type="string">1 action</castingtime>
				<components type="string">V, S</components>
				<description type="formattedtext">
					<p>For the duration, you sense the presence of magic within 30 feet of you. If you sense magic in this way, you can use your action to see a faint aura around any visible creature or object in the area that bears magic, and you learn its school of magic, if any.</p>
					<p>The spell can penetrate most barriers, but it is blocked by 1 foot of stone, 1 inch of common metal, a thin sheet of lead, or 3 feet of wood or dirt.</p>
				</description>
				<duration type="string">Concentration, up to 10 minutes</duration>
				<group type="string">Spells</group>
				<level type="number">1</level>
				<locked type="number">1</locked>
				<name type="string">Detect Magic</name>
				<prepared type="number">0</prepared>
				<range type="string">Self</range>
				<ritual type="number">1</ritual>
				<school type="string">Divination</school>
				<source type="string">Bard, Cleric, Druid, Eldritch Knight, Eldritch Invocations, Paladin, Ranger, Sorcerer, Wizard, Arcane Trickster</source>
			</id-00011>
			<id-00012>
				<actions>
					<id-00001>
						<order type="number">1</order>
						<savetype type="string">wisdom</savetype>
						<type type="string">cast</type>
					</id-00001>
					<id-00002>
						<durmod type="number">24</durmod>
						<durunit type="string">hour</durunit>
						<label type="string">Charmed</label>
						<order type="number">2</order>
						<type type="string">effect</type>
					</id-00002>
				</actions>
				<cast type="number">0</cast>
				<castingtime type="string">1 action</castingtime>
				<components type="string">V, S, M (a morsel of food)</components>
				<description type="formattedtext">
					<p>This spell lets you convince a beast that you mean it no harm. Choose a beast that you can see within range. It must see and hear you. If the beast's Intelligence is 4 or higher, the spell fails. Otherwise, the beast must succeed on a Wisdom saving throw or be charmed by you for the spell's duration. If you or one of your companions harms the target, the spells ends.</p>
					<p><b>At Higher Levels. </b>When you cast this spell using a spell slot of 2nd level or higher, you can affect one additional beast for each slot level above 1st.</p>
				</description>
				<duration type="string">24 hours</duration>
				<group type="string">Spells</group>
				<level type="number">1</level>
				<locked type="number">1</locked>
				<name type="string">Animal Friendship</name>
				<prepared type="number">0</prepared>
				<range type="string">30 feet</range>
				<ritual type="number">0</ritual>
				<school type="string">Enchantment</school>
				<source type="string">Bard, Cleric Nature Domain, Druid, Ranger</source>
			</id-00012>
			<id-00013>
				<actions>
				</actions>
				<group type="string">Druid</group>
				<name type="string">Wild Shape</name>
			</id-00013>
		</powers>
		<profbonus type="number">2</profbonus>
		<proficiencylist>
			<id-00001>
				<name type="string">Weapon: Clubs, daggers, darts, javelins, maces, quarterstaffs, scimitars, sickles, slings, spears</name>
			</id-00001>
			<id-00002>
				<name type="string">Tool: Herbalism kit</name>
			</id-00002>
			<id-00003>
				<name type="string">Armor: light armor, medium armor, shields (druids will not wear armor or use shields made of metal)</name>
			</id-00003>
		</proficiencylist>
		<race type="string">High Elf</race>
		<racelink type="windowreference">
			<class>reference_race</class>
			<recordname>reference.racedata.elf@DD PHB Deluxe</recordname>
		</racelink>
		<senses type="string">Darkvision 60</senses>
		<size type="string">Medium</size>
		<skilllist>
			<id-00001>
				<name type="string">Perception</name>
				<prof type="number">1</prof>
				<stat type="string">wisdom</stat>
				<total type="number">5</total>
			</id-00001>
			<id-00002>
				<name type="string">Arcana</name>
				<prof type="number">1</prof>
				<stat type="string">intelligence</stat>
				<total type="number">3</total>
			</id-00002>
			<id-00003>
				<name type="string">History</name>
				<prof type="number">1</prof>
				<stat type="string">intelligence</stat>
				<total type="number">3</total>
			</id-00003>
			<id-00004>
				<name type="string">Persuasion</name>
				<stat type="string">charisma</stat>
				<total type="number">1</total>
			</id-00004>
			<id-00005>
				<name type="string">Nature</name>
				<stat type="string">intelligence</stat>
				<total type="number">1</total>
			</id-00005>
			<id-00006>
				<name type="string">Medicine</name>
				<stat type="string">wisdom</stat>
				<total type="number">3</total>
			</id-00006>
			<id-00007>
				<name type="string">Survival</name>
				<stat type="string">wisdom</stat>
				<total type="number">3</total>
			</id-00007>
			<id-00008>
				<name type="string">Performance</name>
				<stat type="string">charisma</stat>
				<total type="number">1</total>
			</id-00008>
			<id-00009>
				<name type="string">Acrobatics</name>
				<stat type="string">dexterity</stat>
				<total type="number">3</total>
			</id-00009>
			<id-00010>
				<name type="string">Religion</name>
				<prof type="number">1</prof>
				<stat type="string">intelligence</stat>
				<total type="number">3</total>
			</id-00010>
			<id-00011>
				<name type="string">Athletics</name>
				<stat type="string">strength</stat>
			</id-00011>
			<id-00012>
				<name type="string">Sleight of Hand</name>
				<stat type="string">dexterity</stat>
				<total type="number">3</total>
			</id-00012>
			<id-00013>
				<name type="string">Insight</name>
				<stat type="string">wisdom</stat>
				<total type="number">3</total>
			</id-00013>
			<id-00014>
				<name type="string">Intimidation</name>
				<stat type="string">charisma</stat>
				<total type="number">1</total>
			</id-00014>
			<id-00015>
				<name type="string">Deception</name>
				<stat type="string">charisma</stat>
				<total type="number">1</total>
			</id-00015>
			<id-00016>
				<name type="string">Investigation</name>
				<stat type="string">intelligence</stat>
				<total type="number">1</total>
			</id-00016>
			<id-00017>
				<name type="string">Stealth</name>
				<stat type="string">dexterity</stat>
				<total type="number">3</total>
			</id-00017>
			<id-00018>
				<name type="string">Animal Handling</name>
				<stat type="string">wisdom</stat>
				<total type="number">3</total>
			</id-00018>
		</skilllist>
		<speed>
			<armor type="number">0</armor>
			<base type="number">30</base>
			<misc type="number">0</misc>
			<temporary type="number">0</temporary>
			<total type="number">30</total>
		</speed>
		<temp>
		</temp>
		<token type="token"></token>
		<traitlist>
			<id-00001>
				<locked type="number">1</locked>
				<name type="string">Trance</name>
				<source type="string">Elf</source>
				<text type="formattedtext">
					<p>Elves don't need to sleep. Instead, they meditate deeply, remaining semiconscious, for 4 hours a day. (The Common word for such meditation is &#34;trance.&#34;) While meditating, you can dream after a fashion; such dreams are actually mental exercises that have become reflexive through years of practice. After resting in this way, you gain the same benefit that a human does from 8 hours of sleep.</p>
				</text>
				<type type="string">racial</type>
			</id-00001>
			<id-00002>
				<locked type="number">1</locked>
				<name type="string">Keen Senses</name>
				<source type="string">Elf</source>
				<text type="formattedtext">
					<p>You have proficiency in the Perception skill.</p>
				</text>
				<type type="string">racial</type>
			</id-00002>
			<id-00003>
				<locked type="number">1</locked>
				<name type="string">Fey Ancestry</name>
				<source type="string">Elf</source>
				<text type="formattedtext">
					<p>You have advantage on saving throws against being charmed, and magic can't put you to sleep.</p>
				</text>
				<type type="string">racial</type>
			</id-00003>
			<id-00004>
				<locked type="number">1</locked>
				<name type="string">Cantrip</name>
				<source type="string">High Elf</source>
				<text type="formattedtext">
					<p>You know one cantrip of your choice from the wizard spell list. Intelligence is your spellcasting ability for it.</p>
				</text>
				<type type="string">subracial</type>
			</id-00004>
			<id-00005>
				<locked type="number">1</locked>
				<name type="string">Elf Weapon Training</name>
				<source type="string">High Elf</source>
				<text type="formattedtext">
					<p>You have proficiency with the longsword, shortsword, shortbow, and longbow.</p>
				</text>
				<type type="string">subracial</type>
			</id-00005>
		</traitlist>
		<weaponlist>
			<id-00001>
				<attackstat type="string">dexterity</attackstat>
				<carried type="number">2</carried>
				<damagelist>
					<id-00001>
						<dice type="dice">d6</dice>
						<stat type="string">dexterity</stat>
						<type type="string">slashing</type>
					</id-00001>
				</damagelist>
				<isidentified type="number">1</isidentified>
				<maxammo type="number">0</maxammo>
				<name type="string">Scimitar</name>
				<prof type="number">1</prof>
				<shortcut type="windowreference">
					<class>item</class>
					<recordname>....inventorylist.id-00006</recordname>
				</shortcut>
				<type type="number">0</type>
			</id-00001>
		</weaponlist>
		<weight type="string">115 lbs</weight>
	</character>
</root>
