<?xml version="1.0" encoding="iso-8859-1"?>
<root version="3.3" release="8|CoreRPG:3">
	<character>
		<abilities>
			<charisma>
				<bonus type="number">3</bonus>
				<save type="number">5</save>
				<savemodifier type="number">0</savemodifier>
				<saveprof type="number">1</saveprof>
				<score type="number">16</score>
			</charisma>
			<constitution>
				<bonus type="number">2</bonus>
				<save type="number">4</save>
				<savemodifier type="number">0</savemodifier>
				<saveprof type="number">1</saveprof>
				<score type="number">14</score>
			</constitution>
			<dexterity>
				<bonus type="number">2</bonus>
				<save type="number">2</save>
				<savemodifier type="number">0</savemodifier>
				<saveprof type="number">0</saveprof>
				<score type="number">14</score>
			</dexterity>
			<intelligence>
				<bonus type="number">0</bonus>
				<save type="number">0</save>
				<savemodifier type="number">0</savemodifier>
				<saveprof type="number">0</saveprof>
				<score type="number">10</score>
			</intelligence>
			<strength>
				<bonus type="number">3</bonus>
				<save type="number">3</save>
				<savemodifier type="number">0</savemodifier>
				<saveprof type="number">0</saveprof>
				<score type="number">16</score>
			</strength>
			<wisdom>
				<bonus type="number">-1</bonus>
				<save type="number">-1</save>
				<savemodifier type="number">0</savemodifier>
				<saveprof type="number">0</saveprof>
				<score type="number">8</score>
			</wisdom>
		</abilities>
		<adventurelist>
		</adventurelist>
		<background type="string">Hermit</background>
		<backgroundlink type="windowreference">
			<class>reference_background</class>
			<recordname>reference.backgrounddata.hermit@DD PHB Deluxe</recordname>
		</backgroundlink>
		<classes>
			<id-00001>
				<casterlevelinvmult type="number">1</casterlevelinvmult>
				<casterpactmagic type="number">0</casterpactmagic>
				<hddie type="dice">d6</hddie>
				<hdused type="number">3</hdused>
				<level type="number">4</level>
				<name type="string">Sorcerer</name>
				<shortcut type="windowreference">
					<class>reference_class</class>
					<recordname>reference.classdata.UAsorcerer@Unearthed Arcana</recordname>
				</shortcut>
			</id-00001>
		</classes>
		<coins>
			<slot1>
				<amount type="number">43</amount>
				<name type="string">GP</name>
			</slot1>
			<slot2>
				<amount type="number">58</amount>
				<name type="string">SP</name>
			</slot2>
			<slot3>
				<amount type="number">20</amount>
				<name type="string">CP</name>
			</slot3>
			<slot4>
				<amount type="number">0</amount>
			</slot4>
			<slot5>
				<amount type="number">0</amount>
			</slot5>
			<slot6>
				<amount type="number">0</amount>
			</slot6>
		</coins>
		<defenses>
			<ac>
				<armor type="number">4</armor>
				<dexbonus type="string">max2</dexbonus>
				<disstealth type="number">1</disstealth>
				<misc type="number">0</misc>
				<prof type="number">1</prof>
				<shield type="number">2</shield>
				<temporary type="number">0</temporary>
				<total type="number">18</total>
			</ac>
		</defenses>
		<encumbrance>
			<encumbered type="number">80</encumbered>
			<encumberedheavy type="number">160</encumberedheavy>
			<liftpushdrag type="number">480</liftpushdrag>
			<load type="number">124</load>
			<max type="number">240</max>
		</encumbrance>
		<exp type="number">427</exp>
		<expneeded type="number">500</expneeded>
		<featlist>
		</featlist>
		<featurelist>
			<id-00001>
				<locked type="number">1</locked>
				<name type="string">Discovery</name>
				<source type="string">Hermit</source>
				<text type="formattedtext">
					<p>The quiet seclusion of your extended hermitage gave you access to a unique and powerful discovery. The exact nature of this revelation depends on the nature of your seclusion. It might be a great truth about the cosmos, the deities, the powerful beings of the outer planes, or the forces of nature. It could be a site that no one else has ever seen. You might have uncovered a fact that has long been forgotten, or unearthed some relic of the past that could rewrite history. It might be information that would be damaging to the people w ho or consigned you to exile, and hence the reason for your return to society. Work with your DM to determine the details of your discovery and its impact on the campaign.</p>
				</text>
			</id-00001>
			<id-00002>
				<level type="number">1</level>
				<locked type="number">1</locked>
				<name type="string">Stone Sorcery</name>
				<source type="string">Sorcerer</source>
				<text type="formattedtext">
					<p>Your magic springs from a mystical link between your soul and the magic of elemental earth. You might trace a distant ancestor to the Plane of Earth, or your family might have earned a mighty boon in return for a service to the dao lords. Whatever your past, the magic of elemental earth is yours to command.</p>
					<p>Your link to earth magic grants you extraordinary resilience, and stone sorcerers have a natural affinity for combat. A steel blade feels like a natural extension of your body, and sorcerers with this origin have a knack for wielding both shields and weapons. In combat your place is amid the fray. You rely on your elemental nature to shield you from harm and your magic and metal weapons to overwhelm your foes.</p>
					<h>Features</h>
					<linklist>
						<link class="reference_classfeature" recordname="reference.classdata.UAsorcerer.features.stonesorcerybonusproficiencies@Unearthed Arcana">Bonus Proficiencies (Stone)</link>
						<link class="reference_classfeature" recordname="reference.classdata.UAsorcerer.features.stonesorcerymetalmagic@Unearthed Arcana">Metal Magic</link>
						<link class="reference_classfeature" recordname="reference.classdata.UAsorcerer.features.stonesorcerystonesdurability@Unearthed Arcana">Stone's Durability</link>
						<link class="reference_classfeature" recordname="reference.classdata.UAsorcerer.features.stonesorcerystoneaegis@Unearthed Arcana">Stone Aegis</link>
						<link class="reference_classfeature" recordname="reference.classdata.UAsorcerer.features.stonesorcerystonesedge@Unearthed Arcana">Stone's Edge</link>
						<link class="reference_classfeature" recordname="reference.classdata.UAsorcerer.features.stonesorceryearthmastersaegis@Unearthed Arcana">Earth Master's Aegis</link>
					</linklist>
				</text>
			</id-00002>
			<id-00003>
				<level type="number">1</level>
				<locked type="number">1</locked>
				<name type="string">Spellcasting</name>
				<source type="string">Sorcerer</source>
				<text type="formattedtext">
					<p>An event in your past, or in the life of a parent or ancestor, left an indelible mark on you, infusing you with arcane magic. This font of magic, whatever its origin, fuels your spells. See chapter 10 for the general rules of spellcasting and chapter 11 for the sorcerer spell list.</p>
					<linklist>
						<link class="reference_colindex" recordname="reference.spelllists.sorcerer@DD PHB Deluxe">Sorcerer Spells</link>
					</linklist>
					<p><b>Cantrips</b></p>
					<p>At 1st level, you know four cantrips of your choice from the sorcerer spell list. You learn additional sorcerer cantrips of your choice at higher levels, as shown in the Cantrips Known column of the Sorcerer table.</p>
					<p><b>Spell Slots</b></p>
					<p>The Sorcerer table shows how many spell slots you have to cast your spells of 1st level and higher. To cast one of these sorcerer spells, you must expend a slot of the spell's level or higher. You regain all expended spell slots when you finish a long rest.</p>
					<p>For example, if you know the 1st-level spell burning hands and have a 1st-level and a 2nd-level spell slot available, you can cast burning hands using either slot.</p>
					<p><b>Spells Known of 1st Level and Higher</b></p>
					<p>You know two 1st-level spells of your choice from the sorcerer spell list.</p>
					<p>The Spells Known column of the Sorcerer table shows when you learn more sorcerer spells of your choice. Each of these spells must be of a level for which you have spell slots. For instance, when you reach 3rd level in this class, you can learn one new spell of 1st or 2nd level.</p>
					<p>Additionally, when you gain a level in this class, you can choose one of the sorcerer spells you know and replace it with another spell from the sorcerer spell list, which also must be of a level for which you have spell slots.</p>
					<p><b>Spellcasting Ability</b></p>
					<p>Charisma is your spellcasting ability for your sorcerer spells, since the power of your magic relies on your ability to project your will into the world. You use your Charisma whenever a spell refers to your spellcasting ability. In addition, you use your Charisma modifier when setting the saving throw DC for a sorcerer spell you cast and when making an attack roll with one.</p>
					<p><b>Spell save DC </b>= 8 + your proficiency bonus + your Charisma modifier</p>
					<p><b>Spell attack modifier </b>= your proficiency bonus + your Charisma modifier</p>
					<p><b>Spellcasting Focus</b></p>
					<p>You can use an arcane focus (found in chapter 5) as a spellcasting focus for your sorcerer spells.</p>
				</text>
			</id-00003>
			<id-00004>
				<level type="number">1</level>
				<locked type="number">1</locked>
				<name type="string">Metal Magic</name>
				<source type="string">Sorcerer</source>
				<specialization type="string">Stone Sorcery</specialization>
				<specializationchoice type="number">0</specializationchoice>
				<text type="formattedtext">
					<p>Your affinity for metal gives you the option to learn some non-sorcerer spells that focus on weapon attacks. When your Spellcasting feature lets you learn a sorcerer spell of 1st level or higher, you can select the spell from the following list of spells, in addition to the sorcerer spell list. You must otherwise obey all the restrictions for selecting the spell, and it becomes a sorcerer spell for you.</p>
					<table>
						<tr>
							<td><b>Spell Level</b></td>
							<td colspan="2"><b>Spell</b></td>
						</tr>
						<tr>
							<td>1st</td>
							<td colspan="2"><i>compelled duel</i></td>
						</tr>
						<tr>
							<td>1st</td>
							<td colspan="2"><i>searing smite</i></td>
						</tr>
						<tr>
							<td>1st</td>
							<td colspan="2"><i>thunderous smite</i></td>
						</tr>
						<tr>
							<td>1st</td>
							<td colspan="2"><i>wrathful smite</i></td>
						</tr>
						<tr>
							<td>2nd</td>
							<td colspan="2"><i>branding smite</i></td>
						</tr>
						<tr>
							<td>2nd</td>
							<td colspan="2"><i>magic weapon</i></td>
						</tr>
						<tr>
							<td>3rd</td>
							<td colspan="2"><i>blinding smite</i></td>
						</tr>
						<tr>
							<td>3rd</td>
							<td colspan="2"><i>elemental weapon</i></td>
						</tr>
						<tr>
							<td>4th</td>
							<td colspan="2"><i>staggering smite</i></td>
						</tr>
					</table>
				</text>
			</id-00004>
			<id-00005>
				<level type="number">1</level>
				<locked type="number">1</locked>
				<name type="string">Stone's Durability</name>
				<source type="string">Sorcerer</source>
				<specialization type="string">Stone Sorcery</specialization>
				<specializationchoice type="number">0</specializationchoice>
				<text type="formattedtext">
					<p>At 1st level, your connection to stone gives you extra fortitude. Your hit point maximum increases by 1, and it increases by 1 again whenever you gain a level in this class.</p>
					<p>As an action, you can gain a base AC of 13 + your Constitution modifier if you aren't wearing armor, and your skin assumes a stony appearance. This effect lasts until you end it as a bonus action, you are incapacitated, or you don armor other than a shield.</p>
				</text>
			</id-00005>
			<id-00006>
				<level type="number">1</level>
				<locked type="number">1</locked>
				<name type="string">Bonus Proficiencies</name>
				<source type="string">Sorcerer</source>
				<specialization type="string">Stone Sorcery</specialization>
				<specializationchoice type="number">0</specializationchoice>
				<text type="formattedtext">
					<p>At 1st level, you gain proficiency with shields, simple weapons, and martial weapons.</p>
				</text>
			</id-00006>
			<id-00007>
				<level type="number">2</level>
				<locked type="number">1</locked>
				<name type="string">Font of Magic</name>
				<source type="string">Sorcerer</source>
				<text type="formattedtext">
					<p>At 2nd level, you tap into a deep wellspring of magic within yourself. This wellspring is represented by sorcery points, which allow you to create a variety of magical effects.</p>
					<p><b>Sorcery Points</b></p>
					<p>You have 2 sorcery points, and you gain more as you reach higher levels, as shown in the Sorcery Points column of the Sorcerer table. You can never have more sorcery points than shown on the table for your level. You regain all spent sorcery points when you finish a long rest.</p>
					<p><b>Flexible Casting</b></p>
					<p>You can use your sorcery points to gain additional spell slots, or sacrifice spell slots to gain additional sorcery points. You learn other ways to use your sorcery points as you reach higher levels. The created spell slots vanish at the end of a long rest.</p>
					<p><b>Creating Spell Slots. </b>You can transform unexpended sorcery points into one spell slot as a bonus action on your turn. The Creating Spell Slots table shows the cost of creating a spell slot of a given level. You can create spell slots no higher in level than 5th.</p>
					<p><b>Creating Spell Slots</b></p>
					<table>
						<tr>
							<td><b>Spell Slot Sorcery Level</b></td>
							<td><b>Point Cost</b></td>
						</tr>
						<tr>
							<td>1st</td>
							<td>2</td>
						</tr>
						<tr>
							<td>2nd</td>
							<td>3</td>
						</tr>
						<tr>
							<td>3rd</td>
							<td>5</td>
						</tr>
						<tr>
							<td>4th</td>
							<td>6</td>
						</tr>
						<tr>
							<td>5th</td>
							<td>7</td>
						</tr>
					</table>
					<p>Converting a Spell Slot to Sorcery Points. As a bonus action on your turn, you can expend one spell slot and gain a number of sorcery points equal to the slot's level.</p>
				</text>
			</id-00007>
			<id-00008>
				<level type="number">3</level>
				<locked type="number">1</locked>
				<name type="string">Metamagic (quicken Spell 2 sourcery points, Empower spell 3 src impose dis adv),</name>
				<source type="string">Sorcerer</source>
				<text type="formattedtext">
					<p>At 3rd level, you gain the ability to twist your spells to suit your needs. You gain two of the following Metamagic options of your choice. You gain another one at 10th and 17th level.</p>
					<p>You can use only one Metamagic option on a spell when you cast it, unless otherwise noted.</p>
					<p><b>Careful Spell</b></p>
					<p>When you cast a spell that forces other creatures to make a saving throw, you can protect some of those creatures from the spell's full force. To do so, you spend 1 sorcery point and choose a number of those creatures up to your Charisma modifier (minimum of one creature). A chosen creature automatically succeeds on its saving throw against the spell.</p>
					<p><b>Distant Spell</b></p>
					<p>When you cast a spell that has a range of 5 feet or greater, you can spend 1 sorcery point to double the range of the spell.</p>
					<p>When you cast a spell that has a range of touch, you can spend 1 sorcery point to make the range of the spell 30 feet.</p>
					<p><b>Empowered Spell</b></p>
					<p>When you roll damage for a spell, you can spend 1 sorcery point to reroll a number of the damage dice up to your Charisma modifier (minimum of one). You must use the new rolls.</p>
					<p>You can use Empowered Spell even if you have already used a different Metamagic option during the casting of the spell.</p>
					<p><b>Extended Spell</b></p>
					<p>When you cast a spell that has a duration of 1 minute or longer, you can spend 1 sorcery point to double its duration, to a maximum duration of 24 hours.</p>
					<p><b>Heightened Spell</b></p>
					<p>When you cast a spell that forces a creature to make a saving throw to resist its effects, you can spend 3 sorcery points to give one target of the spell disadvantage on its first saving throw made against the spell.</p>
					<p><b>Quickened Spell</b></p>
					<p>When you cast a spell that has a casting time of 1 action, you can spend 2 sorcery points to change the casting time to 1 bonus action for this casting.</p>
					<p><b>Subtle Spell</b></p>
					<p>When you cast a spell, you can spend 1 sorcery point to cast it without any somatic or verbal components.</p>
					<p><b>Twinned Spell</b></p>
					<p>When you cast a spell that targets only one creature and doesn't have a range of self, you can spend a number of sorcery points equal to the spell's level to target a second creature in range with the same spell (1 sorcery point if the spell is a cantrip). To be eligible for Twinned Spell, a spell must be incapable of targeting more than one creature at the spell's current level.</p>
				</text>
			</id-00008>
			<id-00009>
				<level type="number">4</level>
				<locked type="number">1</locked>
				<name type="string">Ability Score Improvement</name>
				<source type="string">Sorcerer</source>
				<text type="formattedtext">
					<p>When you reach 4th level, and again at 8th, 12th, 16th, and 19th level, you can increase one ability score of your choice by 2, or you can increase two ability scores of your choice by 1. As normal, you can't increase an ability score above 20 using this feature.</p>
				</text>
			</id-00009>
		</featurelist>
		<hp>
			<deathsavefail type="number">0</deathsavefail>
			<deathsavesuccess type="number">0</deathsavesuccess>
			<temporary type="number">0</temporary>
			<total type="number">29</total>
			<wounds type="number">11</wounds>
		</hp>
		<initiative>
			<misc type="number">0</misc>
			<temporary type="number">0</temporary>
			<total type="number">2</total>
		</initiative>
		<inspiration type="number">0</inspiration>
		<inventorylist>
			<id-00001>
				<carried type="number">2</carried>
				<cost type="string">15 gp</cost>
				<count type="number">1</count>
				<damage type="string">1d8 bludgeoning</damage>
				<isidentified type="number">1</isidentified>
				<locked type="number">1</locked>
				<name type="string">Warhammer</name>
				<properties type="string">Versatile (1d10)</properties>
				<subtype type="string">Martial Weapons</subtype>
				<type type="string">Weapon</type>
				<weight type="number">2</weight>
			</id-00001>
			<id-00002>
				<ac type="number">2</ac>
				<carried type="number">2</carried>
				<cost type="string">10 gp</cost>
				<count type="number">1</count>
				<description type="formattedtext">
					<p>A shield is made from wood or metal and is carried in one hand. Wielding a shield increases your Armor Class by 2. You can benefit from only one shield at a time.</p>
				</description>
				<dexbonus type="string">-</dexbonus>
				<isidentified type="number">1</isidentified>
				<locked type="number">1</locked>
				<name type="string">Shield</name>
				<stealth type="string">-</stealth>
				<strength type="string">-</strength>
				<subtype type="string">Shield</subtype>
				<type type="string">Armor</type>
				<weight type="number">6</weight>
			</id-00002>
			<id-00003>
				<ac type="number">14</ac>
				<carried type="number">2</carried>
				<cost type="string">50 gp</cost>
				<count type="number">1</count>
				<description type="formattedtext">
					<p>Medium armor offers more protection than light armor, but it also impairs movement more. If you wear medium armor, you add your Dexterity modifier, to a maximum of +2, to the base number from your armor type to determine your Armor Class.</p>
					<p>This armor consists of a coat and leggings (and perhaps a separate skirt) of leather covered with overlapping pieces of metal, much like the scales of a fish. The suit includes gauntlets.</p>
				</description>
				<dexbonus type="string">Yes (max 2)</dexbonus>
				<isidentified type="number">1</isidentified>
				<locked type="number">1</locked>
				<name type="string">Scale Mail</name>
				<stealth type="string">Disadvantage</stealth>
				<strength type="string">-</strength>
				<subtype type="string">Medium Armor</subtype>
				<type type="string">Armor</type>
				<weight type="number">45</weight>
			</id-00003>
			<id-00004>
				<carried type="number">2</carried>
				<cost type="string">15 gp</cost>
				<count type="number">1</count>
				<damage type="string">1d8 piercing</damage>
				<isidentified type="number">1</isidentified>
				<locked type="number">1</locked>
				<name type="string">Morningstar</name>
				<properties type="string">-</properties>
				<subtype type="string">Martial Weapons</subtype>
				<type type="string">Weapon</type>
				<weight type="number">4</weight>
			</id-00004>
			<id-00005>
				<carried type="number">1</carried>
				<cost type="string">1 gp</cost>
				<count type="number">1</count>
				<isidentified type="number">1</isidentified>
				<locked type="number">1</locked>
				<name type="string">Bedroll</name>
				<subtype type="string">Standard</subtype>
				<type type="string">Adventuring Gear</type>
				<weight type="number">7</weight>
			</id-00005>
			<id-00006>
				<carried type="number">1</carried>
				<cost type="string">5 sp</cost>
				<count type="number">10</count>
				<description type="formattedtext">
					<p>Rations consist of dry foods suitable for extended travel, including jerky, dried fruit, hardtack, and nuts.</p>
				</description>
				<isidentified type="number">1</isidentified>
				<locked type="number">1</locked>
				<name type="string">Rations (1 Day)</name>
				<subtype type="string">Standard</subtype>
				<type type="string">Adventuring Gear</type>
				<weight type="number">2</weight>
			</id-00006>
			<id-00007>
				<carried type="number">1</carried>
				<cost type="string">1 cp</cost>
				<count type="number">10</count>
				<description type="formattedtext">
					<p>A torch burns for 1 hour, providing bright light in a 20-foot radius and dim light for an additional 20 feet. If you make a melee attack with a burning torch and hit, it deals 1 fire damage.</p>
				</description>
				<isidentified type="number">1</isidentified>
				<locked type="number">1</locked>
				<name type="string">Torch</name>
				<subtype type="string">Standard</subtype>
				<type type="string">Adventuring Gear</type>
				<weight type="number">1</weight>
			</id-00007>
			<id-00008>
				<carried type="number">1</carried>
				<cost type="string">5 sp</cost>
				<count type="number">1</count>
				<description type="formattedtext">
					<p>This small container holds flint, fire steel, and tinder (usually dry cloth soaked in light oil) used to kindle a fire. Using it to light a torch-or anything else with abundant, exposed fuel-takes an action. Lighting any other fire takes 1 minute.</p>
				</description>
				<isidentified type="number">1</isidentified>
				<locked type="number">1</locked>
				<name type="string">Tinderbox</name>
				<subtype type="string">Standard</subtype>
				<type type="string">Adventuring Gear</type>
				<weight type="number">1</weight>
			</id-00008>
			<id-00009>
				<carried type="number">1</carried>
				<cost type="string">2 sp</cost>
				<count type="number">1</count>
				<isidentified type="number">1</isidentified>
				<locked type="number">1</locked>
				<name type="string">Waterskin</name>
				<subtype type="string">Standard</subtype>
				<type type="string">Adventuring Gear</type>
				<weight type="number">5</weight>
			</id-00009>
			<id-00010>
				<carried type="number">1</carried>
				<cost type="string">2 sp</cost>
				<count type="number">1</count>
				<description type="formattedtext">
					<p>This tin box contains a cup and simple cutlery. The box clamps together, and one side can be used as a cooking pan and the other as a plate or shallow bowl.</p>
				</description>
				<isidentified type="number">1</isidentified>
				<locked type="number">1</locked>
				<name type="string">Mess Kit</name>
				<subtype type="string">Equipment Kits</subtype>
				<type type="string">Adventuring Gear</type>
				<weight type="number">1</weight>
			</id-00010>
			<id-00011>
				<carried type="number">1</carried>
				<cost type="string">1 gp</cost>
				<count type="number">1</count>
				<isidentified type="number">1</isidentified>
				<locked type="number">1</locked>
				<name type="string">Rope, Hempen (50 Feet)</name>
				<subtype type="string">Standard</subtype>
				<type type="string">Adventuring Gear</type>
				<weight type="number">10</weight>
			</id-00011>
			<id-00012>
				<carried type="number">1</carried>
				<cost type="string">2 gp</cost>
				<count type="number">1</count>
				<isidentified type="number">1</isidentified>
				<locked type="number">1</locked>
				<name type="string">Backpack (Empty)</name>
				<subtype type="string">Standard</subtype>
				<type type="string">Adventuring Gear</type>
				<weight type="number">5</weight>
			</id-00012>
			<id-00013>
				<ac type="number">0</ac>
				<bonus type="number">0</bonus>
				<carried type="number">1</carried>
				<cost type="string">50 - 100 gp</cost>
				<count type="number">1</count>
				<description type="formattedtext">
					<h>Description</h>
					<p>You regain 2d4 + 2 hit points when you drink this potion. The potion's red liquid glimmers when agitated.</p>
				</description>
				<isidentified type="number">1</isidentified>
				<locked type="number">1</locked>
				<name type="string">Potion of Healing</name>
				<nonid_name type="string">Potion</nonid_name>
				<nonidentified type="string">A vial of red liquid that shimmers when agitated.</nonidentified>
				<rarity type="string">Common</rarity>
				<type type="string">Potion</type>
				<weight type="number">0</weight>
			</id-00013>
			<id-00014>
				<ac type="number">0</ac>
				<bonus type="number">0</bonus>
				<carried type="number">1</carried>
				<cost type="string">20 gp</cost>
				<count type="number">1</count>
				<description type="formattedtext">
					<p>These special tools include the items needed to pursue a craft or trade. The table shows examples of the most common types of tools, each providing items related to a single craft. Proficiency with a set of artisan's tools lets you add your proficiency bonus to any ability checks you make using the tools in your craft. Each type of artisan's tools requires a separate proficiency.</p>
				</description>
				<isidentified type="number">1</isidentified>
				<istemplate type="number">0</istemplate>
				<locked type="number">1</locked>
				<name type="string">Smith's Tools</name>
				<subtype type="string">Artisan's Tools</subtype>
				<type type="string">Tools</type>
				<weight type="number">8</weight>
			</id-00014>
		</inventorylist>
		<languagelist>
			<id-00001>
				<name type="string">One of your choice</name>
			</id-00001>
			<id-00002>
				<name type="string">Common</name>
			</id-00002>
			<id-00003>
				<name type="string">Dwarvish</name>
			</id-00003>
		</languagelist>
		<level type="number">4</level>
		<name type="string">Hrobel</name>
		<notes type="string">Arrived in strange portal land\n</notes>
		<perception type="number">9</perception>
		<perceptionmodifier type="number">0</perceptionmodifier>
		<powergroup>
			<id-00001>
				<atkmod type="number">0</atkmod>
				<atkprof type="number">1</atkprof>
				<castertype type="string">memorization</castertype>
				<name type="string">Spells</name>
				<prepared type="number">0</prepared>
				<savemod type="number">0</savemod>
				<saveprof type="number">1</saveprof>
				<savestat type="string">charisma</savestat>
				<uses type="number">0</uses>
			</id-00001>
			<id-00002>
				<atkmod type="number">0</atkmod>
				<atkprof type="number">1</atkprof>
				<castertype type="string">memorization</castertype>
				<name type="string">Spells (Sorcerer)</name>
				<prepared type="number">0</prepared>
				<savemod type="number">0</savemod>
				<saveprof type="number">1</saveprof>
				<savestat type="string">charisma</savestat>
				<stat type="string">charisma</stat>
				<uses type="number">0</uses>
			</id-00002>
		</powergroup>
		<powermeta>
			<pactmagicslots1>
				<max type="number">0</max>
				<used type="number">0</used>
			</pactmagicslots1>
			<pactmagicslots2>
				<max type="number">0</max>
				<used type="number">0</used>
			</pactmagicslots2>
			<pactmagicslots3>
				<max type="number">0</max>
				<used type="number">0</used>
			</pactmagicslots3>
			<pactmagicslots4>
				<max type="number">0</max>
				<used type="number">0</used>
			</pactmagicslots4>
			<pactmagicslots5>
				<max type="number">0</max>
				<used type="number">0</used>
			</pactmagicslots5>
			<pactmagicslots6>
				<max type="number">0</max>
				<used type="number">0</used>
			</pactmagicslots6>
			<pactmagicslots7>
				<max type="number">0</max>
				<used type="number">0</used>
			</pactmagicslots7>
			<pactmagicslots8>
				<max type="number">0</max>
				<used type="number">0</used>
			</pactmagicslots8>
			<pactmagicslots9>
				<max type="number">0</max>
				<used type="number">0</used>
			</pactmagicslots9>
			<spellslots1>
				<max type="number">4</max>
				<used type="number">1</used>
			</spellslots1>
			<spellslots2>
				<max type="number">3</max>
				<used type="number">2</used>
			</spellslots2>
			<spellslots3>
				<max type="number">0</max>
				<used type="number">0</used>
			</spellslots3>
			<spellslots4>
				<max type="number">0</max>
				<used type="number">0</used>
			</spellslots4>
			<spellslots5>
				<max type="number">0</max>
				<used type="number">0</used>
			</spellslots5>
			<spellslots6>
				<max type="number">0</max>
				<used type="number">0</used>
			</spellslots6>
			<spellslots7>
				<max type="number">0</max>
				<used type="number">0</used>
			</spellslots7>
			<spellslots8>
				<max type="number">0</max>
				<used type="number">0</used>
			</spellslots8>
			<spellslots9>
				<max type="number">0</max>
				<used type="number">0</used>
			</spellslots9>
		</powermeta>
		<powermode type="string">standard</powermode>
		<powers>
			<id-00001>
				<actions>
					<id-00001>
						<atkprof type="number">1</atkprof>
						<onmissdamage type="string">half</onmissdamage>
						<order type="number">1</order>
						<savedcprof type="number">1</savedcprof>
						<savetype type="string">charisma</savetype>
						<type type="string">cast</type>
					</id-00001>
					<id-00002>
						<damagelist>
							<id-00001>
								<dice type="dice">d6,d6</dice>
								<type type="string">bludgeoning</type>
							</id-00001>
						</damagelist>
						<order type="number">2</order>
						<type type="string">damage</type>
					</id-00002>
					<id-00003>
						<durmod type="number">1</durmod>
						<durunit type="string">minute</durunit>
						<label type="string">Restrained; (C)</label>
						<order type="number">3</order>
						<type type="string">effect</type>
					</id-00003>
					<id-00004>
						<damagelist>
							<id-00001>
								<dice type="dice">d6,d6</dice>
								<type type="string">bludgeoning</type>
							</id-00001>
						</damagelist>
						<order type="number">4</order>
						<type type="string">damage</type>
					</id-00004>
				</actions>
				<cast type="number">0</cast>
				<castingtime type="string">1 action</castingtime>
				<components type="string">V, S, M (a miniature hand sculpted from clay)</components>
				<description type="formattedtext">
					<p>You choose a 5-foot-square unoccupied space on the ground that you can see within range. A Medium hand made from compacted soil rises there and reaches for one creature you can see within 5 feet of it. The target must make a Strength saving throw. On a failed save, the target takes 2d6 bludgeoning damage and is restrained for the spell's duration.</p>
					<p>As an action, you can cause the hand to crush the restrained target, who must make a Strength saving throw. It takes 2d6 bludgeoning damage on a failed save, or half as much damage on a successful one.</p>
					<p>To break out, the restrained target can make a Strength check against your spell save DC. On a success, the target escapes and is no longer restrained by the hand.</p>
					<p>As an action, you can cause the hand to reach for a different creature or to move to a different unoccupied space within range. The hand releases a restrained target if you do either.</p>
				</description>
				<duration type="string">Concentration, up to 1 minute</duration>
				<group type="string">Spells</group>
				<level type="number">2</level>
				<locked type="number">1</locked>
				<name type="string">Maximilian's Earthen Grasp</name>
				<prepared type="number">0</prepared>
				<range type="string">30 feet</range>
				<school type="string">Transmutation</school>
				<source type="string">Sorcerer, Wizard</source>
			</id-00001>
			<id-00002>
				<actions>
				</actions>
				<cast type="number">0</cast>
				<level type="number">0</level>
				<name type="string">Sorcery Points</name>
				<prepared type="number">3</prepared>
			</id-00002>
			<id-00003>
				<actions>
					<id-00001>
						<onmissdamage type="string">half</onmissdamage>
						<order type="number">1</order>
						<savemagic type="number">1</savemagic>
						<savetype type="string">constitution</savetype>
						<type type="string">cast</type>
					</id-00001>
					<id-00002>
						<damagelist>
							<id-00001>
								<dice type="dice">d8,d8,d8</dice>
								<type type="string">thunder</type>
							</id-00001>
						</damagelist>
						<order type="number">2</order>
						<type type="string">damage</type>
					</id-00002>
				</actions>
				<cast type="number">0</cast>
				<castingtime type="string">1 action</castingtime>
				<components type="string">V, S, M (a chip of mica)</components>
				<description type="formattedtext">
					<p>A sudden loud ringing noise, painfully intense, erupts from a point of your choice within range. Each creature in a 10-foot-radius sphere centered on that point must make a Constitution saving throw. A creature takes 3d8 thunder damage on a failed save, or half as much damage on a successful one. A creature made of inorganic material such as stone, crystal, or metal has disadvantage on this saving throw.</p>
					<p>A nonmagical object that isn't being worn or carried also takes the damage if it's in the spell's area.</p>
					<p><b>At Higher Levels. </b>When you cast this spell using a spell slot of 3rd level or higher, the damage increases by 1d8 for each slot level above 2nd.</p>
				</description>
				<duration type="string">Instantaneous</duration>
				<group type="string">Spells</group>
				<level type="number">2</level>
				<locked type="number">1</locked>
				<name type="string">Shatter</name>
				<prepared type="number">0</prepared>
				<range type="string">60 feet</range>
				<school type="string">Evocation</school>
				<source type="string">Bard, Cleric Tempest Domain, Eldritch Knight, Monk, Sorcerer, Warlock, Wizard, Arcane Trickster</source>
			</id-00003>
			<id-00004>
				<actions>
					<id-00001>
						<order type="number">1</order>
						<savemagic type="number">1</savemagic>
						<savetype type="string">dexterity</savetype>
						<type type="string">cast</type>
					</id-00001>
					<id-00002>
						<damagelist>
							<id-00001>
								<dice type="dice">d8,d8,d8</dice>
								<type type="string">bludgeoning,magic</type>
							</id-00001>
						</damagelist>
						<order type="number">2</order>
						<type type="string">damage</type>
					</id-00002>
				</actions>
				<cast type="number">0</cast>
				<castingtime type="string">1 action</castingtime>
				<components type="string">S</components>
				<description type="formattedtext">
					<p>Choose one object weighing 1 to 5 pounds within range that isn't being worn or carried. The object flies in a straight line up to 90 feet in a direction you choose before falling to the ground, stopping early if it impacts against a solid surface. If the object would strike a creature, that creature must make a Dexterity saving throw. On a failed save, the object strikes the target and stops moving. In either case, both the object and the creature or solid surface take 3d8 bludgeoning damage.</p>
					<p>At Higher Levels. When you cast this spell using a spell slot of 2nd level or higher, the maximum weight of objects that you can target with this spell increases by 5 pounds, and the damage increases by 1d8, for each slot level above 1st.</p>
				</description>
				<duration type="string">Instantaneous</duration>
				<group type="string">Spells (Sorcerer)</group>
				<level type="number">1</level>
				<locked type="number">1</locked>
				<name type="string">Catapult</name>
				<prepared type="number">0</prepared>
				<range type="string">150 feet</range>
				<school type="string">Transmutation</school>
				<source type="string">Sorcerer, Wizard</source>
			</id-00004>
			<id-00005>
				<actions>
					<id-00001>
						<order type="number">1</order>
						<savemagic type="number">1</savemagic>
						<savetype type="string">dexterity</savetype>
						<type type="string">cast</type>
					</id-00001>
					<id-00002>
						<damagelist>
							<id-00001>
								<dice type="dice">d6</dice>
								<type type="string">bludgeoning,magic</type>
							</id-00001>
						</damagelist>
						<order type="number">2</order>
						<type type="string">damage</type>
					</id-00002>
					<id-00003>
						<label type="string">Prone</label>
						<order type="number">3</order>
						<type type="string">effect</type>
					</id-00003>
				</actions>
				<cast type="number">0</cast>
				<castingtime type="string">1 action</castingtime>
				<components type="string">V, S</components>
				<description type="formattedtext">
					<p>You cause a tremor in the ground in a 10-foot radius. Each creature other than you in that area must make a Dexterity saving throw. On a failed save, a creature takes 1d6 bludgeoning damage and is knocked prone. If the ground in that area is loose earth or stone, it becomes difficult terrain until cleared.</p>
					<p>At Higher Levels. When you cast this spell using a spell slot of 2nd level or higher, the damage increases by 1d6 for each slot level above 1st.</p>
				</description>
				<duration type="string">Instantaneous</duration>
				<group type="string">Spells (Sorcerer)</group>
				<level type="number">1</level>
				<locked type="number">1</locked>
				<name type="string">Earth Tremor</name>
				<prepared type="number">0</prepared>
				<range type="string">Self (10-foot radius)</range>
				<school type="string">Evocation</school>
				<source type="string">Bard, Druid, Sorcerer, Wizard</source>
			</id-00005>
			<id-00006>
				<actions>
					<id-00001>
						<heallist>
							<id-00001>
								<bonus type="number">4</bonus>
								<dice type="dice">d4</dice>
							</id-00001>
						</heallist>
						<healtargeting type="string">self</healtargeting>
						<healtype type="string">temp</healtype>
						<order type="number">1</order>
						<type type="string">heal</type>
					</id-00001>
				</actions>
				<cast type="number">0</cast>
				<castingtime type="string">1 action</castingtime>
				<components type="string">V, S, M (a small amount of alcohol or distilled spirits)</components>
				<description type="formattedtext">
					<p>Bolstering yourself with a necromantic facsimile of life, you gain 1d4 + 4 temporary hit points for the duration.</p>
					<p><b>At Higher Levels. </b>When you cast this spell using a spell slot of 2nd level or higher, you gain 5 additional temporary hit points for each slot level above 1st.</p>
				</description>
				<duration type="string">1 hour</duration>
				<group type="string">Spells (Sorcerer)</group>
				<level type="number">1</level>
				<locked type="number">1</locked>
				<name type="string">False Life</name>
				<prepared type="number">0</prepared>
				<range type="string">Self</range>
				<school type="string">Necromancy</school>
				<source type="string">Eldritch Knight, Eldritch Invocations, Sorcerer, Wizard, Arcane Trickster</source>
			</id-00006>
			<id-00007>
				<actions>
					<id-00001>
						<apply type="string">roll</apply>
						<durmod type="number">1</durmod>
						<durunit type="string">minute</durunit>
						<label type="string">DMG: 2d6 thunder; (C)</label>
						<order type="number">1</order>
						<targeting type="string">self</targeting>
						<type type="string">effect</type>
					</id-00001>
					<id-00002>
						<order type="number">2</order>
						<savemagic type="number">1</savemagic>
						<savetype type="string">strength</savetype>
						<type type="string">cast</type>
					</id-00002>
					<id-00003>
						<label type="string">Prone</label>
						<order type="number">3</order>
						<type type="string">effect</type>
					</id-00003>
				</actions>
				<cast type="number">0</cast>
				<castingtime type="string">1 bonus action</castingtime>
				<components type="string">V</components>
				<description type="formattedtext">
					<p>The first time you hit with a melee weapon attack during this spell's duration, your weapon rings with thunder that is audible within 300 feet of you, and the attack deals an extra 2d6 thunder damage to the target. Additionally, if the target is a creature, it must succeed on a Strength saving throw or be pushed 10 feet away from you and knocked prone.</p>
				</description>
				<duration type="string">Concentration, up to 1 minute</duration>
				<group type="string">Spells (Sorcerer)</group>
				<level type="number">1</level>
				<locked type="number">1</locked>
				<name type="string">Thunderous Smite</name>
				<prepared type="number">0</prepared>
				<range type="string">Self</range>
				<school type="string">Evocation</school>
				<source type="string">Paladin</source>
			</id-00007>
			<id-00008>
				<actions>
					<id-00001>
						<atktype type="string">ranged</atktype>
						<order type="number">1</order>
						<type type="string">cast</type>
					</id-00001>
					<id-00002>
						<damagelist>
							<id-00001>
								<dice type="dice">d10</dice>
								<type type="string">fire</type>
							</id-00001>
						</damagelist>
						<order type="number">2</order>
						<type type="string">damage</type>
					</id-00002>
				</actions>
				<cast type="number">0</cast>
				<castingtime type="string">1 action</castingtime>
				<components type="string">V, S</components>
				<description type="formattedtext">
					<p>You hurl a mote of fire at a creature or object within range. Make a ranged spell attack against the target. On a hit, the target takes 1d10 fire damage. A flammable object hit by this spell ignites if it isn't being worn or carried.</p>
					<p>This spell's damage increases by 1d10 when you reach 5th level (2d10), 11th level (3d10), and 17th level (4d10).</p>
				</description>
				<duration type="string">Instantaneous</duration>
				<group type="string">Spells (Sorcerer)</group>
				<level type="number">0</level>
				<locked type="number">1</locked>
				<name type="string">Fire Bolt</name>
				<prepared type="number">0</prepared>
				<range type="string">120 feet</range>
				<school type="string">Evocation</school>
				<source type="string">Eldritch Knight, Sorcerer, Wizard, Arcane Trickster</source>
			</id-00008>
			<id-00010>
				<actions>
				</actions>
				<cast type="number">0</cast>
				<castingtime type="string">1 action</castingtime>
				<components type="string">S</components>
				<description type="formattedtext">
					<p>You choose a portion of dirt or stone that you can see within range and that fits within a 5-foot cube. You manipulate it in one of the following ways:</p>
					<p>If you target an area of loose earth, you can instantaneously excavate it, move it along the ground, and deposit it up to 5 feet away. This movement doesn't have enough force to cause damage.</p>
					<p>You cause shapes, colors, or both to appear on the dirt or stone, spelling out words, creating images, or shaping patterns. The changes last for 1 hour.</p>
					<p>If the dirt or stone you target is on the ground, you cause it to become difficult terrain. Alternatively, you can cause the ground to become normal terrain if it is already difficult terrain. This change lasts for 1 hour.</p>
					<p>If you cast this spell multiple times, you can have no more than two of its non-instantaneous effects active at a time, and you can dismiss such an effect as an action.</p>
				</description>
				<duration type="string">Instantaneous or 1 hour (see below)</duration>
				<group type="string">Spells (Sorcerer)</group>
				<level type="number">0</level>
				<locked type="number">1</locked>
				<name type="string">Mold Earth</name>
				<prepared type="number">0</prepared>
				<range type="string">30 feet</range>
				<school type="string">Transmutation</school>
				<source type="string">Druid, Sorcerer, Wizard</source>
			</id-00010>
			<id-00011>
				<actions>
				</actions>
				<cast type="number">0</cast>
				<castingtime type="string">1 action</castingtime>
				<components type="string">V, S, M (a short piece of copper wire)</components>
				<description type="formattedtext">
					<p>You point your finger toward a creature within range and whisper a message. The target (and only the target) hears the message and can reply in a whisper that only you can hear.</p>
					<p>You can cast this spell through solid objects if you are familiar with the target and know it is beyond the barrier. Magical silence. 1 foot of stone, 1 inch of common metal, a thin sheet of lead, or 3 feet of wood blocks the spell. The spell doesn't have to follow a straight line and can travel freely around corners or through openings.</p>
				</description>
				<duration type="string">1 round</duration>
				<group type="string">Spells (Sorcerer)</group>
				<level type="number">0</level>
				<locked type="number">1</locked>
				<name type="string">Message</name>
				<prepared type="number">0</prepared>
				<range type="string">120 feet</range>
				<school type="string">Transmutation</school>
				<source type="string">Bard, Eldritch Knight, Sorcerer, Wizard, Arcane Trickster</source>
			</id-00011>
			<id-00012>
				<actions>
					<id-00001>
						<order type="number">1</order>
						<savemagic type="number">1</savemagic>
						<savetype type="string">dexterity</savetype>
						<type type="string">cast</type>
					</id-00001>
				</actions>
				<cast type="number">0</cast>
				<castingtime type="string">1 action</castingtime>
				<components type="string">V, M (a firefly or phosphorescent moss)</components>
				<description type="formattedtext">
					<p>You touch one object that is no larger than 10 feet in any dimension. Until the spell ends, the object sheds bright light in a 20-foot radius and dim light for an additional 20 feet. The light can be colored as you like. Completely covering the object with something opaque blocks the light. The spell ends if you cast it again or dismiss it as an action.</p>
					<p>If you target an object held or worn by a hostile creature, that creature must succeed on a Dexterity saving throw to avoid the spell.</p>
				</description>
				<duration type="string">1 hour</duration>
				<group type="string">Spells (Sorcerer)</group>
				<level type="number">0</level>
				<locked type="number">1</locked>
				<name type="string">Light</name>
				<prepared type="number">0</prepared>
				<range type="string">Touch</range>
				<school type="string">Evocation</school>
				<source type="string">Bard, Cleric, Eldritch Knight, Sorcerer, Wizard, Arcane Trickster</source>
			</id-00012>
			<id-00013>
				<actions>
				</actions>
				<cast type="number">0</cast>
				<castingtime type="string">1 minute</castingtime>
				<components type="string">V, S, M (two lodestones)</components>
				<description type="formattedtext">
					<p>This spell repairs a single break or tear in an object you touch, such as a broken chain link, two halves of a broken key, a torn cloak, or a leaking wineskin. As long as the break or tear is no larger than 1 foot in any dimension, you mend it. leaving no trace of the former damage.</p>
					<p>This spell can physically repair a magic item or construct, but the spell can't restore magic to such an object.</p>
				</description>
				<duration type="string">Instantaneous</duration>
				<group type="string">Spells (Sorcerer)</group>
				<level type="number">0</level>
				<locked type="number">1</locked>
				<name type="string">Mending</name>
				<prepared type="number">0</prepared>
				<range type="string">Touch</range>
				<school type="string">Transmutation</school>
				<source type="string">Bard, Cleric, Druid, Eldritch Knight, Sorcerer, Wizard, Arcane Trickster</source>
			</id-00013>
			<id-00014>
				<actions>
				</actions>
				<cast type="number">0</cast>
				<castingtime type="string">1 action</castingtime>
				<components type="string">V, S</components>
				<description type="formattedtext">
					<p>Three illusory duplicates of yourself appear in your space. Until the spell ends, the duplicates move with you and mimic your actions, shifting position so it's impossible to track which image is real. You can use your action to dismiss the illusory duplicates.</p>
					<p>Each time a creature targets you with an attack during the spell's duration, roll a d20 to determine whether the attack instead targets one of your duplicates.</p>
					<p>If you have three duplicates, you must roll a6 or higher to change the attack's target to a duplicate. With two duplicates, you must roll an 8 or higher. With one duplicate, you must roll an 11 or higher.</p>
					<p>A duplicate's AC equals 10 + your Dexterity modifier. If an attack hits a duplicate, the duplicate is destroyed. A duplicate can be destroyed only by an attack that hits it.</p>
					<p>It ignores all other damage and effects. The spell ends when all three duplicates are destroyed.</p>
					<p>A creature is unaffected by this spell if it can't see, if it relies on senses other than sight, such as blindsight, or if it can perceive illusions as false, as with truesight.</p>
				</description>
				<duration type="string">1 minute</duration>
				<group type="string">Spells</group>
				<level type="number">2</level>
				<locked type="number">1</locked>
				<name type="string">Mirror Image</name>
				<prepared type="number">0</prepared>
				<range type="string">Self</range>
				<school type="string">Illusion</school>
				<source type="string">Cleric Trickery Domain, Druid Coast Circle, Eldritch Knight, Sorcerer, Warlock, Wizard, Arcane Trickster</source>
			</id-00014>
		</powers>
		<profbonus type="number">2</profbonus>
		<proficiencylist>
			<id-00001>
				<name type="string">Tool: Herbalism kit</name>
			</id-00001>
			<id-00002>
				<name type="string">Weapon: Daggers, darts, slings, quarterstaffs, light crossbows</name>
			</id-00002>
		</proficiencylist>
		<race type="string">Mountain Dwarf</race>
		<racelink type="windowreference">
			<class>reference_race</class>
			<recordname>reference.racedata.dwarf@DD PHB Deluxe</recordname>
		</racelink>
		<senses type="string">Darkvision 60</senses>
		<size type="string">Medium</size>
		<skilllist>
			<id-00001>
				<misc type="number">0</misc>
				<name type="string">Perception</name>
				<prof type="number">0</prof>
				<stat type="string">wisdom</stat>
				<total type="number">-1</total>
			</id-00001>
			<id-00002>
				<misc type="number">0</misc>
				<name type="string">Arcana</name>
				<prof type="number">1</prof>
				<stat type="string">intelligence</stat>
				<total type="number">2</total>
			</id-00002>
			<id-00003>
				<misc type="number">0</misc>
				<name type="string">Persuasion</name>
				<prof type="number">0</prof>
				<stat type="string">charisma</stat>
				<total type="number">3</total>
			</id-00003>
			<id-00004>
				<misc type="number">0</misc>
				<name type="string">Nature</name>
				<prof type="number">0</prof>
				<stat type="string">intelligence</stat>
				<total type="number">0</total>
			</id-00004>
			<id-00005>
				<misc type="number">0</misc>
				<name type="string">Medicine</name>
				<prof type="number">1</prof>
				<stat type="string">wisdom</stat>
				<total type="number">1</total>
			</id-00005>
			<id-00006>
				<misc type="number">0</misc>
				<name type="string">Survival</name>
				<prof type="number">0</prof>
				<stat type="string">wisdom</stat>
				<total type="number">-1</total>
			</id-00006>
			<id-00007>
				<misc type="number">0</misc>
				<name type="string">Performance</name>
				<prof type="number">0</prof>
				<stat type="string">charisma</stat>
				<total type="number">3</total>
			</id-00007>
			<id-00008>
				<misc type="number">0</misc>
				<name type="string">Acrobatics</name>
				<prof type="number">0</prof>
				<stat type="string">dexterity</stat>
				<total type="number">2</total>
			</id-00008>
			<id-00009>
				<misc type="number">0</misc>
				<name type="string">Religion</name>
				<prof type="number">1</prof>
				<stat type="string">intelligence</stat>
				<total type="number">2</total>
			</id-00009>
			<id-00010>
				<misc type="number">0</misc>
				<name type="string">Athletics</name>
				<prof type="number">0</prof>
				<stat type="string">strength</stat>
				<total type="number">3</total>
			</id-00010>
			<id-00011>
				<misc type="number">0</misc>
				<name type="string">Sleight of Hand</name>
				<prof type="number">0</prof>
				<stat type="string">dexterity</stat>
				<total type="number">2</total>
			</id-00011>
			<id-00012>
				<misc type="number">0</misc>
				<name type="string">Insight</name>
				<prof type="number">1</prof>
				<stat type="string">wisdom</stat>
				<total type="number">1</total>
			</id-00012>
			<id-00013>
				<misc type="number">0</misc>
				<name type="string">Intimidation</name>
				<prof type="number">0</prof>
				<stat type="string">charisma</stat>
				<total type="number">3</total>
			</id-00013>
			<id-00014>
				<misc type="number">0</misc>
				<name type="string">Deception</name>
				<prof type="number">0</prof>
				<stat type="string">charisma</stat>
				<total type="number">3</total>
			</id-00014>
			<id-00015>
				<misc type="number">0</misc>
				<name type="string">Investigation</name>
				<prof type="number">0</prof>
				<stat type="string">intelligence</stat>
				<total type="number">0</total>
			</id-00015>
			<id-00016>
				<misc type="number">0</misc>
				<name type="string">Stealth</name>
				<prof type="number">0</prof>
				<stat type="string">dexterity</stat>
				<total type="number">2</total>
			</id-00016>
			<id-00017>
				<misc type="number">0</misc>
				<name type="string">History</name>
				<prof type="number">0</prof>
				<stat type="string">intelligence</stat>
				<total type="number">0</total>
			</id-00017>
			<id-00018>
				<misc type="number">0</misc>
				<name type="string">Animal Handling</name>
				<prof type="number">0</prof>
				<stat type="string">wisdom</stat>
				<total type="number">-1</total>
			</id-00018>
		</skilllist>
		<speed>
			<armor type="number">0</armor>
			<base type="number">25</base>
			<misc type="number">0</misc>
			<temporary type="number">0</temporary>
			<total type="number">25</total>
		</speed>
		<temp>
		</temp>
		<token type="token">portrait_id-00004_token</token>
		<traitlist>
			<id-00001>
				<locked type="number">1</locked>
				<name type="string">Dwarven Resilience</name>
				<source type="string">Dwarf</source>
				<text type="formattedtext">
					<p>You have advantage on saving throws against poison, and you have resistance against poison damage (explained in chapter 9).</p>
				</text>
				<type type="string">racial</type>
			</id-00001>
			<id-00002>
				<locked type="number">1</locked>
				<name type="string">Stonecunning</name>
				<source type="string">Dwarf</source>
				<text type="formattedtext">
					<p>Whenever you make an Intelligence (History) check related to the origin of stonework, you are considered proficient in the History skill and add double your proficiency bonus to the check, instead of your normal proficiency bonus.</p>
				</text>
				<type type="string">racial</type>
			</id-00002>
			<id-00003>
				<locked type="number">1</locked>
				<name type="string">Dwarven Combat Training</name>
				<source type="string">Dwarf</source>
				<text type="formattedtext">
					<p>You have proficiency with the battleaxe, handaxe, light hammer, and warhammer.</p>
				</text>
				<type type="string">racial</type>
			</id-00003>
			<id-00004>
				<locked type="number">1</locked>
				<name type="string">Tool Proficiency</name>
				<source type="string">Dwarf</source>
				<text type="formattedtext">
					<p>You gain proficiency with the artisan's tools of your choice: smith's tools, brewer's supplies, or mason's tools.</p>
				</text>
				<type type="string">racial</type>
			</id-00004>
			<id-00005>
				<locked type="number">1</locked>
				<name type="string">Dwarven Armor Training</name>
				<source type="string">Mountain Dwarf</source>
				<text type="formattedtext">
					<p>You have proficiency with light and medium armor.</p>
				</text>
				<type type="string">subracial</type>
			</id-00005>
		</traitlist>
		<weaponlist>
			<id-00001>
				<attackbonus type="number">0</attackbonus>
				<carried type="number">2</carried>
				<damagelist>
					<id-00001>
						<bonus type="number">-2</bonus>
						<dice type="dice">d8</dice>
						<stat type="string">base</stat>
						<type type="string">bludgeoning</type>
					</id-00001>
				</damagelist>
				<isidentified type="number">1</isidentified>
				<maxammo type="number">0</maxammo>
				<name type="string">Warhammer</name>
				<prof type="number">1</prof>
				<shortcut type="windowreference">
					<class>item</class>
					<recordname>....inventorylist.id-00001</recordname>
				</shortcut>
				<type type="number">0</type>
			</id-00001>
			<id-00002>
				<carried type="number">2</carried>
				<damagelist>
					<id-00001>
						<dice type="dice">d8</dice>
						<stat type="string">base</stat>
						<type type="string">piercing</type>
					</id-00001>
				</damagelist>
				<isidentified type="number">1</isidentified>
				<maxammo type="number">0</maxammo>
				<name type="string">Morningstar</name>
				<prof type="number">1</prof>
				<shortcut type="windowreference">
					<class>item</class>
					<recordname>....inventorylist.id-00004</recordname>
				</shortcut>
				<type type="number">0</type>
			</id-00002>
		</weaponlist>
	</character>
</root>
