<?xml version="1.0" encoding="iso-8859-1"?>
<root version="3.3" release="8|CoreRPG:3">
	<character>
		<abilities>
			<charisma>
				<bonus type="number">4</bonus>
				<save type="number">6</save>
				<savemodifier type="number">0</savemodifier>
				<saveprof type="number">1</saveprof>
				<score type="number">18</score>
			</charisma>
			<constitution>
				<bonus type="number">3</bonus>
				<save type="number">5</save>
				<savemodifier type="number">0</savemodifier>
				<saveprof type="number">1</saveprof>
				<score type="number">16</score>
			</constitution>
			<dexterity>
				<bonus type="number">0</bonus>
				<save type="number">0</save>
				<savemodifier type="number">0</savemodifier>
				<saveprof type="number">0</saveprof>
				<score type="number">10</score>
			</dexterity>
			<intelligence>
				<bonus type="number">-1</bonus>
				<save type="number">-1</save>
				<savemodifier type="number">0</savemodifier>
				<saveprof type="number">0</saveprof>
				<score type="number">8</score>
			</intelligence>
			<strength>
				<bonus type="number">1</bonus>
				<save type="number">1</save>
				<savemodifier type="number">0</savemodifier>
				<saveprof type="number">0</saveprof>
				<score type="number">12</score>
			</strength>
			<wisdom>
				<bonus type="number">1</bonus>
				<save type="number">1</save>
				<savemodifier type="number">0</savemodifier>
				<saveprof type="number">0</saveprof>
				<score type="number">13</score>
			</wisdom>
		</abilities>
		<adventurelist>
		</adventurelist>
		<age type="string">31</age>
		<alignment type="string">Lawful Neutral</alignment>
		<appearance type="string">Golden Skin, golden hair, ruby eyes. Those are only the most notable features of the large looming figure clad in white costume, and wielding a glassy white staff . His natural radiance in every room casts brighter light and darker shadows.</appearance>
		<background type="string">Soldier</background>
		<backgroundlink type="windowreference">
			<class>reference_background</class>
			<recordname>reference.backgrounddata.soldier@DD PHB Deluxe</recordname>
		</backgroundlink>
		<bonds type="string">My honor is my life.</bonds>
		<classes>
			<id-00002>
				<casterlevelinvmult type="number">1</casterlevelinvmult>
				<casterpactmagic type="number">0</casterpactmagic>
				<hddie type="dice">d6</hddie>
				<hdused type="number">0</hdused>
				<level type="number">4</level>
				<name type="string">Sorcerer</name>
				<shortcut type="windowreference">
					<class>reference_class</class>
					<recordname>reference.classdata.sorcerer@DD PHB Deluxe</recordname>
				</shortcut>
			</id-00002>
		</classes>
		<coins>
			<slot1>
				<amount type="number">32</amount>
				<name type="string">GP</name>
			</slot1>
			<slot2>
				<amount type="number">57</amount>
				<name type="string">SP</name>
			</slot2>
			<slot3>
				<amount type="number">18</amount>
				<name type="string">CP</name>
			</slot3>
			<slot4>
				<amount type="number">0</amount>
			</slot4>
			<slot5>
				<amount type="number">0</amount>
			</slot5>
			<slot6>
				<amount type="number">0</amount>
			</slot6>
		</coins>
		<defenses>
			<ac>
				<armor type="number">3</armor>
				<misc type="number">0</misc>
				<prof type="number">1</prof>
				<shield type="number">0</shield>
				<temporary type="number">0</temporary>
				<total type="number">13</total>
			</ac>
		</defenses>
		<encumbrance>
			<encumbered type="number">60</encumbered>
			<encumberedheavy type="number">120</encumberedheavy>
			<liftpushdrag type="number">360</liftpushdrag>
			<load type="number">73.5</load>
			<max type="number">180</max>
		</encumbrance>
		<exp type="number">417</exp>
		<expneeded type="number">500</expneeded>
		<featlist>
		</featlist>
		<featurelist>
			<id-00001>
				<locked type="number">1</locked>
				<name type="string">Military Rank</name>
				<source type="string">Soldier</source>
				<text type="formattedtext">
					<p>You have a military rank from your career as a soldier.</p>
					<p>Soldiers loyal to your former military organization still recognize your authority and influence, and they defer to you if they are of a lower rank. You can invoke your rank to exert influence over other soldiers and requisition simple equipment or horses for temporary use. You can also usually gain access to friendly military encampments and fortresses where your rank is recognized.</p>
				</text>
			</id-00001>
			<id-00002>
				<level type="number">1</level>
				<locked type="number">1</locked>
				<name type="string">Draconic Bloodline</name>
				<source type="string">Sorcerer</source>
				<text type="formattedtext">
					<p>Your innate magic comes from draconic magic that was mingled with your blood or that of your ancestors. Most often, sorcerers with this origin trace their descent back to a mighty sorcerer of ancient times who made a bargain with a dragon or who might even have claimed a dragon parent. Some of these bloodlines are well established in the world, but most are obscure. Any given sorcerer could be the first of a new bloodline, as a result of a pact or some other exceptional circumstance.</p>
					<h>Features</h>
					<linklist>
						<link class="reference_classfeature" recordname="reference.classdata.sorcerer.features.dragonancestor1@DD PHB Deluxe">Dragon Ancestor</link>
						<link class="reference_classfeature" recordname="reference.classdata.sorcerer.features.draconicresilience1@DD PHB Deluxe">Draconic Resilience</link>
						<link class="reference_classfeature" recordname="reference.classdata.sorcerer.features.elementalaffinity6@DD PHB Deluxe">Elemental Affinity</link>
						<link class="reference_classfeature" recordname="reference.classdata.sorcerer.features.dragonwings14@DD PHB Deluxe">Dragon Wings</link>
						<link class="reference_classfeature" recordname="reference.classdata.sorcerer.features.draconicpresence18@DD PHB Deluxe">Draconic Presence</link>
					</linklist>
				</text>
			</id-00002>
			<id-00003>
				<level type="number">1</level>
				<locked type="number">1</locked>
				<name type="string">Dragon Ancestor</name>
				<source type="string">Sorcerer</source>
				<specialization type="string">Draconic Bloodline</specialization>
				<text type="formattedtext">
					<p>At 1st level, you choose one type of dragon as your ancestor. The damage type associated with each dragon is used by features you gain later.</p>
					<p><b>Draconic Ancestry</b></p>
					<table>
						<tr>
							<td><b>Dragon</b></td>
							<td><b>Damage Type</b></td>
						</tr>
						<tr>
							<td>Black</td>
							<td>Acid</td>
						</tr>
						<tr>
							<td>Blue</td>
							<td>Lightning</td>
						</tr>
						<tr>
							<td>Brass</td>
							<td>Fire</td>
						</tr>
						<tr>
							<td>Bronze</td>
							<td>Lightning</td>
						</tr>
						<tr>
							<td>Copper</td>
							<td>Acid</td>
						</tr>
						<tr>
							<td>Cold</td>
							<td>Fire</td>
						</tr>
						<tr>
							<td>Green</td>
							<td>Poison</td>
						</tr>
						<tr>
							<td>Red</td>
							<td>Fire</td>
						</tr>
						<tr>
							<td>Silver</td>
							<td>Cold</td>
						</tr>
						<tr>
							<td>White</td>
							<td>Cold</td>
						</tr>
					</table>
					<p>You can speak, read, and write Draconic. Additionally, whenever you make a Charisma check when interacting with dragons, your proficiency bonus is doubled if it applies to the check.</p>
				</text>
			</id-00003>
			<id-00004>
				<level type="number">1</level>
				<locked type="number">1</locked>
				<name type="string">Draconic Resilience</name>
				<source type="string">Sorcerer</source>
				<specialization type="string">Draconic Bloodline</specialization>
				<text type="formattedtext">
					<p>As magic flows through your body, it causes physical traits of your dragon ancestors to emerge. At 1st level, your hit point maximum increases by 1 and increases by 1 again whenever you gain a level in this class. Additionally, parts of your skin are covered by a thin sheen of dragon-like scales. When you aren't wearing armor, your AC equals 13 + your Dexterity modifier.</p>
				</text>
			</id-00004>
			<id-00005>
				<level type="number">1</level>
				<locked type="number">1</locked>
				<name type="string">Spellcasting</name>
				<source type="string">Sorcerer</source>
				<text type="formattedtext">
					<p>An event in your past, or in the life of a parent or ancestor, left an indelible mark on you, infusing you with arcane magic. This font of magic, whatever its origin, fuels your spells. See chapter 10 for the general rules of spellcasting and chapter 11 for the sorcerer spell list.</p>
					<linklist>
						<link class="reference_colindex" recordname="reference.spelllists.sorcerer@DD PHB Deluxe">Sorcerer Spells</link>
					</linklist>
					<p><b>Cantrips</b></p>
					<p>At 1st level, you know four cantrips of your choice from the sorcerer spell list. You learn additional sorcerer cantrips of your choice at higher levels, as shown in the Cantrips Known column of the Sorcerer table.</p>
					<p><b>Spell Slots</b></p>
					<p>The Sorcerer table shows how many spell slots you have to cast your spells of 1st level and higher. To cast one of these sorcerer spells, you must expend a slot of the spell's level or higher. You regain all expended spell slots when you finish a long rest.</p>
					<p>For example, if you know the 1st-level spell burning hands and have a 1st-level and a 2nd-level spell slot available, you can cast burning hands using either slot.</p>
					<p><b>Spells Known of 1st Level and Higher</b></p>
					<p>You know two 1st-level spells of your choice from the sorcerer spell list.</p>
					<p>The Spells Known column of the Sorcerer table shows when you learn more sorcerer spells of your choice. Each of these spells must be of a level for which you have spell slots. For instance, when you reach 3rd level in this class, you can learn one new spell of 1st or 2nd level.</p>
					<p>Additionally, when you gain a level in this class, you can choose one of the sorcerer spells you know and replace it with another spell from the sorcerer spell list, which also must be of a level for which you have spell slots.</p>
					<p><b>Spellcasting Ability</b></p>
					<p>Charisma is your spellcasting ability for your sorcerer spells, since the power of your magic relies on your ability to project your will into the world. You use your Charisma whenever a spell refers to your spellcasting ability. In addition, you use your Charisma modifier when setting the saving throw DC for a sorcerer spell you cast and when making an attack roll with one.</p>
					<p><b>Spell save DC </b>= 8 + your proficiency bonus + your Charisma modifier</p>
					<p><b>Spell attack modifier </b>= your proficiency bonus + your Charisma modifier</p>
					<p><b>Spellcasting Focus</b></p>
					<p>You can use an arcane focus (found in chapter 5) as a spellcasting focus for your sorcerer spells.</p>
				</text>
			</id-00005>
			<id-00006>
				<level type="number">2</level>
				<locked type="number">1</locked>
				<name type="string">Font of Magic</name>
				<source type="string">Sorcerer</source>
				<text type="formattedtext">
					<p>At 2nd level, you tap into a deep wellspring of magic within yourself. This wellspring is represented by sorcery points, which allow you to create a variety of magical effects.</p>
					<p><b>Sorcery Points</b></p>
					<p>You have 2 sorcery points, and you gain more as you reach higher levels, as shown in the Sorcery Points column of the Sorcerer table. You can never have more sorcery points than shown on the table for your level. You regain all spent sorcery points when you finish a long rest.</p>
					<p><b>Flexible Casting</b></p>
					<p>You can use your sorcery points to gain additional spell slots, or sacrifice spell slots to gain additional sorcery points. You learn other ways to use your sorcery points as you reach higher levels. The created spell slots vanish at the end of a long rest.</p>
					<p><b>Creating Spell Slots. </b>You can transform unexpended sorcery points into one spell slot as a bonus action on your turn. The Creating Spell Slots table shows the cost of creating a spell slot of a given level. You can create spell slots no higher in level than 5th.</p>
					<p><b>Creating Spell Slots</b></p>
					<table>
						<tr>
							<td><b>Spell Slot Sorcery Level</b></td>
							<td><b>Point Cost</b></td>
						</tr>
						<tr>
							<td>1st</td>
							<td>2</td>
						</tr>
						<tr>
							<td>2nd</td>
							<td>3</td>
						</tr>
						<tr>
							<td>3rd</td>
							<td>5</td>
						</tr>
						<tr>
							<td>4th</td>
							<td>6</td>
						</tr>
						<tr>
							<td>5th</td>
							<td>7</td>
						</tr>
					</table>
					<p>Converting a Spell Slot to Sorcery Points. As a bonus action on your turn, you can expend one spell slot and gain a number of sorcery points equal to the slot's level.</p>
				</text>
			</id-00006>
			<id-00007>
				<level type="number">3</level>
				<locked type="number">1</locked>
				<name type="string">Metamagic [Quicken Spell, Empowered Spell]</name>
				<source type="string">Sorcerer</source>
				<text type="formattedtext">
					<p>At 3rd level, you gain the ability to twist your spells to suit your needs. You gain two of the following Metamagic options of your choice. You gain another one at 10th and 17th level.</p>
					<p>You can use only one Metamagic option on a spell when you cast it, unless otherwise noted.</p>
					<p><b>Careful Spell</b></p>
					<p>When you cast a spell that forces other creatures to make a saving throw, you can protect some of those creatures from the spell's full force. To do so, you spend 1 sorcery point and choose a number of those creatures up to your Charisma modifier (minimum of one creature). A chosen creature automatically succeeds on its saving throw against the spell.</p>
					<p><b>Distant Spell</b></p>
					<p>When you cast a spell that has a range of 5 feet or greater, you can spend 1 sorcery point to double the range of the spell.</p>
					<p>When you cast a spell that has a range of touch, you can spend 1 sorcery point to make the range of the spell 30 feet.</p>
					<p><b>Empowered Spell</b></p>
					<p>When you roll damage for a spell, you can spend 1 sorcery point to reroll a number of the damage dice up to your Charisma modifier (minimum of one). You must use the new rolls.</p>
					<p>You can use Empowered Spell even if you have already used a different Metamagic option during the casting of the spell.</p>
					<p><b>Extended Spell</b></p>
					<p>When you cast a spell that has a duration of 1 minute or longer, you can spend 1 sorcery point to double its duration, to a maximum duration of 24 hours.</p>
					<p><b>Heightened Spell</b></p>
					<p>When you cast a spell that forces a creature to make a saving throw to resist its effects, you can spend 3 sorcery points to give one target of the spell disadvantage on its first saving throw made against the spell.</p>
					<p><b>Quickened Spell</b></p>
					<p>When you cast a spell that has a casting time of 1 action, you can spend 2 sorcery points to change the casting time to 1 bonus action for this casting.</p>
					<p><b>Subtle Spell</b></p>
					<p>When you cast a spell, you can spend 1 sorcery point to cast it without any somatic or verbal components.</p>
					<p><b>Twinned Spell</b></p>
					<p>When you cast a spell that targets only one creature and doesn't have a range of self, you can spend a number of sorcery points equal to the spell's level to target a second creature in range with the same spell (1 sorcery point if the spell is a cantrip). To be eligible for Twinned Spell, a spell must be incapable of targeting more than one creature at the spell's current level.</p>
				</text>
			</id-00007>
			<id-00008>
				<level type="number">4</level>
				<locked type="number">1</locked>
				<name type="string">Ability Score Improvement</name>
				<source type="string">Sorcerer</source>
				<text type="formattedtext">
					<p>When you reach 4th level, and again at 8th, 12th, 16th, and 19th level, you can increase one ability score of your choice by 2, or you can increase two ability scores of your choice by 1. As normal, you can't increase an ability score above 20 using this feature.</p>
				</text>
			</id-00008>
		</featurelist>
		<flaws type="string">I obey the law, even if the law causes misery.</flaws>
		<gender type="string">Male</gender>
		<height type="string">6'1''</height>
		<hp>
			<deathsavefail type="number">0</deathsavefail>
			<deathsavesuccess type="number">0</deathsavesuccess>
			<temporary type="number">0</temporary>
			<total type="number">30</total>
			<wounds type="number">0</wounds>
		</hp>
		<ideals type="string">Independence. When people follow orders blindly, they embrace a kind of tyranny. (Chaotic)</ideals>
		<initiative>
			<misc type="number">0</misc>
			<temporary type="number">0</temporary>
			<total type="number">0</total>
		</initiative>
		<inventorylist>
			<id-00001>
				<carried type="number">2</carried>
				<cost type="string">5 gp</cost>
				<count type="number">1</count>
				<isidentified type="number">1</isidentified>
				<locked type="number">1</locked>
				<name type="string">Clothes, Costume</name>
				<subtype type="string">Standard</subtype>
				<type type="string">Adventuring Gear</type>
				<weight type="number">4</weight>
			</id-00001>
			<id-00002>
				<carried type="number">1</carried>
				<cost type="string">2 gp</cost>
				<count type="number">1</count>
				<isidentified type="number">1</isidentified>
				<locked type="number">1</locked>
				<name type="string">Backpack (Empty)</name>
				<subtype type="string">Standard</subtype>
				<type type="string">Adventuring Gear</type>
				<weight type="number">5</weight>
			</id-00002>
			<id-00003>
				<carried type="number">1</carried>
				<cost type="string">2 gp</cost>
				<count type="number">1</count>
				<description type="formattedtext">
					<p>Using a crowbar grants advantage to Strength checks where the crowbar's leverage can be applied.</p>
				</description>
				<isidentified type="number">1</isidentified>
				<locked type="number">1</locked>
				<name type="string">Crowbar</name>
				<subtype type="string">Standard</subtype>
				<type type="string">Adventuring Gear</type>
				<weight type="number">5</weight>
			</id-00003>
			<id-00005>
				<carried type="number">2</carried>
				<cost type="string">5 gp</cost>
				<count type="number">1</count>
				<description type="formattedtext">
					<p>An arcane focus is a special item-an orb, a crystal, a rod, a specially constructed staff, a wand-like length of wood, or some similar item-designed to channel the power of arcane spells. A sorcerer, warlock, or wizard can use such an item as a spellcasting focus, as described in chapter 10.</p>
				</description>
				<isidentified type="number">1</isidentified>
				<locked type="number">1</locked>
				<name type="string">Staff</name>
				<subtype type="string">Arcane Focus</subtype>
				<type type="string">Adventuring Gear</type>
				<weight type="number">4</weight>
			</id-00005>
			<id-00006>
				<carried type="number">1</carried>
				<cost type="string">1 gp</cost>
				<count type="number">1</count>
				<isidentified type="number">1</isidentified>
				<locked type="number">1</locked>
				<name type="string">Hammer</name>
				<subtype type="string">Standard</subtype>
				<type type="string">Adventuring Gear</type>
				<weight type="number">3</weight>
			</id-00006>
			<id-00007>
				<carried type="number">1</carried>
				<cost type="string">5 cp</cost>
				<count type="number">10</count>
				<isidentified type="number">1</isidentified>
				<locked type="number">1</locked>
				<name type="string">Piton</name>
				<subtype type="string">Standard</subtype>
				<type type="string">Adventuring Gear</type>
				<weight type="number">0.25</weight>
			</id-00007>
			<id-00008>
				<carried type="number">1</carried>
				<cost type="string">1 cp</cost>
				<count type="number">10</count>
				<description type="formattedtext">
					<p>A torch burns for 1 hour, providing bright light in a 20-foot radius and dim light for an additional 20 feet. If you make a melee attack with a burning torch and hit, it deals 1 fire damage.</p>
				</description>
				<isidentified type="number">1</isidentified>
				<locked type="number">1</locked>
				<name type="string">Torch</name>
				<subtype type="string">Standard</subtype>
				<type type="string">Adventuring Gear</type>
				<weight type="number">1</weight>
			</id-00008>
			<id-00009>
				<carried type="number">1</carried>
				<cost type="string">5 sp</cost>
				<count type="number">10</count>
				<description type="formattedtext">
					<p>Rations consist of dry foods suitable for extended travel, including jerky, dried fruit, hardtack, and nuts.</p>
				</description>
				<isidentified type="number">1</isidentified>
				<locked type="number">1</locked>
				<name type="string">Rations (1 Day)</name>
				<subtype type="string">Standard</subtype>
				<type type="string">Adventuring Gear</type>
				<weight type="number">2</weight>
			</id-00009>
			<id-00010>
				<carried type="number">1</carried>
				<cost type="string">2 sp</cost>
				<count type="number">1</count>
				<isidentified type="number">1</isidentified>
				<locked type="number">1</locked>
				<name type="string">Waterskin</name>
				<subtype type="string">Standard</subtype>
				<type type="string">Adventuring Gear</type>
				<weight type="number">5</weight>
			</id-00010>
			<id-00011>
				<carried type="number">1</carried>
				<cost type="string">1 gp</cost>
				<count type="number">1</count>
				<isidentified type="number">1</isidentified>
				<locked type="number">1</locked>
				<name type="string">Rope, Hempen (50 Feet)</name>
				<subtype type="string">Standard</subtype>
				<type type="string">Adventuring Gear</type>
				<weight type="number">10</weight>
			</id-00011>
			<id-00012>
				<carried type="number">1</carried>
				<cost type="string">5 sp</cost>
				<count type="number">1</count>
				<description type="formattedtext">
					<p>This small container holds flint, fire steel, and tinder (usually dry cloth soaked in light oil) used to kindle a fire. Using it to light a torch-or anything else with abundant, exposed fuel-takes an action. Lighting any other fire takes 1 minute.</p>
				</description>
				<isidentified type="number">1</isidentified>
				<locked type="number">1</locked>
				<name type="string">Tinderbox</name>
				<subtype type="string">Standard</subtype>
				<type type="string">Adventuring Gear</type>
				<weight type="number">1</weight>
			</id-00012>
			<id-00013>
				<carried type="number">1</carried>
				<cost type="string">5 gp</cost>
				<count type="number">2</count>
				<damage type="string">1d6 slashing</damage>
				<description type="formattedtext">
					<p></p>
				</description>
				<isidentified type="number">1</isidentified>
				<locked type="number">1</locked>
				<name type="string">Handaxe</name>
				<properties type="string">Light, thrown (range 20/60)</properties>
				<subtype type="string">Simple Melee Weapons</subtype>
				<type type="string">Weapon</type>
				<weight type="number">2</weight>
			</id-00013>
		</inventorylist>
		<languagelist>
			<id-00001>
				<name type="string">Common</name>
			</id-00001>
			<id-00002>
				<name type="string">Celestial</name>
			</id-00002>
		</languagelist>
		<level type="number">4</level>
		<name type="string">Kendal</name>
		<notes type="string">Kendal had always felt a call to protect and serve. He even joined the City watch when he came of age. However after years of feeling unfulfilled at his mission, one day celestial revealed his true Aasimar-draconic heritage. Now knowing his purpose and filled with a strong sense of right and wrong and wrong Kendal has fully committed himself becoming a blazing beacon of justice.</notes>
		<perception type="number">11</perception>
		<perceptionmodifier type="number">0</perceptionmodifier>
		<personalitytraits type="string">I'm full of inspiring and cautionary tales from my military experience relevant to almost every combat situation.</personalitytraits>
		<powergroup>
			<id-00002>
				<atkmod type="number">0</atkmod>
				<atkprof type="number">1</atkprof>
				<name type="string">Racials</name>
				<prepared type="number">0</prepared>
				<savemod type="number">0</savemod>
				<saveprof type="number">1</saveprof>
				<uses type="number">0</uses>
			</id-00002>
			<id-00004>
				<atkmod type="number">0</atkmod>
				<atkprof type="number">1</atkprof>
				<name type="string">Potions</name>
				<prepared type="number">0</prepared>
				<savemod type="number">0</savemod>
				<saveprof type="number">1</saveprof>
				<uses type="number">0</uses>
			</id-00004>
			<id-00005>
				<atkmod type="number">0</atkmod>
				<atkprof type="number">1</atkprof>
				<atkstat type="string">charisma</atkstat>
				<castertype type="string">memorization</castertype>
				<name type="string">Spells</name>
				<prepared type="number">0</prepared>
				<savemod type="number">0</savemod>
				<saveprof type="number">1</saveprof>
				<savestat type="string">charisma</savestat>
				<uses type="number">0</uses>
			</id-00005>
			<id-00006>
				<atkmod type="number">0</atkmod>
				<atkprof type="number">1</atkprof>
				<name type="string">Class Feature</name>
				<prepared type="number">0</prepared>
				<savemod type="number">0</savemod>
				<saveprof type="number">1</saveprof>
				<uses type="number">0</uses>
			</id-00006>
		</powergroup>
		<powermeta>
			<pactmagicslots1>
				<max type="number">0</max>
				<used type="number">0</used>
			</pactmagicslots1>
			<pactmagicslots2>
				<max type="number">0</max>
				<used type="number">0</used>
			</pactmagicslots2>
			<pactmagicslots3>
				<max type="number">0</max>
				<used type="number">0</used>
			</pactmagicslots3>
			<pactmagicslots4>
				<max type="number">0</max>
				<used type="number">0</used>
			</pactmagicslots4>
			<pactmagicslots5>
				<max type="number">0</max>
				<used type="number">0</used>
			</pactmagicslots5>
			<pactmagicslots6>
				<max type="number">0</max>
				<used type="number">0</used>
			</pactmagicslots6>
			<pactmagicslots7>
				<max type="number">0</max>
				<used type="number">0</used>
			</pactmagicslots7>
			<pactmagicslots8>
				<max type="number">0</max>
				<used type="number">0</used>
			</pactmagicslots8>
			<pactmagicslots9>
				<max type="number">0</max>
				<used type="number">0</used>
			</pactmagicslots9>
			<spellslots1>
				<max type="number">4</max>
				<used type="number">0</used>
			</spellslots1>
			<spellslots2>
				<max type="number">3</max>
				<used type="number">0</used>
			</spellslots2>
			<spellslots3>
				<max type="number">0</max>
				<used type="number">0</used>
			</spellslots3>
			<spellslots4>
				<max type="number">0</max>
				<used type="number">0</used>
			</spellslots4>
			<spellslots5>
				<max type="number">0</max>
				<used type="number">0</used>
			</spellslots5>
			<spellslots6>
				<max type="number">0</max>
				<used type="number">0</used>
			</spellslots6>
			<spellslots7>
				<max type="number">0</max>
				<used type="number">0</used>
			</spellslots7>
			<spellslots8>
				<max type="number">0</max>
				<used type="number">0</used>
			</spellslots8>
			<spellslots9>
				<max type="number">0</max>
				<used type="number">0</used>
			</spellslots9>
		</powermeta>
		<powermode type="string">standard</powermode>
		<powers>
			<id-00001>
				<actions>
					<id-00001>
						<durmod type="number">1</durmod>
						<durunit type="string">minute</durunit>
						<label type="string">Radiant Consumption</label>
						<order type="number">1</order>
						<targeting type="string">self</targeting>
						<type type="string">effect</type>
					</id-00001>
					<id-00002>
						<damagelist>
							<id-00001>
								<bonus type="number">2</bonus>
								<dice type="dice"></dice>
								<type type="string">radiant</type>
							</id-00001>
						</damagelist>
						<order type="number">2</order>
						<type type="string">damage</type>
					</id-00002>
					<id-00003>
						<apply type="string">action</apply>
						<durmod type="number">0</durmod>
						<label type="string">Radiant Consumption; DMG: [LVL] radiant</label>
						<order type="number">3</order>
						<targeting type="string">self</targeting>
						<type type="string">effect</type>
					</id-00003>
				</actions>
				<cast type="number">0</cast>
				<castingtime type="string">1 Action</castingtime>
				<description type="formattedtext">
					<p>Starting at 3rd level, you can use your action to unleash the divine energy within yourself, causing a searing light to radiate from you, pour out of your eyes and mouth, and threaten to char you.</p>
					<p>Your transformation lasts for 1 minute or until you end it as a bonus action. During it, you shed bright light in a 10-foot radius and dim light for an additional 10 feet, and at the end of each of your turns, you and each creature within 10 feet of you take radiant damage equal to half your level (rounded up). In addition, once on each of your turns, you can deal extra radiant damage to one target when you deal damage to it with an attack or a spell. The extra radiant damage equals your level.</p>
					<p>Once you use this trait, you can't use it again until you finish a long rest.</p>
				</description>
				<duration type="string">1 minute</duration>
				<group type="string">Racials</group>
				<level type="number">0</level>
				<locked type="number">1</locked>
				<name type="string">Aasimar: Radiant Consumption (10)</name>
				<prepared type="number">1</prepared>
				<range type="string">10</range>
				<ritual type="number">0</ritual>
				<school type="string">Racial</school>
				<source type="string">Scourge Aasimar</source>
				<type type="string">subracial</type>
			</id-00001>
			<id-00002>
				<actions>
					<id-00001>
						<heallist>
							<id-00001>
								<bonus type="number">0</bonus>
								<dice type="dice"></dice>
								<stat type="string">level</stat>
							</id-00001>
						</heallist>
						<order type="number">1</order>
						<type type="string">heal</type>
					</id-00001>
				</actions>
				<cast type="number">0</cast>
				<description type="formattedtext">
					<p>As an action, you can touch a creature and cause it to regain a number of hit points equal to your level. Once you use this trait, you can't use it again until you finish a long rest.</p>
				</description>
				<group type="string">Racials</group>
				<level type="number">0</level>
				<locked type="number">1</locked>
				<name type="string">Aasimar: Healing Hands (T)</name>
				<prepared type="number">1</prepared>
				<ritual type="number">0</ritual>
				<school type="string">Racial</school>
				<source type="string">Aasimar</source>
			</id-00002>
			<id-00003>
				<actions>
					<id-00001>
						<durmod type="number">0</durmod>
						<label type="string">Celestial Resistance; RESIST: necrotic,radiant</label>
						<order type="number">1</order>
						<targeting type="string">self</targeting>
						<type type="string">effect</type>
					</id-00001>
				</actions>
				<cast type="number">0</cast>
				<description type="formattedtext">
					<p>You have resistance to necrotic damage and radiant damage.</p>
				</description>
				<group type="string">Racials</group>
				<level type="number">0</level>
				<locked type="number">1</locked>
				<name type="string">Aasimar: Celestial Resistance</name>
				<prepared type="number">0</prepared>
				<ritual type="number">0</ritual>
				<school type="string">Racial</school>
				<source type="string">Aasimar</source>
				<type type="string">racial</type>
			</id-00003>
			<id-00004>
				<actions>
					<id-00001>
						<heallist>
							<id-00001>
								<bonus type="number">2</bonus>
								<dice type="dice">d4,d4</dice>
							</id-00001>
						</heallist>
						<order type="number">1</order>
						<type type="string">heal</type>
					</id-00001>
				</actions>
				<cast type="number">0</cast>
				<description type="formattedtext">
					<p></p>
				</description>
				<group type="string">Potions</group>
				<level type="number">0</level>
				<name type="string">Healing Potion</name>
				<prepared type="number">2</prepared>
				<ritual type="number">0</ritual>
				<usesperiod type="string">once</usesperiod>
			</id-00004>
			<id-00005>
				<actions>
				</actions>
				<cast type="number">0</cast>
				<castingtime type="string">1 action</castingtime>
				<components type="string">V, M (bat fur and a drop of pitch or piece of coal)</components>
				<description type="formattedtext">
					<p>Magical darkness spreads from a point you choose within range to fill a 15-foot-radius sphere for the duration. The darkness spreads around corners. A creature with darkvision can't see through this darkness, and nonmagical light can't illuminate it.</p>
					<p>If the point you choose is on an object you are holding or one that isn't being worn or carried, the darkness emanates from the object and moves with it. Completely covering the source of the darkness with an opaque object, such as a bowl or a helm, blocks the darkness.</p>
					<p>If any of this spell's area overlaps with an area of light created by a spell of 2nd level or lower, the spell that created the light is dispelled.</p>
				</description>
				<duration type="string">Concentration, up to 10 minutes</duration>
				<group type="string">Spells</group>
				<level type="number">2</level>
				<locked type="number">1</locked>
				<name type="string">Darkness</name>
				<prepared type="number">0</prepared>
				<range type="string">60 feet</range>
				<school type="string">Evocation</school>
				<source type="string">Sorcerer, Warlock, Wizard</source>
			</id-00005>
			<id-00006>
				<actions>
				</actions>
				<cast type="number">0</cast>
				<description type="formattedtext">
					<p></p>
				</description>
				<group type="string">Class Feature</group>
				<level type="number">0</level>
				<locked type="number">1</locked>
				<name type="string">Sorcerer: Sorcery Points</name>
				<prepared type="number">4</prepared>
				<ritual type="number">0</ritual>
				<school type="string">Class</school>
				<source type="string">Sorcerer</source>
			</id-00006>
			<id-00007>
				<actions>
				</actions>
				<cast type="number">0</cast>
				<description type="formattedtext">
					<p>At 1st level, you choose one type of dragon as your ancestor. The damage type associated with each dragon is used by features you gain later.</p>
					<p><b>Draconic Ancestry</b></p>
					<table>
						<tr>
							<td><b>Dragon</b></td>
							<td><b>Damage Type</b></td>
						</tr>
						<tr>
							<td>Black</td>
							<td>Acid</td>
						</tr>
						<tr>
							<td>Blue</td>
							<td>Lightning</td>
						</tr>
						<tr>
							<td>Brass</td>
							<td>Fire</td>
						</tr>
						<tr>
							<td>Bronze</td>
							<td>Lightning</td>
						</tr>
						<tr>
							<td>Copper</td>
							<td>Acid</td>
						</tr>
						<tr>
							<td>Cold</td>
							<td>Fire</td>
						</tr>
						<tr>
							<td>Green</td>
							<td>Poison</td>
						</tr>
						<tr>
							<td>Red</td>
							<td>Fire</td>
						</tr>
						<tr>
							<td>Silver</td>
							<td>Cold</td>
						</tr>
						<tr>
							<td>White</td>
							<td>Cold</td>
						</tr>
					</table>
					<p>You can speak, read, and write Draconic. Additionally, whenever you make a Charisma check when interacting with dragons, your proficiency bonus is doubled if it applies to the check.</p>
				</description>
				<group type="string">Class Feature</group>
				<level type="number">0</level>
				<locked type="number">1</locked>
				<name type="string">Dragon Ancestor</name>
				<prepared type="number">0</prepared>
				<specialization type="string">Draconic Bloodline</specialization>
				<specializationchoice type="number">0</specializationchoice>
			</id-00007>
			<id-00008>
				<actions>
				</actions>
				<cast type="number">0</cast>
				<description type="formattedtext">
					<p>As magic flows through your body, it causes physical traits of your dragon ancestors to emerge. At 1st level, your hit point maximum increases by 1 and increases by 1 again whenever you gain a level in this class. Additionally, parts of your skin are covered by a thin sheen of dragon-like scales. When you aren't wearing armor, your AC equals 13 + your Dexterity modifier.</p>
				</description>
				<group type="string">Class Feature</group>
				<level type="number">0</level>
				<locked type="number">1</locked>
				<name type="string">Draconic Resilience</name>
				<prepared type="number">0</prepared>
				<ritual type="number">0</ritual>
				<specialization type="string">Draconic Bloodline</specialization>
				<specializationchoice type="number">0</specializationchoice>
			</id-00008>
			<id-00009>
				<actions>
					<id-00001>
						<atktype type="string">ranged</atktype>
						<order type="number">1</order>
						<type type="string">cast</type>
					</id-00001>
					<id-00002>
						<damagelist>
							<id-00001>
								<bonus type="number">0</bonus>
								<dice type="dice">d6,d6</dice>
								<type type="string">fire</type>
							</id-00001>
						</damagelist>
						<order type="number">2</order>
						<type type="string">damage</type>
					</id-00002>
				</actions>
				<cast type="number">0</cast>
				<castingtime type="string">1 action</castingtime>
				<components type="string">V, S</components>
				<description type="formattedtext">
					<p>You create three rays of fire and hurl them at targets within range. You can hurl them at one target or several. Make a ranged spell attack for each ray. On a hit, the target takes 2d6 fire damage.</p>
					<p>At Higher Levels.</p>
					<p>When you cast this spell using a spell slot of 3rd level or higher, you create one additional ray for each slot level above 2nd.</p>
				</description>
				<duration type="string">Instantaneous</duration>
				<group type="string">Spells</group>
				<level type="number">2</level>
				<locked type="number">1</locked>
				<name type="string">Scorching Ray (120)</name>
				<prepared type="number">0</prepared>
				<range type="string">120 feet</range>
				<ritual type="number">0</ritual>
				<school type="string">Evocation</school>
				<source type="string">Cleric Light Domain, Eldritch Knight, Warlock (Fiend), Sorcerer, Wizard, Arcane Trickster</source>
			</id-00009>
			<id-00010>
				<actions>
					<id-00001>
						<atkprof type="number">1</atkprof>
						<onmissdamage type="string">half</onmissdamage>
						<order type="number">1</order>
						<savedcprof type="number">1</savedcprof>
						<savetype type="string">dexterity</savetype>
						<type type="string">cast</type>
					</id-00001>
					<id-00002>
						<damagelist>
							<id-00001>
								<bonus type="number">0</bonus>
								<dice type="dice">d6,d6,d6</dice>
								<type type="string">fire</type>
							</id-00001>
						</damagelist>
						<order type="number">2</order>
						<type type="string">damage</type>
					</id-00002>
				</actions>
				<cast type="number">0</cast>
				<castingtime type="string">1 action</castingtime>
				<components type="string">V, S</components>
				<description type="formattedtext">
					<p>As you hold your hands with thumbs touching and fingers spread, a thin sheet of flames shoots forth from your outstretched fingertips. Each creature in a 15-foot cone must make a Dexterity saving throw. A creature takes 3d6 fire damage on a failed save, or half as much damage on a successful one.</p>
					<p>The fire ignites any flammable objects in the area that aren't being worn or carried.</p>
					<p>At Higher Levels.</p>
					<p>When you cast this spell using a spell slot of 2nd level or higher, the damage increases by 1d6 for each slot level above 1st.</p>
				</description>
				<duration type="string">Instantaneous</duration>
				<group type="string">Spells</group>
				<level type="number">1</level>
				<locked type="number">1</locked>
				<name type="string">Burning Hands (S-15)</name>
				<prepared type="number">0</prepared>
				<range type="string">Self (15-foot cone)</range>
				<ritual type="number">0</ritual>
				<school type="string">Evocation</school>
				<source type="string">Cleric Light Domain, Eldritch Knight, Warlock (Fiend), Monk, Sorcerer, Wizard, Arcane Trickster</source>
			</id-00010>
			<id-00011>
				<actions>
					<id-00001>
						<heallist>
							<id-00001>
								<bonus type="number">4</bonus>
								<dice type="dice">d4</dice>
							</id-00001>
						</heallist>
						<healtargeting type="string">self</healtargeting>
						<healtype type="string">temp</healtype>
						<order type="number">1</order>
						<type type="string">heal</type>
					</id-00001>
				</actions>
				<cast type="number">0</cast>
				<castingtime type="string">1 action</castingtime>
				<components type="string">V, S, M (a small amount of alcohol or distilled spirits)</components>
				<description type="formattedtext">
					<p>Bolstering yourself with a necromantic facsimile of life, you gain 1d4 + 4 temporary hit points for the duration.</p>
					<p>At Higher Levels.</p>
					<p>When you cast this spell using a spell slot of 2nd level or higher, you gain 5 additional temporary hit points for each slot level above 1st.</p>
				</description>
				<duration type="string">1 hour</duration>
				<group type="string">Spells</group>
				<level type="number">1</level>
				<locked type="number">1</locked>
				<name type="string">False Life (S)</name>
				<prepared type="number">0</prepared>
				<range type="string">Self</range>
				<ritual type="number">0</ritual>
				<school type="string">Necromancy</school>
				<source type="string">Eldritch Knight, Eldritch Invocations, Sorcerer, Wizard, Arcane Trickster</source>
			</id-00011>
			<id-00012>
				<actions>
					<id-00001>
						<durmod type="number">1</durmod>
						<label type="string">Shield; AC: 5</label>
						<order type="number">1</order>
						<targeting type="string">self</targeting>
						<type type="string">effect</type>
					</id-00001>
				</actions>
				<cast type="number">0</cast>
				<castingtime type="string">1 reaction, which you take when you are hit by an attack or targeted by the magic missile spell</castingtime>
				<components type="string">V, S</components>
				<description type="formattedtext">
					<p>An invisible barrier of magical force appears and protects you. Until the start of your next turn, you have a +5 bonus to AC, including against the triggering attack, and you take no damage from magic missile.</p>
				</description>
				<duration type="string">1 round</duration>
				<group type="string">Spells</group>
				<level type="number">1</level>
				<locked type="number">1</locked>
				<name type="string">Shield (R) (S)</name>
				<prepared type="number">0</prepared>
				<range type="string">Self</range>
				<ritual type="number">0</ritual>
				<school type="string">Abjuration</school>
				<source type="string">Eldritch Knight, Sorcerer, Wizard, Arcane Trickster</source>
			</id-00012>
			<id-00013>
				<actions>
					<id-00001>
						<durmod type="number">1</durmod>
						<durunit type="string">minute</durunit>
						<label type="string">Jump; 3x jump distance</label>
						<order type="number">1</order>
						<type type="string">effect</type>
					</id-00001>
				</actions>
				<cast type="number">0</cast>
				<castingtime type="string">1 action</castingtime>
				<components type="string">V, S, M (a grasshopper's hind leg)</components>
				<description type="formattedtext">
					<p>You touch a creature. The creature's jump distance is tripled until the spell ends.</p>
				</description>
				<duration type="string">1 minute</duration>
				<group type="string">Spells</group>
				<level type="number">1</level>
				<locked type="number">1</locked>
				<name type="string">Jump (T)</name>
				<prepared type="number">0</prepared>
				<range type="string">Touch</range>
				<ritual type="number">0</ritual>
				<school type="string">Transmutation</school>
				<source type="string">Druid, Eldritch Knight, Eldritch Invocations, Ranger, Sorcerer, Wizard, Arcane Trickster</source>
			</id-00013>
			<id-00014>
				<actions>
				</actions>
				<cast type="number">0</cast>
				<castingtime type="string">1 action</castingtime>
				<components type="string">S</components>
				<description type="formattedtext">
					<p>You choose nonmagical flame that you can see within range and that fits within a 5-foot cube. You affect it in one of the following ways:</p>
					<p>You instantaneously expand the flame 5 feet in one direction, provided that wood or other fuel is present in the new location.</p>
					<p>You instantaneously extinguish the flames within the cube.</p>
					<p>You double or halve the area of bright light and dim light cast by the flame, change its color, or both. The change lasts for 1 hour.</p>
					<p>You cause simple shapes, such as the vague form of a creature, an inanimate object, or a location, to appear within the flames and animate as you like. The shapes last for 1 hour.</p>
					<p>If you cast this spell multiple times, you can have up to three of its non-instantaneous effects active at a time, and you can dismiss such an effect as an action.</p>
				</description>
				<duration type="string">Instantaneous or 1 hour (see below)</duration>
				<group type="string">Spells</group>
				<level type="number">0</level>
				<locked type="number">1</locked>
				<name type="string">Control Flames (60)</name>
				<prepared type="number">0</prepared>
				<range type="string">60 feet</range>
				<ritual type="number">0</ritual>
				<school type="string">Transmutation</school>
				<source type="string">Druid, Sorcerer, Wizard</source>
			</id-00014>
			<id-00015>
				<actions>
					<id-00001>
						<order type="number">1</order>
						<savetype type="string">dexterity</savetype>
						<type type="string">cast</type>
					</id-00001>
					<id-00002>
						<durmod type="number">1</durmod>
						<durunit type="string">hour</durunit>
						<label type="string">Light</label>
						<order type="number">2</order>
						<type type="string">effect</type>
					</id-00002>
				</actions>
				<cast type="number">0</cast>
				<castingtime type="string">1 action</castingtime>
				<components type="string">V, M (a firefly or phosphorescent moss)</components>
				<description type="formattedtext">
					<p>You touch one object that is no larger than 10 feet in any dimension. Until the spell ends, the object sheds bright light in a 20-foot radius and dim light for an additional 20 feet. The light can be colored as you like. Completely covering the object with something opaque blocks the light. The spell ends if you cast it again or dismiss it as an action.</p>
					<p>If you target an object held or worn by a hostile creature, that creature must succeed on a Dexterity saving throw to avoid the spell.</p>
				</description>
				<duration type="string">1 hour</duration>
				<group type="string">Spells</group>
				<level type="number">0</level>
				<locked type="number">1</locked>
				<name type="string">Light (T)</name>
				<prepared type="number">0</prepared>
				<range type="string">Touch</range>
				<ritual type="number">0</ritual>
				<school type="string">Evocation</school>
				<source type="string">Bard, Cleric, Eldritch Knight, Sorcerer, Wizard, Arcane Trickster</source>
			</id-00015>
			<id-00016>
				<actions>
					<id-00001>
						<atkmod type="number">0</atkmod>
						<atkprof type="number">1</atkprof>
						<atktype type="string">ranged</atktype>
						<order type="number">1</order>
						<savedcmod type="number">0</savedcmod>
						<savedcprof type="number">1</savedcprof>
						<savemagic type="number">0</savemagic>
						<type type="string">cast</type>
					</id-00001>
					<id-00002>
						<damagelist>
							<id-00001>
								<bonus type="number">0</bonus>
								<dice type="dice">d10</dice>
								<type type="string">fire</type>
							</id-00001>
						</damagelist>
						<order type="number">2</order>
						<type type="string">damage</type>
					</id-00002>
				</actions>
				<cast type="number">0</cast>
				<castingtime type="string">1 action</castingtime>
				<components type="string">V, S</components>
				<description type="formattedtext">
					<p>You hurl a mote of fire at a creature or object within range. Make a ranged spell attack against the target. On a hit, the target takes 1d10 fire damage. A flammable object hit by this spell ignites if it isn't being worn or carried.</p>
					<p>This spell's damage increases by 1d10 when you reach 5th level (2d10), 11th level (3d10), and 17th level (4d10).</p>
				</description>
				<duration type="string">Instantaneous</duration>
				<group type="string">Spells</group>
				<level type="number">0</level>
				<locked type="number">1</locked>
				<name type="string">Fire Bolt (120)</name>
				<prepared type="number">0</prepared>
				<range type="string">120 feet</range>
				<ritual type="number">0</ritual>
				<school type="string">Evocation</school>
				<source type="string">Eldritch Knight, Sorcerer, Wizard, Arcane Trickster</source>
			</id-00016>
			<id-00017>
				<actions>
					<id-00001>
						<order type="number">1</order>
						<savetype type="string">dexterity</savetype>
						<type type="string">cast</type>
					</id-00001>
					<id-00002>
						<damagelist>
							<id-00001>
								<bonus type="number">0</bonus>
								<dice type="dice">d8</dice>
								<type type="string">fire</type>
							</id-00001>
						</damagelist>
						<order type="number">2</order>
						<type type="string">damage</type>
					</id-00002>
					<id-00003>
						<durmod type="number">1</durmod>
						<durunit type="string">minute</durunit>
						<label type="string">Create Bonfire (C)</label>
						<order type="number">3</order>
						<targeting type="string">self</targeting>
						<type type="string">effect</type>
					</id-00003>
				</actions>
				<cast type="number">0</cast>
				<castingtime type="string">1 action</castingtime>
				<components type="string">V, S</components>
				<description type="formattedtext">
					<p>You create a bonfire on ground that you can see within range. Until the spells ends, the bonfire fills a 5-foot cube. Any creature in the bonfire's space when you cast the spell must succeed on a Dexterity saving throw or take 1d8 fire damage. A creature must also make the saving throw when it enters the bonfire's space for the first time on a turn or ends its turn there.</p>
					<p>The spell's damage increases by 1d8 when you reach 5th level (2d8), 11th level (3d8), and 17th level (4d8).</p>
				</description>
				<duration type="string">Concentration, up to 1 minute</duration>
				<group type="string">Spells</group>
				<level type="number">0</level>
				<locked type="number">1</locked>
				<name type="string">Create Bonfire (60) (C)</name>
				<prepared type="number">0</prepared>
				<range type="string">60 feet</range>
				<ritual type="number">0</ritual>
				<school type="string">Conjuration</school>
				<source type="string">Druid, Sorcerer, Warlock, Wizard</source>
			</id-00017>
			<id-00018>
				<actions>
				</actions>
				<cast type="number">0</cast>
				<castingtime type="string">1 action</castingtime>
				<components type="string">V, S, M (a short piece of copper wire)</components>
				<description type="formattedtext">
					<p>You point your finger toward a creature within range and whisper a message. The target (and only the target) hears the message and can reply in a whisper that only you can hear.</p>
					<p>You can cast this spell through solid objects if you are familiar with the target and know it is beyond the barrier. Magical silence. 1 foot of stone, 1 inch of common metal, a thin sheet of lead, or 3 feet of wood blocks the spell. The spell doesn't have to follow a straight line and can travel freely around corners or through openings.</p>
				</description>
				<duration type="string">1 round</duration>
				<group type="string">Spells</group>
				<level type="number">0</level>
				<locked type="number">1</locked>
				<name type="string">Message</name>
				<prepared type="number">0</prepared>
				<range type="string">120 feet</range>
				<ritual type="number">0</ritual>
				<school type="string">Transmutation</school>
				<source type="string">Bard, Eldritch Knight, Sorcerer, Wizard, Arcane Trickster</source>
			</id-00018>
			<id-00019>
				<actions>
				</actions>
				<cast type="number">0</cast>
				<castingtime type="string">1 minute</castingtime>
				<components type="string">V, S, M (two lodestones)</components>
				<description type="formattedtext">
					<p>This spell repairs a single break or tear in an object you touch, such as a broken chain link, two halves of a broken key, a torn cloak, or a leaking wineskin. As long as the break or tear is no larger than 1 foot in any dimension, you mend it. leaving no trace of the former damage.</p>
					<p>This spell can physically repair a magic item or construct, but the spell can't restore magic to such an object.</p>
				</description>
				<duration type="string">Instantaneous</duration>
				<group type="string">Spells</group>
				<level type="number">0</level>
				<locked type="number">1</locked>
				<name type="string">Mending</name>
				<prepared type="number">0</prepared>
				<range type="string">Touch</range>
				<school type="string">Transmutation</school>
				<source type="string">Bard, Cleric, Druid, Sorcerer, Wizard</source>
			</id-00019>
		</powers>
		<profbonus type="number">2</profbonus>
		<proficiencylist>
			<id-00001>
				<name type="string">Tool: One type of gaming set, vehicles (land)</name>
			</id-00001>
			<id-00002>
				<name type="string">Weapon: Daggers, darts, slings, quarterstaffs, light crossbows</name>
			</id-00002>
		</proficiencylist>
		<race type="string">Scourge Aasimar</race>
		<racelink type="windowreference">
			<class>reference_race</class>
			<recordname>reference.racedata.aasimar@Volos Guide to Monsters Players</recordname>
		</racelink>
		<senses type="string">Darkvision 60</senses>
		<size type="string">Medium</size>
		<skilllist>
			<id-00001>
				<misc type="number">0</misc>
				<name type="string">Perception</name>
				<prof type="number">0</prof>
				<stat type="string">wisdom</stat>
				<total type="number">1</total>
			</id-00001>
			<id-00002>
				<misc type="number">0</misc>
				<name type="string">Athletics</name>
				<prof type="number">1</prof>
				<stat type="string">strength</stat>
				<total type="number">3</total>
			</id-00002>
			<id-00003>
				<misc type="number">0</misc>
				<name type="string">Intimidation</name>
				<prof type="number">1</prof>
				<stat type="string">charisma</stat>
				<total type="number">6</total>
			</id-00003>
			<id-00004>
				<misc type="number">0</misc>
				<name type="string">Insight</name>
				<prof type="number">1</prof>
				<stat type="string">wisdom</stat>
				<total type="number">3</total>
			</id-00004>
			<id-00005>
				<misc type="number">0</misc>
				<name type="string">Persuasion</name>
				<prof type="number">1</prof>
				<stat type="string">charisma</stat>
				<total type="number">6</total>
			</id-00005>
			<id-00006>
				<misc type="number">0</misc>
				<name type="string">Arcana</name>
				<prof type="number">0</prof>
				<stat type="string">intelligence</stat>
				<total type="number">-1</total>
			</id-00006>
			<id-00007>
				<misc type="number">0</misc>
				<name type="string">Nature</name>
				<prof type="number">0</prof>
				<stat type="string">intelligence</stat>
				<total type="number">-1</total>
			</id-00007>
			<id-00008>
				<misc type="number">0</misc>
				<name type="string">Medicine</name>
				<prof type="number">0</prof>
				<stat type="string">wisdom</stat>
				<total type="number">1</total>
			</id-00008>
			<id-00009>
				<misc type="number">0</misc>
				<name type="string">Survival</name>
				<prof type="number">0</prof>
				<stat type="string">wisdom</stat>
				<total type="number">1</total>
			</id-00009>
			<id-00010>
				<misc type="number">0</misc>
				<name type="string">Performance</name>
				<prof type="number">0</prof>
				<stat type="string">charisma</stat>
				<total type="number">4</total>
			</id-00010>
			<id-00011>
				<misc type="number">0</misc>
				<name type="string">Acrobatics</name>
				<prof type="number">0</prof>
				<stat type="string">dexterity</stat>
				<total type="number">0</total>
			</id-00011>
			<id-00012>
				<misc type="number">0</misc>
				<name type="string">Religion</name>
				<prof type="number">0</prof>
				<stat type="string">intelligence</stat>
				<total type="number">-1</total>
			</id-00012>
			<id-00013>
				<misc type="number">0</misc>
				<name type="string">Sleight of Hand</name>
				<prof type="number">0</prof>
				<stat type="string">dexterity</stat>
				<total type="number">0</total>
			</id-00013>
			<id-00014>
				<misc type="number">0</misc>
				<name type="string">Deception</name>
				<prof type="number">0</prof>
				<stat type="string">charisma</stat>
				<total type="number">4</total>
			</id-00014>
			<id-00015>
				<misc type="number">0</misc>
				<name type="string">Investigation</name>
				<prof type="number">0</prof>
				<stat type="string">intelligence</stat>
				<total type="number">-1</total>
			</id-00015>
			<id-00016>
				<misc type="number">0</misc>
				<name type="string">Stealth</name>
				<prof type="number">0</prof>
				<stat type="string">dexterity</stat>
				<total type="number">0</total>
			</id-00016>
			<id-00017>
				<misc type="number">0</misc>
				<name type="string">History</name>
				<prof type="number">0</prof>
				<stat type="string">intelligence</stat>
				<total type="number">-1</total>
			</id-00017>
			<id-00018>
				<misc type="number">0</misc>
				<name type="string">Animal Handling</name>
				<prof type="number">0</prof>
				<stat type="string">wisdom</stat>
				<total type="number">1</total>
			</id-00018>
		</skilllist>
		<speed>
			<armor type="number">0</armor>
			<base type="number">30</base>
			<misc type="number">0</misc>
			<temporary type="number">0</temporary>
			<total type="number">30</total>
		</speed>
		<temp>
		</temp>
		<token type="token">portrait_id-00005_token</token>
		<traitlist>
			<id-00001>
				<locked type="number">1</locked>
				<name type="string">Celestial Resistance</name>
				<source type="string">Aasimar</source>
				<text type="formattedtext">
					<p>You have resistance to necrotic damage and radiant damage.</p>
				</text>
				<type type="string">racial</type>
			</id-00001>
			<id-00002>
				<locked type="number">1</locked>
				<name type="string">Light Bearer</name>
				<source type="string">Aasimar</source>
				<text type="formattedtext">
					<p>You know the light cantrip. Charisma is your spellcasting ability for it.</p>
					<linklist>
						<link class="reference_spell" recordname="reference.spelldata.light@*"><b>Cantrip: </b></link>Light</linklist>
				</text>
				<type type="string">racial</type>
			</id-00002>
			<id-00003>
				<locked type="number">1</locked>
				<name type="string">Healing Hands</name>
				<source type="string">Aasimar</source>
				<text type="formattedtext">
					<p>As an action, you can touch a creature and cause it to regain a number of hit points equal to your level. Once you use this trait, you can't use it again until you finish a long rest.</p>
				</text>
				<type type="string">racial</type>
			</id-00003>
			<id-00004>
				<locked type="number">1</locked>
				<name type="string">Radiant Consumption</name>
				<source type="string">Scourge Aasimar</source>
				<text type="formattedtext">
					<p>Starting at 3rd level, you can use your action to unleash the divine energy within yourself, causing a searing light to radiate from you, pour out of your eyes and mouth, and threaten to char you.</p>
					<p>Your transformation lasts for 1 minute or until you end it as a bonus action. During it, you shed bright light in a 10-foot radius and dim light for an additional 10 feet, and at the end of each of your turns, you and each creature within 10 feet of you take radiant damage equal to half your level (rounded up). In addition, once on each of your turns, you can deal extra radiant damage to one target when you deal damage to it with an attack or a spell. The extra radiant damage equals your level.</p>
					<p>Once you use this trait, you can't use it again until you finish a long rest.</p>
				</text>
				<type type="string">subracial</type>
			</id-00004>
		</traitlist>
		<weaponlist>
			<id-00001>
				<carried type="number">1</carried>
				<damagelist>
					<id-00001>
						<dice type="dice">d6</dice>
						<stat type="string">base</stat>
						<type type="string">slashing</type>
					</id-00001>
				</damagelist>
				<isidentified type="number">1</isidentified>
				<maxammo type="number">0</maxammo>
				<name type="string">Handaxe</name>
				<prof type="number">1</prof>
				<shortcut type="windowreference">
					<class>item</class>
					<recordname>....inventorylist.id-00013</recordname>
				</shortcut>
				<type type="number">2</type>
			</id-00001>
			<id-00002>
				<carried type="number">1</carried>
				<damagelist>
					<id-00001>
						<dice type="dice">d6</dice>
						<stat type="string">base</stat>
						<type type="string">slashing</type>
					</id-00001>
				</damagelist>
				<isidentified type="number">1</isidentified>
				<maxammo type="number">0</maxammo>
				<name type="string">Handaxe</name>
				<prof type="number">1</prof>
				<shortcut type="windowreference">
					<class>item</class>
					<recordname>....inventorylist.id-00013</recordname>
				</shortcut>
				<type type="number">2</type>
			</id-00002>
			<id-00003>
				<attackbonus type="number">0</attackbonus>
				<carried type="number">2</carried>
				<damagelist>
					<id-00002>
						<bonus type="number">0</bonus>
						<dice type="dice">d6</dice>
						<stat type="string">base</stat>
						<type type="string">bludgeoning</type>
					</id-00002>
				</damagelist>
				<maxammo type="number">0</maxammo>
				<name type="string">Acrane Staff</name>
				<prof type="number">1</prof>
				<properties type="string">Magical</properties>
				<shortcut type="windowreference">
					<class></class>
					<recordname></recordname>
				</shortcut>
				<type type="number">0</type>
			</id-00003>
		</weaponlist>
		<weight type="string">180</weight>
	</character>
</root>
