<?xml version="1.0" encoding="iso-8859-1"?>
<root version="3.3" release="7|CoreRPG:3">
	<character>
		<abilities>
			<charisma>
				<bonus type="number">4</bonus>
				<save type="number">6</save>
				<savemodifier type="number">0</savemodifier>
				<saveprof type="number">1</saveprof>
				<score type="number">18</score>
			</charisma>
			<constitution>
				<bonus type="number">1</bonus>
				<save type="number">1</save>
				<savemodifier type="number">0</savemodifier>
				<saveprof type="number">0</saveprof>
				<score type="number">12</score>
			</constitution>
			<dexterity>
				<bonus type="number">2</bonus>
				<save type="number">2</save>
				<savemodifier type="number">0</savemodifier>
				<saveprof type="number">0</saveprof>
				<score type="number">14</score>
			</dexterity>
			<intelligence>
				<bonus type="number">0</bonus>
				<save type="number">0</save>
				<savemodifier type="number">0</savemodifier>
				<saveprof type="number">0</saveprof>
				<score type="number">11</score>
			</intelligence>
			<strength>
				<bonus type="number">1</bonus>
				<save type="number">1</save>
				<savemodifier type="number">0</savemodifier>
				<saveprof type="number">0</saveprof>
				<score type="number">13</score>
			</strength>
			<wisdom>
				<bonus type="number">2</bonus>
				<save type="number">4</save>
				<savemodifier type="number">0</savemodifier>
				<saveprof type="number">1</saveprof>
				<score type="number">15</score>
			</wisdom>
		</abilities>
		<age type="string">26</age>
		<alignment type="string">Chaotic/Neutral</alignment>
		<background type="string">Sage</background>
		<backgroundlink type="windowreference">
			<class>reference_background</class>
			<recordname>reference.backgrounddata.sage@DD PHB Deluxe</recordname>
		</backgroundlink>
		<bonds type="string">I've been searching my whole life for the answer to a certain question.</bonds>
		<classes>
			<id-00001>
				<casterlevelinvmult type="number">1</casterlevelinvmult>
				<casterpactmagic type="number">1</casterpactmagic>
				<hddie type="dice">d8</hddie>
				<hdused type="number">0</hdused>
				<level type="number">3</level>
				<name type="string">Warlock</name>
				<shortcut type="windowreference">
					<class>reference_class</class>
					<recordname>reference.classdata.warlock@DD PHB Deluxe</recordname>
				</shortcut>
			</id-00001>
		</classes>
		<coins>
			<slot1>
				<amount type="number">0</amount>
			</slot1>
			<slot2>
				<amount type="number">0</amount>
			</slot2>
			<slot3>
				<amount type="number">0</amount>
			</slot3>
			<slot4>
				<amount type="number">0</amount>
			</slot4>
			<slot5>
				<amount type="number">0</amount>
			</slot5>
			<slot6>
				<amount type="number">0</amount>
			</slot6>
		</coins>
		<defenses>
			<ac>
				<armor type="number">1</armor>
				<disstealth type="number">0</disstealth>
				<misc type="number">0</misc>
				<prof type="number">1</prof>
				<shield type="number">0</shield>
				<temporary type="number">0</temporary>
				<total type="number">13</total>
			</ac>
		</defenses>
		<encumbrance>
			<encumbered type="number">65</encumbered>
			<encumberedheavy type="number">130</encumberedheavy>
			<liftpushdrag type="number">390</liftpushdrag>
			<load type="number">82.5</load>
			<max type="number">195</max>
		</encumbrance>
		<exp type="number">0</exp>
		<expneeded type="number">0</expneeded>
		<featlist>
		</featlist>
		<featurelist>
			<id-00001>
				<locked type="number">1</locked>
				<name type="string">Researcher</name>
				<source type="string">Sage</source>
				<text type="formattedtext">
					<p>When you attempt to learn or recall a piece of lore, if you do not know that information, you often know where and from whom you can obtain it. Usually, this information comes from a library, scriptorium, university, or a sage or other learned person or creature. Your DM might rule that the knowledge you seek is secreted away in an almost inaccessible place, or that it simply cannot be found. Unearthing the deepest secrets of the multiverse can require an adventure or even a whole campaign.</p>
				</text>
			</id-00001>
			<id-00002>
				<level type="number">1</level>
				<locked type="number">1</locked>
				<name type="string">The Fiend</name>
				<source type="string">Warlock</source>
				<text type="formattedtext">
					<p>You have made a pact with a fiend from the lower planes of existence, a being whose aims are evil, even if you strive against those aims. Such beings desire the corruption or destruction of all things, ultimately including you. Fiends powerful enough to forge a pact include demon lords such as Demogorgon, Orcus, Fraz'Urb-luu, and Baphomet; archdevils such as Asmodeus, Dispater, Mephistopheles, and Belial; pit fiends and balors that are especially mighty; and ultroloths and other lords of the yugoloths.</p>
					<h>Features</h>
					<linklist>
						<link class="reference_classfeature" recordname="reference.classdata.warlock.features.expandedspelllist_fiend_1@DD PHB Deluxe">Expanded Spell List (Fiend)</link>
						<link class="reference_classfeature" recordname="reference.classdata.warlock.features.darkone_sblessing1@DD PHB Deluxe">Dark One's Blessing</link>
						<link class="reference_classfeature" recordname="reference.classdata.warlock.features.darkone_sownluck6@DD PHB Deluxe">Dark One's Own Luck</link>
						<link class="reference_classfeature" recordname="reference.classdata.warlock.features.fiendishresilience10@DD PHB Deluxe">Fiendish Resilience</link>
						<link class="reference_classfeature" recordname="reference.classdata.warlock.features.hurlthroughhell14@DD PHB Deluxe">Hurl Through Hell</link>
					</linklist>
				</text>
			</id-00002>
			<id-00003>
				<level type="number">1</level>
				<locked type="number">1</locked>
				<name type="string">Expanded Spell List (Fiend)</name>
				<source type="string">Warlock</source>
				<specialization type="string">The Fiend</specialization>
				<text type="formattedtext">
					<p>The Fiend lets you choose from an expanded list of spells when you learn a warlock spell. The following spells are added to the warlock spell list for you.</p>
					<h>Fiend Expanded Spells</h>
					<p><b>Warlock Level - Spell</b></p>
					<linklist>
						<link class="reference_spell" recordname="reference.spelldata.burninghands@DD PHB Deluxe"><b>Spell: </b></link>1st - Burning Hands</linklist>
						<link class="reference_spell" recordname="reference.spelldata.command@DD PHB Deluxe"><b>Spell: </b></link>1st - Command
						<link class="reference_spell" recordname="reference.spelldata.blindness_deafness@DD PHB Deluxe"><b>Spell: </b></link>2nd - Blindness/Deafness
						<link class="reference_spell" recordname="reference.spelldata.scorchingray@DD PHB Deluxe"><b>Spell: </b></link>2nd - Scorching Ray
						<link class="reference_spell" recordname="reference.spelldata.fireball@DD PHB Deluxe"><b>Spell: </b></link>3rd - Fireball
						<link class="reference_spell" recordname="reference.spelldata.stinkingcloud@DD PHB Deluxe"><b>Spell: </b></link>3rd - Stinking Cloud
						<link class="reference_spell" recordname="reference.spelldata.fireshield@DD PHB Deluxe"><b>Spell: </b></link>4th - Fire Shield
						<link class="reference_spell" recordname="reference.spelldata.walloffire@DD PHB Deluxe"><b>Spell: </b></link>4th - Wall of Fire
						<link class="reference_spell" recordname="reference.spelldata.flamestrike@DD PHB Deluxe"><b>Spell: </b></link>5th - Flame Strike
						<link class="reference_spell" recordname="reference.spelldata.hallow@DD PHB Deluxe"><b>Spell: </b></link>5th - Hallow
				</text>
			</id-00003>
			<id-00004>
				<level type="number">1</level>
				<locked type="number">1</locked>
				<name type="string">Pact Magic</name>
				<source type="string">Warlock</source>
				<text type="formattedtext">
					<p>Your arcane research and the magic bestowed on you by your patron have given you facility with spells. See chapter 10 for the general rules of spellcasting and chapter 11 for the warlock spell list.</p>
					<linklist>
						<link class="reference_colindex" recordname="reference.spelllists.warlock@DD PHB Deluxe">Warlock Spells</link>
					</linklist>
					<p><b>Cantrips</b></p>
					<p>You know two cantrips of your choice from the warlock spell list. You learn additional warlock cantrips of your choice at higher levels, as shown in the Cantrips Known column of the Warlock table.</p>
					<p><b>Spell Slots</b></p>
					<p>The Warlock table shows how many spell slots you have. The table also shows what the level of those slots is; all of your spell slots are the same level. To cast one of your warlock spells of 1st level or higher, you must expend a spell slot. You regain all expended spell slots when you finish a short or long rest.</p>
					<p>For example, when you are 5th level, you have two 3rd-level spell slots. To cast the 1st-level spell <i>witch bolt </i>, you must spend one of those slots, and you cast it as a 3rd-level spell.</p>
					<p><b>Spells Known of 1st Level and Higher</b></p>
					<p>At 1st level, you know two 1st-level spells of your choice from the warlock spell list.</p>
					<p>The Spells Known column of the Warlock table shows when you learn more warlock spells of your choice of 1st level and higher. A spell you choose must be of a level no higher than what's shown in the table's Slot Level column for your level. When you reach 6th level, for example, you learn a new warlock spell, which can be 1st, 2nd, or 3rd level.</p>
					<p>Additionally, when you gain a level in this class, you can choose one of the warlock spells you know and replace it with another spell from the warlock spell list, which also must be of a level for which you have spell slots.</p>
					<p><b>Spellcasting Ability</b></p>
					<p>Charisma is your spellcasting ability for your warlock spells, so you use your Charisma whenever a spell refers to your spellcasting ability. In addition, you use your Charisma modifier when setting the saving throw DC for a warlock spell you cast and when making an attack roll with one.</p>
					<p><b>Spell save DC </b>= 8 + your proficiency bonus + your Charisma modifier</p>
					<p><b>Spell attack modifier </b>= your proficiency bonus + your Charisma modifier</p>
					<p><b>Spellcasting Focus</b></p>
					<p>You can use an arcane focus (found in chapter 5) as a spellcasting focus for your warlock spells.</p>
				</text>
			</id-00004>
			<id-00005>
				<level type="number">1</level>
				<locked type="number">1</locked>
				<name type="string">Dark One's Blessing</name>
				<source type="string">Warlock</source>
				<specialization type="string">The Fiend</specialization>
				<text type="formattedtext">
					<p>Starting at 1st level, when you reduce a hostile creature to 0 hit points, you gain temporary hit points equal to your Charisma modifier + your warlock level (minimum of 1).</p>
				</text>
			</id-00005>
			<id-00006>
				<level type="number">2</level>
				<locked type="number">1</locked>
				<name type="string">Eldritch Invocations</name>
				<source type="string">Warlock</source>
				<text type="formattedtext">
					<p>In your study of occult lore, you have unearthed eldritch invocations, fragments of forbidden knowledge that imbue you with an abiding magical ability.</p>
					<p>At 2nd level, you gain two eldritch invocations of your choice. Your invocation options are detailed at the end of the class description. When you gain certain warlock levels, you gain additional invocations of your choice, as shown in the Invocations Known column of the Warlock table.</p>
					<p>Additionally, when you gain a level in this class, you can choose one of the invocations you know and replace it with another invocation that you could learn at that level.</p>
					<p>A level prerequisite in an invocation refers to warlock level, not character level.</p>
					<h>Eldritch Invocations</h>
					<p>If an eldritch invocation has prerequisites, you must meet them to learn it. You can learn the invocation at the same time that you meet its prerequisites.</p>
					<table>
						<tr>
							<td><b>Name</b></td>
							<td><b>Prerequisite</b></td>
							<td colspan="5"><b>Description</b></td>
						</tr>
						<tr>
							<td><b>Agonizing Blast</b></td>
							<td>eldritch blast cantrip</td>
							<td colspan="5">When you cast eldritch blast, add your Charisma modifier to the damage it deals on a hit.</td>
						</tr>
					</table>
					<linklist>
						<link class="reference_spell" recordname="reference.spelldata.eldritchblast@DD PHB Deluxe"><b>Spell: </b></link>Eldritch Blast</linklist>
					<table>
						<tr>
							<td><b>Armor of Shadows</b></td>
							<td>-</td>
							<td colspan="5">You can cast <i>mage armor </i>on yourself at will, without expending a spell slot or material components.</td>
						</tr>
					</table>
					<linklist>
						<link class="reference_spell" recordname="reference.spelldata.magearmor@DD PHB Deluxe"><b>Spell: </b></link>Mage Armor</linklist>
					<table>
						<tr>
							<td><b>Ascendant Step</b></td>
							<td>9th level</td>
							<td colspan="5">You can cast <i>levitate </i>on yourself at will, without expending a spell slot or material components.</td>
						</tr>
					</table>
					<linklist>
						<link class="reference_spell" recordname="reference.spelldata.levitate@DD PHB Deluxe"><b>Spell: </b></link>Levitate</linklist>
					<table>
						<tr>
							<td><b>Beast Speech</b></td>
							<td>-</td>
							<td colspan="5">You can cast <i>speak with animals </i>at will, without expending a spell slot.</td>
						</tr>
					</table>
					<linklist>
						<link class="reference_spell" recordname="reference.spelldata.speakwithanimals@DD PHB Deluxe"><b>Spell: </b></link>Speak with Animals</linklist>
					<table>
						<tr>
							<td><b>Beguiling Influence</b></td>
							<td>-</td>
							<td colspan="5">You gain proficiency in the Deception and Persuasion skills.</td>
						</tr>
						<tr>
							<td><b>Bewitching Whispers</b></td>
							<td>7th level</td>
							<td colspan="5">You can cast <i>compulsion </i>once using a warlock spell slot.You can't do so again until you finish a long rest.</td>
						</tr>
					</table>
					<linklist>
						<link class="reference_spell" recordname="reference.spelldata.compulsion@DD PHB Deluxe"><b>Spell: </b></link>Compulsion</linklist>
					<table>
						<tr>
							<td><b>Book of Ancient Secrets</b></td>
							<td>Pact of the Tome feature</td>
							<td colspan="5">You can now inscribe magical rituals in your Book of Shadows. Choose two 1st-level spells that have the ritual tag from any class's spell list. The rituals needn't be from the same spell list. The spells appear in the book and don't count against the number of spells you know. With your Book of Shadows in hand, you can cast the chosen spells as rituals. You can't cast the spells except as rituals, unless you've learned them by some other means. You can also cast a warlock spell you know as a ritual if it has the ritual tag. On your adventures, you can add other ritual spells to your Book of Shadows. When you find such a spell, you can add it to the book if the spell's level is equal to or less than half your warlock level (rounded up) and if you can spare the time to transcribe the spell. For each level of the spell, the transcription process takes 2 hours and costs 50 gp for the rare inks needed to inscribe it.</td>
						</tr>
						<tr>
							<td><b>Chains of Carceri</b></td>
							<td>15th level, Pact of the Chain feature</td>
							<td colspan="5">You can cast <i>hold monster </i>at will-targeting a celestial, fiend, or elemental-without expending a spell slot or material components. You must finish a long rest before you can use this invocation on the same creature again.</td>
						</tr>
					</table>
					<linklist>
						<link class="reference_spell" recordname="reference.spelldata.holdmonster@DD PHB Deluxe"><b>Spell: </b></link>Hold Monster</linklist>
					<table>
						<tr>
							<td><b>Devil's Sight</b></td>
							<td>-</td>
							<td colspan="5">You can see normally in darkness, both magical and nonmagical, to a distance of 120 feet.</td>
						</tr>
						<tr>
							<td><b>Dreadful Word</b></td>
							<td>7th level</td>
							<td colspan="5">You can cast <i>confusion </i>once using a warlock spell slot. You can't do so again until you finish a long rest.</td>
						</tr>
					</table>
					<linklist>
						<link class="reference_spell" recordname="reference.spelldata.confusion@DD PHB Deluxe"><b>Spell: </b></link>Confusion</linklist>
					<table>
						<tr>
							<td><b>Eldritch Sight</b></td>
							<td>-</td>
							<td colspan="5">You can cast <i>detect magic </i>at will, without expending a spell slot.</td>
						</tr>
					</table>
					<linklist>
						<link class="reference_spell" recordname="reference.spelldata.detectmagic@DD PHB Deluxe"><b>Spell: </b></link>Detect Magic</linklist>
					<table>
						<tr>
							<td><b>Eldritch Spear</b></td>
							<td>eldritch blast cantrip</td>
							<td colspan="5">When you cast eldritch blast, its range is 300 feet.</td>
						</tr>
					</table>
					<linklist>
						<link class="reference_spell" recordname="reference.spelldata.eldritchblast@DD PHB Deluxe"><b>Spell: </b></link>Eldritch Blast</linklist>
					<table>
						<tr>
							<td><b>Eyes of the Rune Keeper</b></td>
							<td>-</td>
							<td colspan="5">You can read all writing.</td>
						</tr>
						<tr>
							<td><b>Fiendish Vigor</b></td>
							<td>-</td>
							<td colspan="5">You can cast <i>false life </i>on yourself at will as a 1st-level spell, without expending a spell slot or material components.</td>
						</tr>
					</table>
					<linklist>
						<link class="reference_spell" recordname="reference.spelldata.falselife@DD PHB Deluxe"><b>Spell: </b></link>False Life</linklist>
					<table>
						<tr>
							<td><b>Gaze of Two Minds</b></td>
							<td>-</td>
							<td colspan="5">You can use your action to touch a willing humanoid and perceive through its senses until the end of your next turn. As long as the creature is on the same plane of existence as you, you can use your action on subsequent turns to maintain this connection, extending the duration until the end of your next turn. While perceiving through the other creature's senses, you benefit from any special senses possessed by that creature, and you are blinded and deafened to your own surroundings.</td>
						</tr>
						<tr>
							<td><b>Lifedrinker</b></td>
							<td>12th level, Pact of the Blade feature</td>
							<td colspan="5">When you hit a creature with your pact weapon, the creature takes extra necrotic damage equal to your Charisma modifier (minimum 1).</td>
						</tr>
						<tr>
							<td><b>Mask of Many Faces</b></td>
							<td>-</td>
							<td colspan="5">You can cast <i>disguise self </i>at will, without expending a spell slot.</td>
						</tr>
					</table>
					<linklist>
						<link class="reference_spell" recordname="reference.spelldata.disguiseself@DD PHB Deluxe"><b>Spell: </b></link>Disguise Self</linklist>
					<table>
						<tr>
							<td><b>Master of Myriad Forms</b></td>
							<td>15th level</td>
							<td colspan="5">You can cast <i>alter self </i>at will, without expending a spell slot.</td>
						</tr>
					</table>
					<linklist>
						<link class="reference_spell" recordname="reference.spelldata.alterself@DD PHB Deluxe"><b>Spell: </b></link>Alter Self</linklist>
					<table>
						<tr>
							<td><b>Minions of Chaos</b></td>
							<td>9th level</td>
							<td colspan="5">You can cast <i>conjure elemental </i>once using a warlock spell slot. You can't do so again until you finish a long rest.</td>
						</tr>
					</table>
					<linklist>
						<link class="reference_spell" recordname="reference.spelldata.conjureelemental@DD PHB Deluxe"><b>Spell: </b></link>Conjure Elemental</linklist>
					<table>
						<tr>
							<td><b>Mire the Mind</b></td>
							<td>5th level</td>
							<td colspan="5">You can cast <i>slow </i>once using a warlock spell slot. You can't do so again until you finish a long rest.</td>
						</tr>
					</table>
					<linklist>
						<link class="reference_spell" recordname="reference.spelldata.slow@DD PHB Deluxe"><b>Spell: </b></link>Slow</linklist>
					<table>
						<tr>
							<td><b>Misty Visions</b></td>
							<td>-</td>
							<td colspan="5">You can cast <i>silent image </i>at will, without expending a spell slot or material components.</td>
						</tr>
					</table>
					<linklist>
						<link class="reference_spell" recordname="reference.spelldata.silentimage@DD PHB Deluxe"><b>Spell: </b></link>Silent Image</linklist>
					<table>
						<tr>
							<td><b>One with Shadows</b></td>
							<td>5th level</td>
							<td colspan="5">When you are in an area of dim light or darkness, you can use your action to become invisible until you move or take an action or a reaction.</td>
						</tr>
						<tr>
							<td><b>Otherworldly Leap</b></td>
							<td>9th level</td>
							<td colspan="5">You can cast <i>jump </i>on yourself at will, without expending a spell slot or material components.</td>
						</tr>
					</table>
					<linklist>
						<link class="reference_spell" recordname="reference.spelldata.jump@DD PHB Deluxe"><b>Spell: </b></link>Jump</linklist>
					<table>
						<tr>
							<td><b>Repelling Blast</b></td>
							<td>eldritch blast cantrip</td>
							<td colspan="5">When you hit a creature with eldritch blast, you can push the creature up to 10 feet away from you in a straight line.</td>
						</tr>
					</table>
					<linklist>
						<link class="reference_spell" recordname="reference.spelldata.eldritchblast@DD PHB Deluxe"><b>Spell: </b></link>Eldritch Blast</linklist>
					<table>
						<tr>
							<td><b>Sculptor of Flesh</b></td>
							<td>7th level</td>
							<td colspan="5">You can cast <i>polymorph </i>once using a warlock spell slot. You can't do so again until you finish a long rest.</td>
						</tr>
					</table>
					<linklist>
						<link class="reference_spell" recordname="reference.spelldata.polymorph@DD PHB Deluxe"><b>Spell: </b></link>Polymorph</linklist>
					<table>
						<tr>
							<td><b>Sign of Ill Omen</b></td>
							<td>5th level</td>
							<td colspan="5">You can cast <i>bestow curse </i>once using a warlock spell slot. You can't do so again until you finish a long rest.</td>
						</tr>
					</table>
					<linklist>
						<link class="reference_spell" recordname="reference.spelldata.bestowcurse@DD PHB Deluxe"><b>Spell: </b></link>Bestow Curse</linklist>
					<table>
						<tr>
							<td><b>Thief of Five Fates</b></td>
							<td>-</td>
							<td colspan="5">You can cast <i>bane </i>once using a warlock spell slot. You can't do so again until you finish a long rest.</td>
						</tr>
					</table>
					<linklist>
						<link class="reference_spell" recordname="reference.spelldata.bane@DD PHB Deluxe"><b>Spell: </b></link>Bane</linklist>
					<table>
						<tr>
							<td><b>Thirsting Blade</b></td>
							<td>5th level, Pact of the Blade feature</td>
							<td colspan="5">You can attack with your pact weapon twice, instead of once, whenever you take the Attack action on your turn.</td>
						</tr>
						<tr>
							<td><b>Visions of Distant Realms</b></td>
							<td>15th level</td>
							<td colspan="5">You can cast <i>arcane eye </i>at will, without expending a spell slot.</td>
						</tr>
					</table>
					<linklist>
						<link class="reference_spell" recordname="reference.spelldata.arcaneeye@DD PHB Deluxe"><b>Spell: </b></link>Arcane Eye</linklist>
					<table>
						<tr>
							<td><b>Voice of the Chain Master</b></td>
							<td>Pact of the Chain feature</td>
							<td colspan="5">You can communicate telepathically with your familiar and perceive through your familiar's senses as long as you are on the same plane of existence. Additionally, while perceiving through your familiar's senses, you can also speak through your familiar in your own voice, even if your familiar is normally incapable of speech.</td>
						</tr>
						<tr>
							<td><b>Whispers of the Grave</b></td>
							<td>9th level</td>
							<td colspan="5">You can cast <i>speak with dead </i>at will, without expending a spell slot.</td>
						</tr>
					</table>
					<linklist>
						<link class="reference_spell" recordname="reference.spelldata.speakwithdead@DD PHB Deluxe"><b>Spell: </b></link>Speak with Dead</linklist>
					<table>
						<tr>
							<td><b>Witch Sight</b></td>
							<td>15th level</td>
							<td colspan="5">You can see the true form of any shapechanger or creature concealed by illusion or transmutation magic while the creature is within 30 feet of you and within line of sight.</td>
						</tr>
					</table>
				</text>
			</id-00006>
			<id-00007>
				<level type="number">3</level>
				<locked type="number">1</locked>
				<name type="string">Pact Boon [Pact of the Chain]</name>
				<source type="string">Warlock</source>
				<text type="formattedtext">
					<p>At 3rd level, your otherworldly patron bestows a gift upon you for your loyal service. You gain one of the following features of your choice.</p>
					<h>Pact of the Chain</h>
					<p>You learn the <i>find familiar </i>spell and can cast it as a ritual. The spell doesn't count against your number of spells known.</p>
					<linklist>
						<link class="reference_spell" recordname="reference.spelldata.findfamiliar@DD PHB Deluxe"><b>Spell: </b></link>Find Familiar</linklist>
					<p>When you cast the spell, you can choose one of the normal forms for your familiar or one of the following special forms: imp, pseudodragon, quasit, or sprite. Additionally, when you take the Attack action, you can forgo one of your own attacks to allow your familiar to make one attack of its own. When you let your familiar attack, it does so with its reaction.</p>
					<h>Pact of the Blade</h>
					<p>You can use your action to create a pact weapon in your empty hand. You can choose the form that this melee weapon takes each time you create it (see chapter 5 for weapon options). You are proficient with it while you wield it. This weapon counts as magical for the purpose of overcoming resistance and immunity to nonmagical attacks and damage.</p>
					<p>Your pact weapon disappears if it is more than 5 feet away from you for 1 minute or more. It also disappears if you use this feature again, if you dismiss the weapon (no action required), or if you die.</p>
					<p>You can transform one magic weapon into your pact weapon by performing a special ritual while you hold the weapon. You perform the ritual over the course of 1 hour, which can be done during a short rest.</p>
					<p>You can then dismiss the weapon, shunting it into an extra dimensional space, and it appears whenever you create your pact weapon thereafter. You can't affect an artifact or a sentient weapon in this way. The weapon ceases being your pact weapon if you die, if you perform the 1-hour ritual on a different weapon, or if you use a 1-hour ritual to break your bond to it. The weapon appears at your feet if it is in the extra dimensional space when the bond breaks.</p>
					<h>Pact of the Tome</h>
					<p>Your patron gives you a grimoire called a Book of Shadows. When you gain this feature, choose three cantrips from any class's spell list. While the book is on your person, you can cast those cantrips at will. They don't count against your number of cantrips known. Any cantrip you cast with this feature is considered a warlock cantrip for you.</p>
					<p>If you lose your Book of Shadows, you can perform a 1-hour ceremony to receive a replacement from your patron. This ceremony can be performed during a short or long rest, and it destroys the previous book. The book turns to ash when you die.</p>
					<h>Your Pact Boon</h>
					<p>Each Pact Boon option produces a special creature or an object that reflects your patron's nature.</p>
					<p><b>Pact of the Chain. </b>Your familiar is more cunning than a typical familiar. Its default form can be a reflection of your patron, with sprites and pseudodragons tied to the Archfey and imps and quasits tied to the Fiend. Because the Great Old One's nature is inscrutable, any familiar form is suitable for it.</p>
					<p><b>Pact of the Blade. </b>If your patron is the Archfey, your weapon might be a slender blade wrapped in leafy vines. If you serve the Fiend, your weapon could be an axe made of black metal and adorned with decorative flames. If your patron is the Great Old One, your weapon might be an ancient-looking spear, with a gemstone embedded in its head, carved to look like a terrible unblinking eye.</p>
					<p><b>Pact of the Tome. </b>Your Book of Shadows might be a fine, gilt-edged tome with spells of enchantment and illusion, gifted to you by the lordly Archfey. It could be a weighty tome bound in demon hide studded with iron, holding spells of conjuration and a wealth of forbidden lore about the sinister regions of the cosmos, a gift of the Fiend. Or it could be the tattered diary of a lunatic driven mad by contact with the Great Old One, holding scraps of spells that only your own burgeoning insanity allows you to understand and cast.</p>
				</text>
			</id-00007>
		</featurelist>
		<flaws type="string">I speak without really thinking through my words, invariably insulting others.</flaws>
		<gender type="string">Male</gender>
		<height type="string">5'10&#34;</height>
		<hp>
			<temporary type="number">0</temporary>
			<total type="number">21</total>
			<wounds type="number">0</wounds>
		</hp>
		<ideals type="string">Self-Improvement. The goal of a life of study is the betterment of oneself. (Any)</ideals>
		<initiative>
			<misc type="number">0</misc>
			<temporary type="number">0</temporary>
			<total type="number">2</total>
		</initiative>
		<inventorylist>
			<id-00001>
				<carried type="number">2</carried>
				<cost type="string">2 gp</cost>
				<count type="number">2</count>
				<damage type="string">1d4 piercing</damage>
				<isidentified type="number">1</isidentified>
				<locked type="number">1</locked>
				<name type="string">Dagger</name>
				<properties type="string">Finesse, light, thrown (range 20/60)</properties>
				<subtype type="string">Simple Melee Weapons</subtype>
				<type type="string">Weapon</type>
				<weight type="number">1</weight>
			</id-00001>
			<id-00002>
				<carried type="number">2</carried>
				<cost type="string">25 gp</cost>
				<count type="number">1</count>
				<damage type="string">1d8 piercing</damage>
				<isidentified type="number">1</isidentified>
				<locked type="number">1</locked>
				<name type="string">Crossbow, Light</name>
				<properties type="string">Ammunition (range 80/320), loading, two-handed</properties>
				<subtype type="string">Simple Ranged Weapons</subtype>
				<type type="string">Weapon</type>
				<weight type="number">5</weight>
			</id-00002>
			<id-00003>
				<carried type="number">2</carried>
				<cost type="string">5 gp</cost>
				<count type="number">1</count>
				<damage type="string">1d6 slashing</damage>
				<isidentified type="number">1</isidentified>
				<locked type="number">1</locked>
				<name type="string">Handaxe</name>
				<properties type="string">Light, thrown (range 20/60)</properties>
				<subtype type="string">Simple Melee Weapons</subtype>
				<type type="string">Weapon</type>
				<weight type="number">2</weight>
			</id-00003>
			<id-00004>
				<ac type="number">11</ac>
				<carried type="number">2</carried>
				<cost type="string">10 gp</cost>
				<count type="number">1</count>
				<description type="formattedtext">
					<p>Made from supple and thin materials, light armor favors agile adventurers since it offers some protection without sacrificing mobility. If you wear light armor, you add your Dexterity modifier to the base number from your armor type to determine your Armor Class.</p>
					<p>The breastplate and shoulder protectors of this armor are made of leather that has been stiffened by being boiled in oil. The rest of the armor is made of softer and more flexible materials.</p>
				</description>
				<dexbonus type="string">Yes</dexbonus>
				<isidentified type="number">1</isidentified>
				<locked type="number">1</locked>
				<name type="string">Leather</name>
				<stealth type="string">-</stealth>
				<strength type="string">-</strength>
				<subtype type="string">Light Armor</subtype>
				<type type="string">Armor</type>
				<weight type="number">10</weight>
			</id-00004>
			<id-00005>
				<carried type="number">1</carried>
				<cost type="string">5 cp</cost>
				<count type="number">10</count>
				<isidentified type="number">1</isidentified>
				<locked type="number">1</locked>
				<name type="string">Piton</name>
				<subtype type="string">Standard</subtype>
				<type type="string">Adventuring Gear</type>
				<weight type="number">0.25</weight>
			</id-00005>
			<id-00006>
				<carried type="number">1</carried>
				<cost type="string">5 sp</cost>
				<count type="number">10</count>
				<description type="formattedtext">
					<p>Rations consist of dry foods suitable for extended travel, including jerky, dried fruit, hardtack, and nuts.</p>
				</description>
				<isidentified type="number">1</isidentified>
				<locked type="number">1</locked>
				<name type="string">Rations (1 Day)</name>
				<subtype type="string">Standard</subtype>
				<type type="string">Adventuring Gear</type>
				<weight type="number">2</weight>
			</id-00006>
			<id-00007>
				<carried type="number">1</carried>
				<cost type="string">2 sp</cost>
				<count type="number">1</count>
				<isidentified type="number">1</isidentified>
				<locked type="number">1</locked>
				<name type="string">Waterskin</name>
				<subtype type="string">Standard</subtype>
				<type type="string">Adventuring Gear</type>
				<weight type="number">5</weight>
			</id-00007>
			<id-00008>
				<carried type="number">1</carried>
				<cost type="string">2 gp</cost>
				<count type="number">1</count>
				<isidentified type="number">1</isidentified>
				<locked type="number">1</locked>
				<name type="string">Backpack (Empty)</name>
				<subtype type="string">Standard</subtype>
				<type type="string">Adventuring Gear</type>
				<weight type="number">5</weight>
			</id-00008>
			<id-00009>
				<carried type="number">1</carried>
				<cost type="string">1 gp</cost>
				<count type="number">1</count>
				<isidentified type="number">1</isidentified>
				<locked type="number">1</locked>
				<name type="string">Hammer</name>
				<subtype type="string">Standard</subtype>
				<type type="string">Adventuring Gear</type>
				<weight type="number">3</weight>
			</id-00009>
			<id-00010>
				<carried type="number">1</carried>
				<cost type="string">1 cp</cost>
				<count type="number">10</count>
				<description type="formattedtext">
					<p>A torch burns for 1 hour, providing bright light in a 20-foot radius and dim light for an additional 20 feet. If you make a melee attack with a burning torch and hit, it deals 1 fire damage.</p>
				</description>
				<isidentified type="number">1</isidentified>
				<locked type="number">1</locked>
				<name type="string">Torch</name>
				<subtype type="string">Standard</subtype>
				<type type="string">Adventuring Gear</type>
				<weight type="number">1</weight>
			</id-00010>
			<id-00011>
				<carried type="number">1</carried>
				<cost type="string">5 sp</cost>
				<count type="number">1</count>
				<description type="formattedtext">
					<p>This small container holds flint, fire steel, and tinder (usually dry cloth soaked in light oil) used to kindle a fire. Using it to light a torch-or anything else with abundant, exposed fuel-takes an action. Lighting any other fire takes 1 minute.</p>
				</description>
				<isidentified type="number">1</isidentified>
				<locked type="number">1</locked>
				<name type="string">Tinderbox</name>
				<subtype type="string">Standard</subtype>
				<type type="string">Adventuring Gear</type>
				<weight type="number">1</weight>
			</id-00011>
			<id-00012>
				<carried type="number">1</carried>
				<cost type="string">2 gp</cost>
				<count type="number">1</count>
				<description type="formattedtext">
					<p>Using a crowbar grants advantage to Strength checks where the crowbar's leverage can be applied.</p>
				</description>
				<isidentified type="number">1</isidentified>
				<locked type="number">1</locked>
				<name type="string">Crowbar</name>
				<subtype type="string">Standard</subtype>
				<type type="string">Adventuring Gear</type>
				<weight type="number">5</weight>
			</id-00012>
			<id-00013>
				<carried type="number">1</carried>
				<cost type="string">1 gp</cost>
				<count type="number">1</count>
				<isidentified type="number">1</isidentified>
				<locked type="number">1</locked>
				<name type="string">Rope, Hempen (50 Feet)</name>
				<subtype type="string">Standard</subtype>
				<type type="string">Adventuring Gear</type>
				<weight type="number">10</weight>
			</id-00013>
			<id-00014>
				<carried type="number">1</carried>
				<cost type="string">25 gp</cost>
				<count type="number">1</count>
				<description type="formattedtext">
					<p>A component pouch is a small, watertight leather belt pouch that has compartments to hold all the material components and other special items you need to cast your spells, except for those components that have a specific cost (as indicated in a spell's description).</p>
				</description>
				<isidentified type="number">1</isidentified>
				<locked type="number">1</locked>
				<name type="string">Component Pouch</name>
				<subtype type="string">Standard</subtype>
				<type type="string">Adventuring Gear</type>
				<weight type="number">2</weight>
			</id-00014>
		</inventorylist>
		<languagelist>
			<id-00001>
				<name type="string">Common</name>
			</id-00001>
			<id-00002>
				<name type="string">Infernal</name>
			</id-00002>
			<id-00003>
				<name type="string">Dragonic</name>
			</id-00003>
			<id-00004>
				<name type="string">Dwarvish</name>
			</id-00004>
		</languagelist>
		<level type="number">3</level>
		<name type="string">Tiefling Warlock The fiend</name>
		<perception type="number">12</perception>
		<perceptionmodifier type="number">0</perceptionmodifier>
		<personalitytraits type="string">There's nothing I like more than a good mystery.</personalitytraits>
		<powergroup>
			<id-00001>
				<castertype type="string">memorization</castertype>
				<name type="string">Spells</name>
				<stat type="string">charisma</stat>
			</id-00001>
		</powergroup>
		<powermeta>
			<pactmagicslots1>
				<max type="number">0</max>
			</pactmagicslots1>
			<pactmagicslots2>
				<max type="number">2</max>
			</pactmagicslots2>
			<pactmagicslots3>
				<max type="number">0</max>
			</pactmagicslots3>
			<pactmagicslots4>
				<max type="number">0</max>
			</pactmagicslots4>
			<pactmagicslots5>
				<max type="number">0</max>
			</pactmagicslots5>
			<pactmagicslots6>
				<max type="number">0</max>
			</pactmagicslots6>
			<pactmagicslots7>
				<max type="number">0</max>
			</pactmagicslots7>
			<pactmagicslots8>
				<max type="number">0</max>
			</pactmagicslots8>
			<pactmagicslots9>
				<max type="number">0</max>
			</pactmagicslots9>
			<spellslots1>
				<max type="number">0</max>
			</spellslots1>
			<spellslots2>
				<max type="number">0</max>
			</spellslots2>
			<spellslots3>
				<max type="number">0</max>
			</spellslots3>
			<spellslots4>
				<max type="number">0</max>
			</spellslots4>
			<spellslots5>
				<max type="number">0</max>
			</spellslots5>
			<spellslots6>
				<max type="number">0</max>
			</spellslots6>
			<spellslots7>
				<max type="number">0</max>
			</spellslots7>
			<spellslots8>
				<max type="number">0</max>
			</spellslots8>
			<spellslots9>
				<max type="number">0</max>
			</spellslots9>
		</powermeta>
		<powers>
			<id-00001>
				<actions>
					<id-00001>
						<atktype type="string">ranged</atktype>
						<order type="number">1</order>
						<type type="string">cast</type>
					</id-00001>
					<id-00002>
						<damagelist>
							<id-00001>
								<bonus type="number">0</bonus>
								<dice type="dice">d10</dice>
								<type type="string">force</type>
							</id-00001>
						</damagelist>
						<order type="number">2</order>
						<type type="string">damage</type>
					</id-00002>
				</actions>
				<cast type="number">0</cast>
				<castingtime type="string">1 action</castingtime>
				<components type="string">V, S</components>
				<description type="formattedtext">
					<p>A beam of crackling energy streaks toward a creature within range. Make a ranged spell attack against the target. On a hit, the target takes 1d10 force damage.</p>
					<p>The spell creates more than one beam when you reach higher levels: two beams at 5th level, three beams at 11th level, and four beams at 17th level. You can direct the beams at the same target or at different ones. Make a separate attack roll for each beam.</p>
				</description>
				<duration type="string">Instantaneous</duration>
				<group type="string">Spells</group>
				<level type="number">0</level>
				<locked type="number">1</locked>
				<name type="string">Eldritch Blast</name>
				<prepared type="number">0</prepared>
				<range type="string">120 feet</range>
				<ritual type="number">0</ritual>
				<school type="string">Evocation</school>
				<source type="string">Warlock</source>
			</id-00001>
			<id-00002>
				<actions>
					<id-00001>
						<apply type="string">roll</apply>
						<durmod type="number">2</durmod>
						<label type="string">[TRGT]; ADVATK; (C)</label>
						<order type="number">1</order>
						<targeting type="string">self</targeting>
						<type type="string">effect</type>
					</id-00001>
				</actions>
				<cast type="number">0</cast>
				<castingtime type="string">1 action</castingtime>
				<components type="string">S</components>
				<description type="formattedtext">
					<p>You extend your hand and point a finger at a target in range. Your magic grants you a brief insight into the target's defenses. On your next turn, you gain advantage on your first attack roll against the target, provided that this spell hasn't ended.</p>
				</description>
				<duration type="string">Concentration, up to 1 round</duration>
				<group type="string">Spells</group>
				<level type="number">0</level>
				<locked type="number">1</locked>
				<name type="string">True Strike</name>
				<prepared type="number">0</prepared>
				<range type="string">30 feet</range>
				<ritual type="number">0</ritual>
				<school type="string">Divination</school>
				<source type="string">Bard, Eldritch Knight, Sorcerer, Warlock, Wizard, Arcane Trickster</source>
			</id-00002>
			<id-00003>
				<actions>
					<id-00001>
						<onmissdamage type="string">half</onmissdamage>
						<order type="number">1</order>
						<savetype type="string">dexterity</savetype>
						<type type="string">cast</type>
					</id-00001>
					<id-00002>
						<damagelist>
							<id-00001>
								<bonus type="number">0</bonus>
								<dice type="dice">d10,d10,d10</dice>
								<type type="string">fire</type>
							</id-00001>
						</damagelist>
						<order type="number">2</order>
						<type type="string">damage</type>
					</id-00002>
				</actions>
				<cast type="number">0</cast>
				<castingtime type="string">1 reaction, which you take in response to being damaged by a creature within 60 feet of you that you can see</castingtime>
				<components type="string">V, S</components>
				<description type="formattedtext">
					<p>You point your finger, and the creature that damaged you is momentarily surrounded by hellish flames. The creature must make a Dexterity saving throw. It takes 2d10 fire damage on a failed save, or half as much damage on a successful one.</p>
					<p><b>At Higher Levels. </b>When you cast this spell using a spell slot of 2nd level or higher, the damage increases by 1d10 for each slot level above 1st.</p>
				</description>
				<duration type="string">Instantaneous</duration>
				<group type="string">Spells</group>
				<level type="number">1</level>
				<locked type="number">1</locked>
				<name type="string">Hellish Rebuke</name>
				<prepared type="number">1</prepared>
				<range type="string">60 feet</range>
				<ritual type="number">0</ritual>
				<school type="string">Evocation</school>
				<source type="string">Warlock</source>
			</id-00003>
			<id-00004>
				<actions>
					<id-00001>
						<apply type="string">roll</apply>
						<durmod type="number">1</durmod>
						<durunit type="string">hour</durunit>
						<label type="string">DMG: 1d6 necrotic; (C)</label>
						<order type="number">1</order>
						<targeting type="string">self</targeting>
						<type type="string">effect</type>
					</id-00001>
				</actions>
				<cast type="number">0</cast>
				<castingtime type="string">1 bonus action</castingtime>
				<components type="string">V, S, M (the petrified eye of a newt)</components>
				<description type="formattedtext">
					<p>You place a curse on a creature that you can see within range. Until the spell ends, you deal an extra 1d6 necrotic damage to the target whenever you hit it with an attack. Also, choose one ability when you cast the spell. The target has disadvantage on ability checks made with the chosen ability.</p>
					<p>If the target drops to 0 hit points before this spell ends, you can use a bonus action on a subsequent turn of yours to curse a new creature.</p>
					<p>A remove curse cast on the target ends this spell early.</p>
					<p><b>At Higher Levels. </b>When you cast this spell using a spell slot of 3rd or 4th level, you can maintain your concentration on the spell for up to 8 hours. When you use a spell slot of 5th level or higher, you can maintain your concentration on the spell for up to 24 hours.</p>
				</description>
				<duration type="string">Concentration, up to 1 hour</duration>
				<group type="string">Spells</group>
				<level type="number">1</level>
				<locked type="number">1</locked>
				<name type="string">Hex</name>
				<prepared type="number">1</prepared>
				<range type="string">90 feet</range>
				<school type="string">Enchantment</school>
				<source type="string">Warlock</source>
			</id-00004>
			<id-00005>
				<actions>
				</actions>
				<cast type="number">0</cast>
				<castingtime type="string">1 bonus action</castingtime>
				<components type="string">V</components>
				<description type="formattedtext">
					<p>Briefly surrounded by silvery mist, you teleport up to 30 feet to an unoccupied space that you can see.</p>
				</description>
				<duration type="string">Instantaneous</duration>
				<group type="string">Spells</group>
				<level type="number">2</level>
				<locked type="number">1</locked>
				<name type="string">Misty Step</name>
				<prepared type="number">1</prepared>
				<range type="string">Self</range>
				<school type="string">Conjuration</school>
				<source type="string">Druid Coast Circle, Eldritch Knight, Sorcerer, Warlock, Wizard, Arcane Trickster</source>
			</id-00005>
		</powers>
		<profbonus type="number">2</profbonus>
		<proficiencylist>
			<id-00001>
				<name type="string">Weapon: Simple weapons</name>
			</id-00001>
			<id-00002>
				<name type="string">Armor: Light armor</name>
			</id-00002>
		</proficiencylist>
		<race type="string">Tiefling</race>
		<racelink type="windowreference">
			<class>reference_race</class>
			<recordname>reference.racedata.tiefling@DD PHB Deluxe</recordname>
		</racelink>
		<senses type="string">Darkvision 60</senses>
		<size type="string">Medium</size>
		<skilllist>
			<id-00001>
				<misc type="number">0</misc>
				<name type="string">Perception</name>
				<prof type="number">0</prof>
				<stat type="string">wisdom</stat>
				<total type="number">2</total>
			</id-00001>
			<id-00002>
				<misc type="number">0</misc>
				<name type="string">Arcana</name>
				<prof type="number">1</prof>
				<stat type="string">intelligence</stat>
				<total type="number">2</total>
			</id-00002>
			<id-00003>
				<misc type="number">0</misc>
				<name type="string">History</name>
				<prof type="number">1</prof>
				<stat type="string">intelligence</stat>
				<total type="number">2</total>
			</id-00003>
			<id-00004>
				<misc type="number">0</misc>
				<name type="string">Persuasion</name>
				<prof type="number">0</prof>
				<stat type="string">charisma</stat>
				<total type="number">4</total>
			</id-00004>
			<id-00005>
				<misc type="number">0</misc>
				<name type="string">Nature</name>
				<prof type="number">0</prof>
				<stat type="string">intelligence</stat>
				<total type="number">0</total>
			</id-00005>
			<id-00006>
				<misc type="number">0</misc>
				<name type="string">Medicine</name>
				<prof type="number">0</prof>
				<stat type="string">wisdom</stat>
				<total type="number">2</total>
			</id-00006>
			<id-00007>
				<misc type="number">0</misc>
				<name type="string">Survival</name>
				<prof type="number">0</prof>
				<stat type="string">wisdom</stat>
				<total type="number">2</total>
			</id-00007>
			<id-00008>
				<misc type="number">0</misc>
				<name type="string">Performance</name>
				<prof type="number">0</prof>
				<stat type="string">charisma</stat>
				<total type="number">4</total>
			</id-00008>
			<id-00009>
				<misc type="number">0</misc>
				<name type="string">Acrobatics</name>
				<prof type="number">0</prof>
				<stat type="string">dexterity</stat>
				<total type="number">2</total>
			</id-00009>
			<id-00010>
				<misc type="number">0</misc>
				<name type="string">Religion</name>
				<prof type="number">0</prof>
				<stat type="string">intelligence</stat>
				<total type="number">0</total>
			</id-00010>
			<id-00011>
				<misc type="number">0</misc>
				<name type="string">Athletics</name>
				<prof type="number">0</prof>
				<stat type="string">strength</stat>
				<total type="number">1</total>
			</id-00011>
			<id-00012>
				<misc type="number">0</misc>
				<name type="string">Sleight of Hand</name>
				<prof type="number">0</prof>
				<stat type="string">dexterity</stat>
				<total type="number">2</total>
			</id-00012>
			<id-00013>
				<misc type="number">0</misc>
				<name type="string">Insight</name>
				<prof type="number">0</prof>
				<stat type="string">wisdom</stat>
				<total type="number">2</total>
			</id-00013>
			<id-00014>
				<misc type="number">0</misc>
				<name type="string">Intimidation</name>
				<prof type="number">0</prof>
				<stat type="string">charisma</stat>
				<total type="number">4</total>
			</id-00014>
			<id-00015>
				<misc type="number">0</misc>
				<name type="string">Deception</name>
				<prof type="number">1</prof>
				<stat type="string">charisma</stat>
				<total type="number">6</total>
			</id-00015>
			<id-00016>
				<misc type="number">0</misc>
				<name type="string">Investigation</name>
				<prof type="number">1</prof>
				<stat type="string">intelligence</stat>
				<total type="number">2</total>
			</id-00016>
			<id-00017>
				<misc type="number">0</misc>
				<name type="string">Stealth</name>
				<prof type="number">0</prof>
				<stat type="string">dexterity</stat>
				<total type="number">2</total>
			</id-00017>
			<id-00018>
				<misc type="number">0</misc>
				<name type="string">Animal Handling</name>
				<prof type="number">0</prof>
				<stat type="string">wisdom</stat>
				<total type="number">2</total>
			</id-00018>
		</skilllist>
		<speed>
			<armor type="number">0</armor>
			<base type="number">30</base>
			<misc type="number">0</misc>
			<temporary type="number">0</temporary>
			<total type="number">30</total>
		</speed>
		<temp>
		</temp>
		<token type="token"></token>
		<traitlist>
			<id-00001>
				<locked type="number">1</locked>
				<name type="string">Infernal Legacy</name>
				<source type="string">Tiefling</source>
				<text type="formattedtext">
					<p>You know the thaumaturgy cantrip. After you reach 3rd level, you can cast the hellish rebuke spell once per day as a 2nd level spell (after completion of a long rest). Once you reach 5th level, you can also cast the darkness spell once per day (after completion of a long rest). Charisma is your spellcasting ability for these spells.</p>
				</text>
				<type type="string">racial</type>
			</id-00001>
			<id-00002>
				<locked type="number">1</locked>
				<name type="string">Hellish Resistance</name>
				<source type="string">Tiefling</source>
				<text type="formattedtext">
					<p>You have resistance to fire damage.</p>
				</text>
				<type type="string">racial</type>
			</id-00002>
		</traitlist>
		<weaponlist>
			<id-00001>
				<attackbonus type="number">0</attackbonus>
				<attackstat type="string">dexterity</attackstat>
				<carried type="number">2</carried>
				<damagelist>
					<id-00001>
						<bonus type="number">0</bonus>
						<dice type="dice">d4</dice>
						<stat type="string">dexterity</stat>
						<type type="string">piercing</type>
					</id-00001>
				</damagelist>
				<isidentified type="number">1</isidentified>
				<maxammo type="number">0</maxammo>
				<name type="string">Dagger</name>
				<prof type="number">1</prof>
				<shortcut type="windowreference">
					<class>item</class>
					<recordname>....inventorylist.id-00001</recordname>
				</shortcut>
				<type type="number">0</type>
			</id-00001>
			<id-00002>
				<attackbonus type="number">0</attackbonus>
				<attackstat type="string">dexterity</attackstat>
				<carried type="number">2</carried>
				<damagelist>
					<id-00001>
						<bonus type="number">0</bonus>
						<dice type="dice">d4</dice>
						<stat type="string">dexterity</stat>
						<type type="string">piercing</type>
					</id-00001>
				</damagelist>
				<isidentified type="number">1</isidentified>
				<maxammo type="number">0</maxammo>
				<name type="string">Dagger</name>
				<prof type="number">1</prof>
				<shortcut type="windowreference">
					<class>item</class>
					<recordname>....inventorylist.id-00001</recordname>
				</shortcut>
				<type type="number">2</type>
			</id-00002>
			<id-00003>
				<attackbonus type="number">0</attackbonus>
				<carried type="number">2</carried>
				<damagelist>
					<id-00001>
						<bonus type="number">0</bonus>
						<dice type="dice">d8</dice>
						<stat type="string">base</stat>
						<type type="string">piercing</type>
					</id-00001>
				</damagelist>
				<isidentified type="number">1</isidentified>
				<maxammo type="number">0</maxammo>
				<name type="string">Crossbow, Light</name>
				<prof type="number">1</prof>
				<shortcut type="windowreference">
					<class>item</class>
					<recordname>....inventorylist.id-00002</recordname>
				</shortcut>
				<type type="number">1</type>
			</id-00003>
			<id-00004>
				<attackbonus type="number">0</attackbonus>
				<carried type="number">2</carried>
				<damagelist>
					<id-00001>
						<bonus type="number">0</bonus>
						<dice type="dice">d6</dice>
						<stat type="string">base</stat>
						<type type="string">slashing</type>
					</id-00001>
				</damagelist>
				<isidentified type="number">1</isidentified>
				<maxammo type="number">0</maxammo>
				<name type="string">Handaxe</name>
				<prof type="number">1</prof>
				<shortcut type="windowreference">
					<class>item</class>
					<recordname>....inventorylist.id-00003</recordname>
				</shortcut>
				<type type="number">0</type>
			</id-00004>
			<id-00005>
				<attackbonus type="number">0</attackbonus>
				<carried type="number">2</carried>
				<damagelist>
					<id-00001>
						<bonus type="number">0</bonus>
						<dice type="dice">d6</dice>
						<stat type="string">base</stat>
						<type type="string">slashing</type>
					</id-00001>
				</damagelist>
				<isidentified type="number">1</isidentified>
				<maxammo type="number">0</maxammo>
				<name type="string">Handaxe</name>
				<prof type="number">1</prof>
				<shortcut type="windowreference">
					<class>item</class>
					<recordname>....inventorylist.id-00003</recordname>
				</shortcut>
				<type type="number">2</type>
			</id-00005>
		</weaponlist>
		<weight type="string">176</weight>
	</character>
</root>
