<?xml version="1.0" encoding="iso-8859-1"?>
<root version="3.3" release="8|CoreRPG:3">
	<character>
		<abilities>
			<charisma>
				<bonus type="number">2</bonus>
				<save type="number">4</save>
				<savemodifier type="number">0</savemodifier>
				<saveprof type="number">1</saveprof>
				<score type="number">14</score>
			</charisma>
			<constitution>
				<bonus type="number">2</bonus>
				<save type="number">2</save>
				<savemodifier type="number">0</savemodifier>
				<saveprof type="number">0</saveprof>
				<score type="number">14</score>
			</constitution>
			<dexterity>
				<bonus type="number">0</bonus>
				<save type="number">0</save>
				<savemodifier type="number">0</savemodifier>
				<saveprof type="number">0</saveprof>
				<score type="number">10</score>
			</dexterity>
			<intelligence>
				<bonus type="number">0</bonus>
				<save type="number">0</save>
				<savemodifier type="number">0</savemodifier>
				<saveprof type="number">0</saveprof>
				<score type="number">10</score>
			</intelligence>
			<strength>
				<bonus type="number">4</bonus>
				<save type="number">4</save>
				<savemodifier type="number">0</savemodifier>
				<saveprof type="number">0</saveprof>
				<score type="number">18</score>
			</strength>
			<wisdom>
				<bonus type="number">1</bonus>
				<save type="number">3</save>
				<savemodifier type="number">0</savemodifier>
				<saveprof type="number">1</saveprof>
				<score type="number">12</score>
			</wisdom>
		</abilities>
		<adventurelist>
		</adventurelist>
		<age type="string">20</age>
		<alignment type="string">Lawful Neutral</alignment>
		<background type="string">Noble Knight</background>
		<backgroundlink type="windowreference">
			<class>reference_background</class>
			<recordname>reference.backgrounddata.nobleknight@DD PHB Deluxe</recordname>
		</backgroundlink>
		<bonds type="string">Nothing is more important than the other members of my family.</bonds>
		<classes>
			<id-00001>
				<casterlevelinvmult type="number">2</casterlevelinvmult>
				<casterpactmagic type="number">0</casterpactmagic>
				<hddie type="dice">d10</hddie>
				<hdused type="number">0</hdused>
				<level type="number">4</level>
				<name type="string">Paladin</name>
				<shortcut type="windowreference">
					<class>reference_class</class>
					<recordname>class.id-00006@ProNobis-WorldCreation</recordname>
				</shortcut>
			</id-00001>
		</classes>
		<coins>
			<slot1>
				<amount type="number">154</amount>
				<name type="string">GP</name>
			</slot1>
			<slot2>
				<amount type="number">3</amount>
				<name type="string">SP</name>
			</slot2>
			<slot3>
				<amount type="number">3</amount>
				<name type="string">CP</name>
			</slot3>
			<slot4>
				<amount type="number">0</amount>
			</slot4>
			<slot5>
				<amount type="number">0</amount>
			</slot5>
			<slot6>
				<amount type="number">0</amount>
			</slot6>
		</coins>
		<defenses>
			<ac>
				<armor type="number">8</armor>
				<dexbonus type="string">no</dexbonus>
				<disstealth type="number">0</disstealth>
				<misc type="number">0</misc>
				<prof type="number">1</prof>
				<shield type="number">2</shield>
				<temporary type="number">0</temporary>
				<total type="number">20</total>
			</ac>
		</defenses>
		<deity type="string">Tyr</deity>
		<encumbrance>
			<encumbered type="number">90</encumbered>
			<encumberedheavy type="number">180</encumberedheavy>
			<liftpushdrag type="number">540</liftpushdrag>
			<load type="number">126.6</load>
			<max type="number">270</max>
		</encumbrance>
		<exp type="number">400</exp>
		<expneeded type="number">500</expneeded>
		<featlist>
			<id-00001>
				<locked type="number">1</locked>
				<name type="string">Heavy Armour Master</name>
				<text type="formattedtext">
					<p>Heavy Armor Master</p>
					<p></p>
					<p>Prerequisites: Proficiency with heavy armor</p>
					<p>You can use your armor to deflect strikes that would kill others. You gain the following benefits:</p>
					<p>- Increase your Strength score by 1, to a maximum of 20. - While you are wearing heavy armor, bludgeoning, piercing, and slashing damage that you take from non magical weapons is reduced by Proficiency + 1. While wearing magical armor, you reduce damage from magical weapons as well.) -any negative effect of wearing heavy armor does not apply to you, it does not hinder anything you do. (This feat was redesigned to allow it to scale with level, rather than being powerful early on and tapering off in the higher levels.)</p>
				</text>
			</id-00001>
		</featlist>
		<featurelist>
			<id-00002>
				<locked type="number">1</locked>
				<name type="string">Retainers</name>
				<source type="string">Noble Knight</source>
				<text type="formattedtext">
					<p>If your character has a noble background, you may select this background feature instead of Position of Privilege.</p>
					<p>You have the service of three retainers loyal to your family. These retainers can be attendants or messengers, and one might be a majordomo. Your retainers are commoners who can perform mundane tasks for you, but they do not fight for you, will not follow you into obviously dangerous areas (such as dungeons), and will leave if they are frequently endangered or abused.</p>
				</text>
			</id-00002>
			<id-00003>
				<level type="number">1</level>
				<locked type="number">1</locked>
				<name type="string">Divine Sense</name>
				<source type="string">Paladin</source>
				<text type="formattedtext">
					<p>The presence of strong evil registers on your senses like a noxious odor, and powerful good rings like heavenly music in your ears. As an action, you can open your awareness to detect such forces. Until the end of your next turn, you know the location of any celestial, fiend, or undead within 60 feet of you that is not behind total cover. You know the type (celestial, fiend, or undead) of any being whose presence you sense, but not its identity (the vampire Count Strahd von Zarovich, for instance).</p>
					<p>Within the same radius, you also detect the presence of any place or object that has been consecrated or desecrated, as with the hallow spell.</p>
					<p>You can use this feature a number of times equal to 1 + your Charisma modifier. When you finish a long rest, you regain all expended uses.</p>
				</text>
			</id-00003>
			<id-00004>
				<level type="number">1</level>
				<locked type="number">1</locked>
				<name type="string">Lay on Hands</name>
				<source type="string">Paladin</source>
				<text type="formattedtext">
					<p>Your blessed touch can heal wounds. You have a pool of healing power that replenishes when you take a long rest. With that pool, you can restore a total number of hit points equal to your paladin level x5. As an action, you can touch a creature and draw power from the pool to restore a number of hit points to that creature, up to the maximum amount remaining in your pool.</p>
					<p>Alternatively, you can expend 5 hit points from your pool of healing to cure the target of one disease or neutralize one poison affecting it. You can cure multiple diseases and neutralize multiple poisons with a single use of Lay on Hands, expending hit points separately for each one.</p>
					<p>This feature has no effect on undead and constructs.</p>
				</text>
			</id-00004>
			<id-00005>
				<level type="number">2</level>
				<locked type="number">1</locked>
				<name type="string">Fighting Style - Duelling</name>
				<source type="string">Paladin</source>
				<text type="formattedtext">
					<p>At 2nd level, you adopt a style of fighting as your specialty. Choose one of the following options. You can't take a Fighting Style option more than once, even if you later get to choose again.</p>
					<p><b>Defense</b></p>
					<p>While you are wearing armor, you gain a +1 bonus to AC.</p>
					<p><b>Dueling</b></p>
					<p>When you are wielding a melee weapon in one hand and no other weapons, you gain a +2 bonus to damage rolls with that weapon.</p>
					<p><b>Great Weapon Fighting</b></p>
					<p>When you roll a 1 or 2 on a damage die for an attack you make with a melee weapon that you are wielding with two hands, you can reroll the die and must use the new roll. The weapon must have the two-handed or versatile property for you to gain this benefit.</p>
					<p><b>Protection</b></p>
					<p>When a creature you can see attacks a target other than you that is within 5 feet of you, you can use your reaction to impose disadvantage on the attack roll. You must be wielding a shield.</p>
				</text>
			</id-00005>
			<id-00006>
				<level type="number">2</level>
				<locked type="number">1</locked>
				<name type="string">Divine Smite</name>
				<source type="string">Paladin</source>
				<text type="formattedtext">
					<p>Starting at 2nd level, when you hit a creature with a melee weapon attack, you can expend one spell slot to deal radiant damage to the target, in addition to the weapon's damage. The extra damage is 2d8 for a 1st-level spell slot, plus 1d8 for each spell level higher than 1st, to a maximum of 5d8. The damage increases by 1d8 if the target is an undead or a fiend.</p>
				</text>
			</id-00006>
			<id-00012>
				<level type="number">3</level>
				<locked type="number">1</locked>
				<name type="string">Divine Health</name>
				<source type="string">Paladin</source>
				<text type="formattedtext">
					<p>By 3rd level, the divine magic flowing through you makes you immune to disease.</p>
				</text>
			</id-00012>
			<id-00021>
				<level type="number">2</level>
				<locked type="number">1</locked>
				<name type="string">Spellcasting (Paladin)</name>
				<source type="string">Paladin</source>
				<specializationchoice type="number">0</specializationchoice>
				<text type="formattedtext">
					<p>By 2nd level, you have learned to draw on divine magic through meditation and prayer to cast spells as a cleric does.</p>
					<linklist>
						<link class="reference_colindex" recordname="reference.spelllists.paladin@DD5E SRD Data">Paladin Spells</link>
					</linklist>
					<p><b>Preparing and Casting Spells</b></p>
					<p>The Paladin table shows how many spell slots you have to cast your spells. To cast one of your paladin spells of 1st level or higher, you must expend a slot of the spell's level or higher. You regain all expended spell slots when you finish a long rest.</p>
					<p>You prepare the list of paladin spells that are available for you to cast, choosing from the paladin spell list. When you do so, choose a number of paladin spells equal to your Charisma modifier + half your paladin level, rounded down (minimum of one spell). The spells must be of a level for which you have spell slots.</p>
					<p>For example, if you are a 5th-level paladin, you have four 1st-level and two 2nd-level spell slots. With a Charisma of 14, your list of prepared spells can include four spells of 1st or 2nd level, in any combination. If you prepare the 1st-level spell cure wounds, you can cast it using a 1st-level or a 2nd-level slot. Casting the spell doesn't remove it from your list of prepared spells.</p>
					<p>You can change your list of prepared spells when you finish a long rest. Preparing a new list of paladin spells requires time spent in prayer and meditation: at least 1 minute per spell level for each spell on your list.</p>
					<p><b>Spellcasting Ability</b></p>
					<p>Charisma is your spellcasting ability for your paladin spells, since their power derives from the strength of your convictions. You use your Charisma whenever a spell refers to your spellcasting ability. In addition, you use your Charisma modifier when setting the saving throw DC for a paladin spell you cast and when making an attack roll with one.</p>
					<p><b>Spell save DC </b>= 8 + your proficiency bonus + your Charisma modifier</p>
					<p><b>Spell attack modifier </b>= your proficiency bonus + your Charisma modifier</p>
					<p><b>Spellcasting Focus</b></p>
					<p>You can use a holy symbol as a spellcasting focus for your paladin spells.</p>
				</text>
			</id-00021>
			<id-00022>
				<level type="number">1</level>
				<locked type="number">1</locked>
				<name type="string">Oath of Vengeance</name>
				<source type="string">Paladin</source>
				<text type="formattedtext">
					<p>The Oath of Vengeance is a solemn commitment to punish those who have committed a grievous sin. When evil forces slaughter helpless villagers, when an entire people turns against the will of the gods, when a thieves' guild grows too violent and powerful, when a dragon rampages through the countryside-at times like these, paladins arise and swear an Oath of Vengeance to set right that which has gone wrong. To these paladins-sometimes called avengers or dark knights-their own purity is not as important as delivering justice.</p>
					<h>Features</h>
					<linklist>
						<link class="reference_classfeature" recordname="reference.classdata.paladin.features.tenetsofvengeance3@DD PHB Deluxe">Tenets of Vengeance</link>
						<link class="reference_classfeature" recordname="reference.classdata.paladin.features.oathspells_vengeance_3@DD PHB Deluxe">Oath Spells (Vengeance)</link>
						<link class="reference_classfeature" recordname="reference.classdata.paladin.features.channeldivinity_vengeance_3@DD PHB Deluxe">Channel Divinity (Vengeance)</link>
						<link class="reference_classfeature" recordname="reference.classdata.paladin.features.relentlessavenger7@DD PHB Deluxe">Relentless Avenger</link>
						<link class="reference_classfeature" recordname="reference.classdata.paladin.features.soulofvengeance15@DD PHB Deluxe">Soul of Vengeance</link>
						<link class="reference_classfeature" recordname="reference.classdata.paladin.features.avengingangel20@DD PHB Deluxe">Avenging Angel</link>
					</linklist>
				</text>
			</id-00022>
			<id-00023>
				<level type="number">3</level>
				<locked type="number">1</locked>
				<name type="string">Tenets of Vengeance</name>
				<source type="string">Paladin</source>
				<specialization type="string">Oath of Vengeance</specialization>
				<text type="formattedtext">
					<p>The tenets of the Oath of Vengeance vary by paladin, but all the tenets revolve around punishing wrongdoers by any means necessary. Paladins who uphold these tenets are willing to sacrifice even their own righteousness to mete out justice upon those who do evil, so the paladins are often neutral or lawful neutral in alignment. The core principles of the tenets are brutally simple.</p>
					<p><b>Fight the Greater Evil. </b>Faced with a choice of fighting my sworn foes or combating a lesser evil. I choose the greater evil.</p>
					<p><b>No Mercy for the Wicked. </b>Ordinary foes might win my mercy, but my sworn enemies do not.</p>
					<p><b>By Any Means Necessary. </b>My qualms can't get in the way of exterminating my foes.</p>
					<p><b>Restitution. </b>If my foes wreak ruin on the world, it is because I failed to stop them. I must help those harmed by their misdeeds.</p>
				</text>
			</id-00023>
			<id-00024>
				<level type="number">3</level>
				<locked type="number">1</locked>
				<name type="string">Oath Spells (Vengeance)</name>
				<source type="string">Paladin</source>
				<specialization type="string">Oath of Vengeance</specialization>
				<text type="formattedtext">
					<p>You gain oath spells at the paladin levels listed.</p>
					<h>Oath of Vengeance Spells</h>
					<p><b>Paladin Level - Spell</b></p>
					<linklist>
						<link class="reference_spell" recordname="reference.spelldata.bane@DD PHB Deluxe"><b>Spell: </b></link>3rd - Bane</linklist>
						<link class="reference_spell" recordname="reference.spelldata.hunter_smark@DD PHB Deluxe"><b>Spell: </b></link>3rd - Hunter's Mark
						<link class="reference_spell" recordname="reference.spelldata.holdperson@DD PHB Deluxe"><b>Spell: </b></link>5th - Hold Person
						<link class="reference_spell" recordname="reference.spelldata.mistystep@DD PHB Deluxe"><b>Spell: </b></link>5th - Misty Step
						<link class="reference_spell" recordname="reference.spelldata.haste@DD PHB Deluxe"><b>Spell: </b></link>9th - Haste
						<link class="reference_spell" recordname="reference.spelldata.protectionfromenergy@DD PHB Deluxe"><b>Spell: </b></link>9th - Protection from Energy
						<link class="reference_spell" recordname="reference.spelldata.banishment@DD PHB Deluxe"><b>Spell: </b></link>13th - Banishment
						<link class="reference_spell" recordname="reference.spelldata.dimensiondoor@DD PHB Deluxe"><b>Spell: </b></link>13th - Dimension Door
						<link class="reference_spell" recordname="reference.spelldata.holdmonster@DD PHB Deluxe"><b>Spell: </b></link>17th - Hold Monster
						<link class="reference_spell" recordname="reference.spelldata.scrying@DD PHB Deluxe"><b>Spell: </b></link>17th - Scrying
				</text>
			</id-00024>
			<id-00025>
				<level type="number">3</level>
				<locked type="number">1</locked>
				<name type="string">Channel Divinity (Vengeance)</name>
				<source type="string">Paladin</source>
				<specialization type="string">Oath of Vengeance</specialization>
				<text type="formattedtext">
					<p>When you take this oath at 3rd level, you gain the following two Channel Divinity options.</p>
					<p><b>Abjure Enemy. </b>As an action, you present your holy symbol and speak a prayer of denunciation, using your Channel Divinity. Choose one creature within 60 feet of you that you can see. That creature must make a Wisdom saving throw, unless it is immune to being frightened. Fiends and undead have disadvantage on this saving throw.</p>
					<p>On a failed save, the creature is frightened for 1 minute or until it takes any damage. While frightened, the creature's speed is 0, and it can't benefit from any bonus to its speed.</p>
					<p>On a successful save, the creature's speed is halved for 1 minute or until the creature takes any damage.</p>
					<p><b>Vow of Enmity. </b>As a bonus action, you can utter a vow of enmity against a creature you can see within 10 feet of you, using your Channel Divinity. You gain advantage on attack rolls against the creature for 1 minute or until it drops to 0 hit points or falls unconscious.</p>
				</text>
			</id-00025>
		</featurelist>
		<flaws type="string">I secretly believe that everyone is beneath me.</flaws>
		<gender type="string">Male</gender>
		<height type="string">7' 3&#34;</height>
		<hp>
			<deathsavefail type="number">0</deathsavefail>
			<deathsavesuccess type="number">0</deathsavesuccess>
			<temporary type="number">0</temporary>
			<total type="number">43</total>
			<wounds type="number">0</wounds>
		</hp>
		<ideals type="string">Responsibility. It is my duty to respect the authority of those above me, just as those below me must respect mine. (Lawful)</ideals>
		<initiative>
			<misc type="number">0</misc>
			<temporary type="number">0</temporary>
			<total type="number">0</total>
		</initiative>
		<inventorylist>
			<id-00001>
				<ac type="number">0</ac>
				<bonus type="number">0</bonus>
				<carried type="number">1</carried>
				<cost type="string">50 - 100 gp</cost>
				<count type="number">1</count>
				<description type="formattedtext">
					<h>Description</h>
					<p>You regain 2d4 + 2 hit points when you drink this potion. The potion's red liquid glimmers when agitated.</p>
				</description>
				<isidentified type="number">1</isidentified>
				<location type="string">Pouch</location>
				<locked type="number">1</locked>
				<name type="string">Potion of Healing</name>
				<nonid_name type="string">Potion</nonid_name>
				<nonidentified type="string">A vial of red liquid that shimmers when agitated.</nonidentified>
				<rarity type="string">Common</rarity>
				<type type="string">Potion</type>
				<weight type="number">0.5</weight>
			</id-00001>
			<id-00002>
				<ac type="number">2</ac>
				<carried type="number">2</carried>
				<cost type="string">10 gp</cost>
				<count type="number">1</count>
				<description type="formattedtext">
					<p>A shield is made from wood or metal and is carried in one hand. Wielding a shield increases your Armor Class by 2. You can benefit from only one shield at a time.</p>
				</description>
				<dexbonus type="string">-</dexbonus>
				<isidentified type="number">1</isidentified>
				<location type="string">2) Armour</location>
				<locked type="number">1</locked>
				<name type="string">Metal *Shiny* Shield</name>
				<stealth type="string">-</stealth>
				<strength type="string">-</strength>
				<subtype type="string">Shield</subtype>
				<type type="string">Armor</type>
				<weight type="number">6</weight>
			</id-00002>
			<id-00003>
				<carried type="number">0</carried>
				<cost type="string">2 gp</cost>
				<count type="number">1</count>
				<damage type="string">1d4 piercing</damage>
				<isidentified type="number">1</isidentified>
				<location type="string">1) Weapon</location>
				<locked type="number">1</locked>
				<name type="string">Dagger</name>
				<properties type="string">Finesse, light, thrown (range 20/60)</properties>
				<subtype type="string">Simple Melee Weapons</subtype>
				<type type="string">Weapon</type>
				<weight type="number">1</weight>
			</id-00003>
			<id-00005>
				<carried type="number">2</carried>
				<cost type="string">1 gp</cost>
				<count type="number">1</count>
				<isidentified type="number">1</isidentified>
				<location type="string">Backpack</location>
				<locked type="number">1</locked>
				<name type="string">Bedroll</name>
				<subtype type="string">Standard</subtype>
				<type type="string">Adventuring Gear</type>
				<weight type="number">7</weight>
			</id-00005>
			<id-00006>
				<carried type="number">2</carried>
				<cost type="string">5 sp</cost>
				<count type="number">10</count>
				<description type="formattedtext">
					<p>Rations consist of dry foods suitable for extended travel, including jerky, dried fruit, hardtack, and nuts.</p>
				</description>
				<isidentified type="number">1</isidentified>
				<location type="string">Backpack</location>
				<locked type="number">1</locked>
				<name type="string">Rations (1 Day)</name>
				<subtype type="string">Standard</subtype>
				<type type="string">Adventuring Gear</type>
				<weight type="number">2</weight>
			</id-00006>
			<id-00007>
				<carried type="number">2</carried>
				<cost type="string">1 cp</cost>
				<count type="number">10</count>
				<description type="formattedtext">
					<p>A torch burns for 1 hour, providing bright light in a 20-foot radius and dim light for an additional 20 feet. If you make a melee attack with a burning torch and hit, it deals 1 fire damage.</p>
				</description>
				<isidentified type="number">1</isidentified>
				<location type="string">Backpack</location>
				<locked type="number">1</locked>
				<name type="string">Torch</name>
				<subtype type="string">Standard</subtype>
				<type type="string">Adventuring Gear</type>
				<weight type="number">1</weight>
			</id-00007>
			<id-00008>
				<carried type="number">2</carried>
				<cost type="string">5 sp</cost>
				<count type="number">1</count>
				<description type="formattedtext">
					<p>This small container holds flint, fire steel, and tinder (usually dry cloth soaked in light oil) used to kindle a fire. Using it to light a torch-or anything else with abundant, exposed fuel-takes an action. Lighting any other fire takes 1 minute.</p>
				</description>
				<isidentified type="number">1</isidentified>
				<location type="string">Backpack</location>
				<locked type="number">1</locked>
				<name type="string">Tinderbox</name>
				<subtype type="string">Standard</subtype>
				<type type="string">Adventuring Gear</type>
				<weight type="number">1</weight>
			</id-00008>
			<id-00009>
				<carried type="number">2</carried>
				<cost type="string">2 sp</cost>
				<count type="number">1</count>
				<isidentified type="number">1</isidentified>
				<location type="string">Backpack</location>
				<locked type="number">1</locked>
				<name type="string">Waterskin</name>
				<subtype type="string">Standard</subtype>
				<type type="string">Adventuring Gear</type>
				<weight type="number">5</weight>
			</id-00009>
			<id-00010>
				<carried type="number">2</carried>
				<cost type="string">2 sp</cost>
				<count type="number">1</count>
				<description type="formattedtext">
					<p>This tin box contains a cup and simple cutlery. The box clamps together, and one side can be used as a cooking pan and the other as a plate or shallow bowl.</p>
				</description>
				<isidentified type="number">1</isidentified>
				<location type="string">Backpack</location>
				<locked type="number">1</locked>
				<name type="string">Mess Kit</name>
				<subtype type="string">Equipment Kits</subtype>
				<type type="string">Adventuring Gear</type>
				<weight type="number">1</weight>
			</id-00010>
			<id-00011>
				<carried type="number">2</carried>
				<cost type="string">1 gp</cost>
				<count type="number">1</count>
				<isidentified type="number">1</isidentified>
				<location type="string">Backpack</location>
				<locked type="number">1</locked>
				<name type="string">Rope, Hempen (50 Feet)</name>
				<subtype type="string">Standard</subtype>
				<type type="string">Adventuring Gear</type>
				<weight type="number">10</weight>
			</id-00011>
			<id-00012>
				<carried type="number">2</carried>
				<cost type="string">2 gp</cost>
				<count type="number">1</count>
				<isidentified type="number">1</isidentified>
				<location type="string">Clothes, Fine</location>
				<locked type="number">1</locked>
				<name type="string">Backpack</name>
				<subtype type="string">Standard</subtype>
				<type type="string">Adventuring Gear</type>
				<weight type="number">5</weight>
			</id-00012>
			<id-00013>
				<ac type="number">0</ac>
				<bonus type="number">0</bonus>
				<carried type="number">1</carried>
				<cost type="string">50 gp</cost>
				<count type="number">5</count>
				<description type="formattedtext">
					<p>A creature that drinks this vial of liquid gains advantage on saving throws against poison for 1 hour. It confers no benefit to undead or constructs.</p>
				</description>
				<isidentified type="number">1</isidentified>
				<location type="string">Pouch</location>
				<locked type="number">1</locked>
				<name type="string">Antitoxin (Vial)</name>
				<subtype type="string">Standard</subtype>
				<type type="string">Adventuring Gear</type>
				<weight type="number">0.02</weight>
			</id-00013>
			<id-00014>
				<carried type="number">2</carried>
				<cost type="string">5 sp</cost>
				<count type="number">1</count>
				<description type="formattedtext">
					<p>A cloth or leather pouch can hold up to 20 sling bullets or 50 blowgun needles, among other things. A compartmentalized pouch for holding spell components is called a component pouch (described earlier in this section).</p>
				</description>
				<isidentified type="number">1</isidentified>
				<location type="string">Clothes, Fine</location>
				<locked type="number">1</locked>
				<name type="string">Pouch</name>
				<subtype type="string">Standard</subtype>
				<type type="string">Adventuring Gear</type>
				<weight type="number">1</weight>
			</id-00014>
			<id-00015>
				<carried type="number">2</carried>
				<count type="number">1</count>
				<isidentified type="number">1</isidentified>
				<location type="string">Flametongue</location>
				<name type="string">Tyr's Hammer</name>
				<weight type="number">0</weight>
			</id-00015>
			<id-00016>
				<ac type="number">18</ac>
				<bonus type="number">0</bonus>
				<carried type="number">2</carried>
				<cost type="string">2,000 gp</cost>
				<count type="number">1</count>
				<description type="formattedtext">
					<h>Description</h>
					<p>Mithral is a light, flexible metal. A mithral chain shirt or breastplate can be worn under normal clothes. If the armor normally imposes disadvantage on Dexterity (Stealth) checks or has a Strength requirement, the mithral version of the armor doesn't.</p>
				</description>
				<isidentified type="number">1</isidentified>
				<location type="string">2) Armour</location>
				<locked type="number">1</locked>
				<name type="string">Mithral Plate</name>
				<nonid_name type="string">Graceful # Armor</nonid_name>
				<nonidentified type="string">This armor has been made with an extremely light and flexible metal.</nonidentified>
				<rarity type="string">Uncommon</rarity>
				<subtype type="string">Medium Or Heavy, But Not Hide</subtype>
				<type type="string">Armor</type>
				<weight type="number">50</weight>
			</id-00016>
			<id-00017>
				<carried type="number">1</carried>
				<cost type="string">1 cp</cost>
				<count type="number">2</count>
				<isidentified type="number">1</isidentified>
				<location type="string">Backpack</location>
				<locked type="number">1</locked>
				<name type="string">Sack</name>
				<subtype type="string">Standard</subtype>
				<type type="string">Adventuring Gear</type>
				<weight type="number">0.5</weight>
			</id-00017>
			<id-00018>
				<carried type="number">1</carried>
				<cost type="string">15 gp</cost>
				<count type="number">1</count>
				<isidentified type="number">1</isidentified>
				<locked type="number">1</locked>
				<name type="string">Clothes, Fine</name>
				<subtype type="string">Standard</subtype>
				<type type="string">Adventuring Gear</type>
				<weight type="number">6</weight>
			</id-00018>
			<id-00019>
				<ac type="number">0</ac>
				<bonus type="number">0</bonus>
				<carried type="number">2</carried>
				<cost type="string">501 - 5,000 gp</cost>
				<count type="number">1</count>
				<description type="formattedtext">
					<h>Description</h>
					<p>You can use a bonus action to speak this magic sword's command word, causing flames to erupt from the blade. These flames shed bright light in a 40-foot radius and dim light for an additional 40 feet. While the sword is ablaze, it deals an extra 2d6 fire damage to any target it hits. The flames last until you use a bonus action to speak the command word again or until you drop or sheathe the sword.</p>
				</description>
				<isidentified type="number">1</isidentified>
				<location type="string">1) Weapon</location>
				<locked type="number">1</locked>
				<name type="string">Flametongue</name>
				<nonid_name type="string">Coruscated #</nonid_name>
				<nonidentified type="string">A deep red gemstone has been set into the rain guard of this beautifully made weapon. Stylized flames have been etched along the length of the blade.</nonidentified>
				<rarity type="string">Rare (Requires Attunement)</rarity>
				<subtype type="string">Any Sword</subtype>
				<type type="string">Weapon</type>
				<weight type="number">3</weight>
			</id-00019>
			<id-00020>
				<ac type="number">0</ac>
				<bonus type="number">0</bonus>
				<carried type="number">0</carried>
				<cost type="string">50 gp</cost>
				<count type="number">1</count>
				<damage type="string">2d6 slashing</damage>
				<description type="formattedtext">
					<p></p>
				</description>
				<isidentified type="number">1</isidentified>
				<istemplate type="number">0</istemplate>
				<location type="string">1) Weapon</location>
				<locked type="number">1</locked>
				<name type="string">Greatsword</name>
				<properties type="string">Heavy, two-handed</properties>
				<subtype type="string">Martial Weapons</subtype>
				<type type="string">Weapon</type>
				<weight type="number">6</weight>
			</id-00020>
		</inventorylist>
		<languagelist>
			<id-00001>
				<name type="string">Common</name>
			</id-00001>
			<id-00002>
				<name type="string">Orc</name>
			</id-00002>
			<id-00003>
				<name type="string">Draconic</name>
			</id-00003>
		</languagelist>
		<level type="number">4</level>
		<name type="string">Trakorsh</name>
		<perception type="number">11</perception>
		<perceptionmodifier type="number">0</perceptionmodifier>
		<personalitytraits type="string">If you do me an injury, I will crush you, ruin your name, and salt your fields. Also My eloquent flattery makes everyone I talk to feel like the most wonderful and important person in the world.</personalitytraits>
		<powerdisplaymode type="string">action</powerdisplaymode>
		<powergroup>
			<id-00001>
				<atkprof type="number">1</atkprof>
				<name type="string">Channel Divinity</name>
				<saveprof type="number">1</saveprof>
				<uses type="number">3</uses>
				<usesperiod type="string">enc</usesperiod>
			</id-00001>
			<id-00002>
				<name type="string">Half Orc Racial</name>
			</id-00002>
			<id-00003>
				<name type="string">Inventory</name>
			</id-00003>
			<id-00004>
				<atkprof type="number">1</atkprof>
				<castertype type="string">memorization</castertype>
				<name type="string">Spells 1st Level</name>
				<saveprof type="number">1</saveprof>
			</id-00004>
			<id-00005>
				<atkmod type="number">0</atkmod>
				<atkprof type="number">1</atkprof>
				<name type="string">Paladin</name>
				<prepared type="number">0</prepared>
				<savemod type="number">0</savemod>
				<saveprof type="number">1</saveprof>
				<uses type="number">0</uses>
			</id-00005>
		</powergroup>
		<powermeta>
			<pactmagicslots1>
				<max type="number">0</max>
				<used type="number">0</used>
			</pactmagicslots1>
			<pactmagicslots2>
				<max type="number">0</max>
				<used type="number">0</used>
			</pactmagicslots2>
			<pactmagicslots3>
				<max type="number">0</max>
				<used type="number">0</used>
			</pactmagicslots3>
			<pactmagicslots4>
				<max type="number">0</max>
				<used type="number">0</used>
			</pactmagicslots4>
			<pactmagicslots5>
				<max type="number">0</max>
				<used type="number">0</used>
			</pactmagicslots5>
			<pactmagicslots6>
				<max type="number">0</max>
				<used type="number">0</used>
			</pactmagicslots6>
			<pactmagicslots7>
				<max type="number">0</max>
				<used type="number">0</used>
			</pactmagicslots7>
			<pactmagicslots8>
				<max type="number">0</max>
				<used type="number">0</used>
			</pactmagicslots8>
			<pactmagicslots9>
				<max type="number">0</max>
				<used type="number">0</used>
			</pactmagicslots9>
			<spellslots1>
				<max type="number">3</max>
				<used type="number">0</used>
			</spellslots1>
			<spellslots2>
				<max type="number">0</max>
				<used type="number">0</used>
			</spellslots2>
			<spellslots3>
				<max type="number">0</max>
				<used type="number">0</used>
			</spellslots3>
			<spellslots4>
				<max type="number">0</max>
				<used type="number">0</used>
			</spellslots4>
			<spellslots5>
				<max type="number">0</max>
				<used type="number">0</used>
			</spellslots5>
			<spellslots6>
				<max type="number">0</max>
				<used type="number">0</used>
			</spellslots6>
			<spellslots7>
				<max type="number">0</max>
				<used type="number">0</used>
			</spellslots7>
			<spellslots8>
				<max type="number">0</max>
				<used type="number">0</used>
			</spellslots8>
			<spellslots9>
				<max type="number">0</max>
				<used type="number">0</used>
			</spellslots9>
		</powermeta>
		<powermode type="string">combat</powermode>
		<powers>
			<id-00001>
				<actions>
					<id-00001>
						<heallist>
							<id-00001>
								<bonus type="number">0</bonus>
								<dice type="dice">d8</dice>
								<stat type="string">charisma</stat>
							</id-00001>
						</heallist>
						<order type="number">1</order>
						<type type="string">heal</type>
					</id-00001>
				</actions>
				<cast type="number">0</cast>
				<description type="formattedtext">
					<p></p>
				</description>
				<group type="string">Spells 1st Level</group>
				<level type="number">1</level>
				<locked type="number">1</locked>
				<name type="string">Cure Wounds</name>
				<prepared type="number">1</prepared>
				<ritual type="number">0</ritual>
			</id-00001>
			<id-00002>
				<actions>
					<id-00001>
						<label type="string">Savage Attacks; DMG: 1d6 slashing, critical</label>
						<order type="number">1</order>
						<targeting type="string">self</targeting>
						<type type="string">effect</type>
					</id-00001>
				</actions>
				<cast type="number">0</cast>
				<group type="string">Half Orc Racial</group>
				<level type="number">0</level>
				<name type="string">Savage Attacks</name>
				<prepared type="number">0</prepared>
			</id-00002>
			<id-00003>
				<actions>
				</actions>
				<cast type="number">0</cast>
				<group type="string">Half Orc Racial</group>
				<level type="number">0</level>
				<name type="string">Relentless Endurance</name>
				<prepared type="number">1</prepared>
				<usesperiod type="string">enc</usesperiod>
			</id-00003>
			<id-00004>
				<actions>
				</actions>
				<cast type="number">0</cast>
				<group type="string">Paladin</group>
				<level type="number">0</level>
				<name type="string">Divine Sense</name>
				<prepared type="number">3</prepared>
			</id-00004>
			<id-00005>
				<actions>
					<id-00001>
						<heallist>
							<id-00002>
								<bonus type="number">2</bonus>
								<dice type="dice">d4,d4</dice>
							</id-00002>
						</heallist>
						<order type="number">1</order>
						<type type="string">heal</type>
					</id-00001>
				</actions>
				<cast type="number">0</cast>
				<group type="string">Inventory</group>
				<level type="number">0</level>
				<name type="string">Potion of Healing</name>
				<prepared type="number">0</prepared>
			</id-00005>
			<id-00006>
				<actions>
					<id-00001>
						<apply type="string">action</apply>
						<label type="string">Flametounge Active; DMG: 2d6 fire</label>
						<order type="number">1</order>
						<targeting type="string">self</targeting>
						<type type="string">effect</type>
					</id-00001>
				</actions>
				<cast type="number">0</cast>
				<group type="string">Inventory</group>
				<level type="number">0</level>
				<name type="string">Flametounge</name>
				<prepared type="number">0</prepared>
			</id-00006>
			<id-00007>
				<actions>
					<id-00001>
						<order type="number">1</order>
						<savemagic type="number">1</savemagic>
						<savetype type="string">charisma</savetype>
						<type type="string">cast</type>
					</id-00001>
					<id-00002>
						<durmod type="number">1</durmod>
						<durunit type="string">minute</durunit>
						<label type="string">ATK: -1d4; SAVE: -1d4; (C)</label>
						<order type="number">2</order>
						<type type="string">effect</type>
					</id-00002>
				</actions>
				<cast type="number">0</cast>
				<castingtime type="string">1 action</castingtime>
				<components type="string">V, S, M (a drop of blood)</components>
				<description type="formattedtext">
					<p>Up to three creatures of your choice that you can see within range must make Charisma saving throws. Whenever a target that fails this saving throw makes an attack roll or a saving throw before the spell ends, the target must roll a d4 and subtract the number rolled from the attack roll or saving throw.</p>
					<p><b>At Higher Levels. </b>When you cast this spell using a spell slot of 2nd level or higher, you can target one additional creature for each slot level above 1st.</p>
				</description>
				<duration type="string">Concentration, up to 1 minute</duration>
				<group type="string">Spells 1st Level</group>
				<level type="number">1</level>
				<locked type="number">1</locked>
				<name type="string">(Oath) Bane</name>
				<prepared type="number">1</prepared>
				<range type="string">30 feet</range>
				<ritual type="number">0</ritual>
				<school type="string">Enchantment</school>
				<source type="string">Bard, Cleric</source>
			</id-00007>
			<id-00008>
				<actions>
					<id-00001>
						<durmod type="number">10</durmod>
						<durunit type="string">minute</durunit>
						<label type="string">IFT: TYPE(aberration, celestial, elemental, fey, fiend, undead); GRANTDISATK; IMMUNE: charmed,frightened,possessed; (C)</label>
						<order type="number">1</order>
						<type type="string">effect</type>
					</id-00001>
				</actions>
				<cast type="number">0</cast>
				<castingtime type="string">1 action</castingtime>
				<components type="string">V, S, M (holy water or powdered silver and iron, which the spell consumes)</components>
				<description type="formattedtext">
					<p>Until the spell ends, one willing creature you touch is protected against certain types of creatures: aberrations, celestials, elementals, fey, fiends, and undead.</p>
					<p>The protection grants several benefits. Creatures of those types have disadvantage on attack rolls against the target. The target also can't be charmed, frightened, or possessed by them. If the target is already charmed, frightened, or possessed by such a creature, the target has advantage on any new saving throw against the relevant effect.</p>
				</description>
				<duration type="string">Concentration up to 10 minutes</duration>
				<group type="string">Spells 1st Level</group>
				<level type="number">1</level>
				<locked type="number">1</locked>
				<name type="string">Protection from Evil and Good</name>
				<prepared type="number">1</prepared>
				<range type="string">Touch</range>
				<school type="string">Abjuration</school>
				<source type="string">Cleric, Paladin, Warlock, Wizard</source>
			</id-00008>
			<id-00009>
				<actions>
					<id-00001>
						<durmod type="number">1</durmod>
						<durunit type="string">minute</durunit>
						<label type="string">ATK: 1d4; SAVE: 1d4; (C)</label>
						<order type="number">1</order>
						<type type="string">effect</type>
					</id-00001>
				</actions>
				<cast type="number">0</cast>
				<castingtime type="string">1 action</castingtime>
				<components type="string">V, S, M (a sprinkling of holy water)</components>
				<description type="formattedtext">
					<p>You bless up to three creatures of your choice within range. Whenever a target makes an attack roll or a saving throw before the spell ends, the target can roll a d4 and add the number rolled to the attack roll or saving throw.</p>
					<p><b>At Higher Levels. </b>When you cast this spell using a spell slot of 2nd level or higher, you can target one additional creature for each slot level above 1st.</p>
				</description>
				<duration type="string">Concentration, up to 1 minute</duration>
				<group type="string">Spells 1st Level</group>
				<level type="number">1</level>
				<locked type="number">1</locked>
				<name type="string">Bless</name>
				<prepared type="number">1</prepared>
				<range type="string">30 feet</range>
				<ritual type="number">0</ritual>
				<school type="string">Enchantment</school>
				<source type="string">Cleric, Cleric Life Domain, Paladin</source>
			</id-00009>
			<id-00010>
				<actions>
					<id-00003>
						<apply type="string">action</apply>
						<durmod type="number">0</durmod>
						<label type="string">DMG: 2d8 radiant; IFT: TYPE(fiend,undead);DMG:1d8 radiant</label>
						<order type="number">1</order>
						<targeting type="string">self</targeting>
						<type type="string">effect</type>
					</id-00003>
					<id-00004>
						<apply type="string">action</apply>
						<durmod type="number">0</durmod>
						<label type="string">DMG: 3d8 radiant; IFT: TYPE(fiend,undead);DMG:1d8 radiant</label>
						<order type="number">2</order>
						<targeting type="string">self</targeting>
						<type type="string">effect</type>
					</id-00004>
				</actions>
				<cast type="number">0</cast>
				<description type="formattedtext">
					<p>Starting at 2nd level, when you hit a creature with a melee weapon attack, you can expend one spell slot to deal radiant damage to the target, in addition to the weapon's damage. The extra damage is 2d8 for a 1st-level spell slot, plus 1d8 for each spell level higher than 1st, to a maximum of 5d8. The damage increases by 1d8 if the target is an undead or a fiend.</p>
				</description>
				<group type="string">Spells 1st Level</group>
				<level type="number">1</level>
				<locked type="number">1</locked>
				<name type="string">(Base) Divine Smite</name>
				<prepared type="number">1</prepared>
				<ritual type="number">0</ritual>
				<source type="string">Paladin</source>
			</id-00010>
			<id-00011>
				<actions>
					<id-00001>
						<heallist>
							<id-00001>
								<bonus type="number">5</bonus>
								<dice type="dice"></dice>
							</id-00001>
						</heallist>
						<order type="number">1</order>
						<type type="string">heal</type>
					</id-00001>
				</actions>
				<cast type="number">0</cast>
				<description type="formattedtext">
					<p>Your blessed touch can heal wounds. You have a pool of healing power that replenishes when you take a long rest. With that pool, you can restore a total number of hit points equal to your paladin level x5. As an action, you can touch a creature and draw power from the pool to restore a number of hit points to that creature, up to the maximum amount remaining in your pool.</p>
					<p>Alternatively, you can expend 5 hit points from your pool of healing to cure the target of one disease or neutralize one poison affecting it. You can cure multiple diseases and neutralize multiple poisons with a single use of Lay on Hands, expending hit points separately for each one.</p>
					<p>This feature has no effect on undead and constructs.</p>
				</description>
				<group type="string">Paladin</group>
				<level type="number">0</level>
				<locked type="number">1</locked>
				<name type="string">Lay on Hands</name>
				<prepared type="number">3</prepared>
				<ritual type="number">0</ritual>
				<source type="string">Paladin</source>
				<usesperiod type="string">enc</usesperiod>
			</id-00011>
			<id-00012>
				<actions>
					<id-00001>
						<durmod type="number">1</durmod>
						<durunit type="string">minute</durunit>
						<label type="string">Hunter's Mark (C): MARKED</label>
						<order type="number">1</order>
						<type type="string">effect</type>
					</id-00001>
					<id-00002>
						<durmod type="number">1</durmod>
						<durunit type="string">minute</durunit>
						<label type="string">Hunter's Mark (C); DMG: 1d6</label>
						<order type="number">2</order>
						<targeting type="string">self</targeting>
						<type type="string">effect</type>
					</id-00002>
				</actions>
				<cast type="number">0</cast>
				<group type="string">Spells 1st Level</group>
				<level type="number">1</level>
				<locked type="number">1</locked>
				<name type="string">(Oath) Hunter's Mark</name>
				<prepared type="number">1</prepared>
			</id-00012>
			<id-00014>
				<actions>
					<id-00001>
						<atkprof type="number">1</atkprof>
						<order type="number">1</order>
						<savedcbase type="string">ability</savedcbase>
						<savedcprof type="number">1</savedcprof>
						<savedcstat type="string">charisma</savedcstat>
						<savemagic type="number">1</savemagic>
						<savetype type="string">wisdom</savetype>
						<type type="string">cast</type>
					</id-00001>
					<id-00002>
						<durmod type="number">1</durmod>
						<durunit type="string">minute</durunit>
						<label type="string">Frightened</label>
						<order type="number">2</order>
						<type type="string">effect</type>
					</id-00002>
				</actions>
				<cast type="number">0</cast>
				<castingtime type="string">Instant</castingtime>
				<components type="string">V, S</components>
				<description type="formattedtext">
					<p>As an action, you present your holy symbol and speak a prayer of denunciation, using your Channel Divinity. Choose one creature within 60 feet of you that you can see. That creature must make a Wisdom saving throw, unless it is immune to being frightened. Fiends and undead have disadvantage on this saving throw.On a failed save, the creature is frightened for 1 minute or until it takes any damage. While frightened, the creature's speed is 0, and it can't benefit from any bonus to its speed.</p>
					<p>On a successful save, the creature's speed is halved for 1 minute or until the creature takes any damage.</p>
				</description>
				<duration type="string">Concentration up to One Minute</duration>
				<group type="string">Channel Divinity</group>
				<level type="number">1</level>
				<locked type="number">1</locked>
				<name type="string">Abjure Enemy</name>
				<prepared type="number">0</prepared>
				<range type="string">60 ft</range>
			</id-00014>
			<id-00015>
				<actions>
					<id-00001>
						<durmod type="number">1</durmod>
						<durunit type="string">minute</durunit>
						<label type="string">Vow of Enmity; ADVATK</label>
						<order type="number">1</order>
						<targeting type="string">self</targeting>
						<type type="string">effect</type>
					</id-00001>
				</actions>
				<cast type="number">0</cast>
				<castingtime type="string">Instanteneous</castingtime>
				<components type="string">V, S</components>
				<description type="formattedtext">
					<p>As a bonus action, you can utter a vow of enmity against a creature you can see within 10 feet of you, using your Channel Divinity. You gain advantage on attack rolls against the creature for 1 minute or until it drops to 0 hit points or falls unconscious.</p>
				</description>
				<duration type="string">One Minute</duration>
				<group type="string">Channel Divinity</group>
				<level type="number">1</level>
				<locked type="number">1</locked>
				<name type="string">Vow of Enmity</name>
				<prepared type="number">0</prepared>
				<range type="string">10 ft</range>
			</id-00015>
			<id-00016>
				<actions>
					<id-00001>
						<label type="string">Heavy Armour Master; RESIST: 3 bludgeoning, piercing, slashing</label>
						<order type="number">1</order>
						<targeting type="string">self</targeting>
						<type type="string">effect</type>
					</id-00001>
				</actions>
				<cast type="number">0</cast>
				<group type="string">Inventory</group>
				<level type="number">0</level>
				<name type="string">Heavy Armour Master</name>
				<prepared type="number">0</prepared>
			</id-00016>
		</powers>
		<profbonus type="number">2</profbonus>
		<proficiencylist>
			<id-00001>
				<name type="string">Tool: Playing Cards</name>
			</id-00001>
			<id-00002>
				<name type="string">Weapon: Simple weapons, martial weapons</name>
			</id-00002>
			<id-00003>
				<name type="string">Armor: All armor, shields</name>
			</id-00003>
		</proficiencylist>
		<race type="string">Half-Orc</race>
		<racelink type="windowreference">
			<class>reference_race</class>
			<recordname>reference.racedata.half_orc@DD PHB Deluxe</recordname>
		</racelink>
		<senses type="string">Darkvision 60</senses>
		<size type="string">Medium</size>
		<skilllist>
			<id-00001>
				<misc type="number">0</misc>
				<name type="string">Perception</name>
				<prof type="number">0</prof>
				<stat type="string">wisdom</stat>
				<total type="number">1</total>
			</id-00001>
			<id-00002>
				<misc type="number">0</misc>
				<name type="string">Intimidation</name>
				<prof type="number">1</prof>
				<stat type="string">charisma</stat>
				<total type="number">4</total>
			</id-00002>
			<id-00003>
				<misc type="number">0</misc>
				<name type="string">Arcana</name>
				<prof type="number">0</prof>
				<stat type="string">intelligence</stat>
				<total type="number">0</total>
			</id-00003>
			<id-00004>
				<misc type="number">0</misc>
				<name type="string">Persuasion</name>
				<prof type="number">1</prof>
				<stat type="string">charisma</stat>
				<total type="number">4</total>
			</id-00004>
			<id-00005>
				<misc type="number">0</misc>
				<name type="string">Nature</name>
				<prof type="number">0</prof>
				<stat type="string">intelligence</stat>
				<total type="number">0</total>
			</id-00005>
			<id-00006>
				<misc type="number">0</misc>
				<name type="string">Medicine</name>
				<prof type="number">1</prof>
				<stat type="string">wisdom</stat>
				<total type="number">3</total>
			</id-00006>
			<id-00007>
				<misc type="number">0</misc>
				<name type="string">Survival</name>
				<prof type="number">0</prof>
				<stat type="string">wisdom</stat>
				<total type="number">1</total>
			</id-00007>
			<id-00008>
				<misc type="number">0</misc>
				<name type="string">Performance</name>
				<prof type="number">0</prof>
				<stat type="string">charisma</stat>
				<total type="number">2</total>
			</id-00008>
			<id-00009>
				<misc type="number">0</misc>
				<name type="string">Acrobatics</name>
				<prof type="number">0</prof>
				<stat type="string">dexterity</stat>
				<total type="number">0</total>
			</id-00009>
			<id-00010>
				<misc type="number">0</misc>
				<name type="string">Religion</name>
				<prof type="number">0</prof>
				<stat type="string">intelligence</stat>
				<total type="number">0</total>
			</id-00010>
			<id-00011>
				<misc type="number">0</misc>
				<name type="string">Athletics</name>
				<prof type="number">1</prof>
				<stat type="string">strength</stat>
				<total type="number">6</total>
			</id-00011>
			<id-00012>
				<misc type="number">0</misc>
				<name type="string">Sleight of Hand</name>
				<prof type="number">0</prof>
				<stat type="string">dexterity</stat>
				<total type="number">0</total>
			</id-00012>
			<id-00013>
				<misc type="number">0</misc>
				<name type="string">Insight</name>
				<prof type="number">0</prof>
				<stat type="string">wisdom</stat>
				<total type="number">1</total>
			</id-00013>
			<id-00014>
				<misc type="number">0</misc>
				<name type="string">Deception</name>
				<prof type="number">0</prof>
				<stat type="string">charisma</stat>
				<total type="number">2</total>
			</id-00014>
			<id-00015>
				<misc type="number">0</misc>
				<name type="string">Investigation</name>
				<prof type="number">0</prof>
				<stat type="string">intelligence</stat>
				<total type="number">0</total>
			</id-00015>
			<id-00016>
				<misc type="number">0</misc>
				<name type="string">Stealth</name>
				<prof type="number">0</prof>
				<stat type="string">dexterity</stat>
				<total type="number">0</total>
			</id-00016>
			<id-00017>
				<misc type="number">0</misc>
				<name type="string">History</name>
				<prof type="number">1</prof>
				<stat type="string">intelligence</stat>
				<total type="number">2</total>
			</id-00017>
			<id-00018>
				<misc type="number">0</misc>
				<name type="string">Animal Handling</name>
				<prof type="number">0</prof>
				<stat type="string">wisdom</stat>
				<total type="number">1</total>
			</id-00018>
		</skilllist>
		<speed>
			<armor type="number">0</armor>
			<base type="number">30</base>
			<misc type="number">0</misc>
			<temporary type="number">0</temporary>
			<total type="number">30</total>
		</speed>
		<temp>
		</temp>
		<token type="token">portrait_id-00002_token</token>
		<traitlist>
			<id-00001>
				<locked type="number">1</locked>
				<name type="string">Menacing</name>
				<source type="string">Half-Orc</source>
				<text type="formattedtext">
					<p>You gain proficiency in the Intimidation skill.</p>
				</text>
				<type type="string">racial</type>
			</id-00001>
			<id-00002>
				<locked type="number">1</locked>
				<name type="string">Relentless Endurance</name>
				<source type="string">Half-Orc</source>
				<text type="formattedtext">
					<p>When you are reduced to 0 hit points but not killed outright, you can drop to 1 hit point instead. You can't use this feature again until you finish a long rest.</p>
				</text>
				<type type="string">racial</type>
			</id-00002>
			<id-00003>
				<locked type="number">1</locked>
				<name type="string">Savage Attacks</name>
				<source type="string">Half-Orc</source>
				<text type="formattedtext">
					<p>When you score a critical hit with a melee weapon attack, you can roll one of the weapon's damage dice one additional time and add it to the extra damage of the critical hit.</p>
				</text>
				<type type="string">racial</type>
			</id-00003>
		</traitlist>
		<weaponlist>
			<id-00001>
				<attackbonus type="number">0</attackbonus>
				<carried type="number">0</carried>
				<damagelist>
					<id-00001>
						<bonus type="number">0</bonus>
						<dice type="dice">d4</dice>
						<stat type="string">base</stat>
						<type type="string">piercing</type>
					</id-00001>
				</damagelist>
				<isidentified type="number">1</isidentified>
				<maxammo type="number">0</maxammo>
				<name type="string">Dagger</name>
				<prof type="number">1</prof>
				<shortcut type="windowreference">
					<class>item</class>
					<recordname>....inventorylist.id-00003</recordname>
				</shortcut>
				<type type="number">0</type>
			</id-00001>
			<id-00002>
				<ammo type="number">0</ammo>
				<attackbonus type="number">0</attackbonus>
				<carried type="number">0</carried>
				<damagelist>
					<id-00001>
						<bonus type="number">0</bonus>
						<dice type="dice">d4</dice>
						<stat type="string">base</stat>
						<type type="string">piercing</type>
					</id-00001>
				</damagelist>
				<isidentified type="number">1</isidentified>
				<maxammo type="number">1</maxammo>
				<name type="string">Dagger</name>
				<prof type="number">1</prof>
				<shortcut type="windowreference">
					<class>item</class>
					<recordname>....inventorylist.id-00003</recordname>
				</shortcut>
				<type type="number">2</type>
			</id-00002>
			<id-00004>
				<attackbonus type="number">0</attackbonus>
				<attackstat type="string">strength</attackstat>
				<carried type="number">2</carried>
				<damagelist>
					<id-00001>
						<bonus type="number">2</bonus>
						<dice type="dice">d8</dice>
						<stat type="string">strength</stat>
						<type type="string">slashing, magic</type>
					</id-00001>
				</damagelist>
				<isidentified type="number">1</isidentified>
				<maxammo type="number">0</maxammo>
				<name type="string">Flametongue</name>
				<prof type="number">1</prof>
				<shortcut type="windowreference">
					<class>item</class>
					<recordname>....inventorylist.id-00019</recordname>
				</shortcut>
				<type type="number">0</type>
			</id-00004>
			<id-00005>
				<carried type="number">0</carried>
				<damagelist>
					<id-00001>
						<dice type="dice">d6,d6</dice>
						<stat type="string">base</stat>
						<type type="string">slashing</type>
					</id-00001>
				</damagelist>
				<isidentified type="number">1</isidentified>
				<maxammo type="number">0</maxammo>
				<name type="string">Greatsword</name>
				<prof type="number">1</prof>
				<shortcut type="windowreference">
					<class>item</class>
					<recordname>....inventorylist.id-00020</recordname>
				</shortcut>
				<type type="number">0</type>
			</id-00005>
		</weaponlist>
		<weight type="string">315 lbs</weight>
	</character>
</root>
