<?xml version="1.0" encoding="iso-8859-1"?>
<root version="3.3" release="7|CoreRPG:3">
	<character>
		<abilities>
			<charisma>
				<bonus type="number">2</bonus>
				<save type="number">2</save>
				<savemodifier type="number">0</savemodifier>
				<saveprof type="number">0</saveprof>
				<score type="number">14</score>
			</charisma>
			<constitution>
				<bonus type="number">2</bonus>
				<save type="number">2</save>
				<savemodifier type="number">0</savemodifier>
				<saveprof type="number">0</saveprof>
				<score type="number">15</score>
			</constitution>
			<dexterity>
				<bonus type="number">2</bonus>
				<save type="number">2</save>
				<savemodifier type="number">0</savemodifier>
				<saveprof type="number">0</saveprof>
				<score type="number">14</score>
			</dexterity>
			<intelligence>
				<bonus type="number">1</bonus>
				<save type="number">3</save>
				<savemodifier type="number">0</savemodifier>
				<saveprof type="number">1</saveprof>
				<score type="number">13</score>
			</intelligence>
			<strength>
				<bonus type="number">0</bonus>
				<save type="number">0</save>
				<savemodifier type="number">0</savemodifier>
				<saveprof type="number">0</saveprof>
				<score type="number">10</score>
			</strength>
			<wisdom>
				<bonus type="number">3</bonus>
				<save type="number">5</save>
				<savemodifier type="number">0</savemodifier>
				<saveprof type="number">1</saveprof>
				<score type="number">17</score>
			</wisdom>
		</abilities>
		<adventurelist>
		</adventurelist>
		<age type="string">125</age>
		<alignment type="string">Neutral</alignment>
		<background type="string">Hermit</background>
		<backgroundlink type="windowreference">
			<class>reference_background</class>
			<recordname>reference.backgrounddata.hermit@DD PHB Deluxe</recordname>
		</backgroundlink>
		<bonds type="string">I'm still seeking the enlightenment I pursued in my seclusion, and it still eludes me.</bonds>
		<classes>
			<id-00001>
				<casterlevelinvmult type="number">1</casterlevelinvmult>
				<hddie type="dice">d8</hddie>
				<hdused type="number">0</hdused>
				<level type="number">3</level>
				<name type="string">Druid</name>
				<shortcut type="windowreference">
					<class>reference_class</class>
					<recordname>reference.classdata.druid@DD PHB Deluxe</recordname>
				</shortcut>
			</id-00001>
		</classes>
		<coins>
			<slot1>
				<amount type="number">5</amount>
				<name type="string">GP</name>
			</slot1>
			<slot2>
			</slot2>
			<slot3>
			</slot3>
			<slot4>
			</slot4>
			<slot5>
			</slot5>
			<slot6>
			</slot6>
		</coins>
		<defenses>
			<ac>
				<armor type="number">1</armor>
				<misc type="number">0</misc>
				<prof type="number">1</prof>
				<shield type="number">0</shield>
				<temporary type="number">0</temporary>
				<total type="number">13</total>
			</ac>
		</defenses>
		<deity type="string">Ehlonna</deity>
		<encumbrance>
			<encumbered type="number">50</encumbered>
			<encumberedheavy type="number">100</encumberedheavy>
			<liftpushdrag type="number">300</liftpushdrag>
			<load type="number">86.5</load>
			<max type="number">150</max>
		</encumbrance>
		<featlist>
		</featlist>
		<featurelist>
			<id-00001>
				<locked type="number">1</locked>
				<name type="string">Discovery</name>
				<source type="string">Hermit</source>
				<text type="formattedtext">
					<p>The quiet seclusion of your extended hermitage gave you access to a unique and powerful discovery. The exact nature of this revelation depends on the nature of your seclusion. It might be a great truth about the cosmos, the deities, the powerful beings of the outer planes, or the forces of nature. It could be a site that no one else has ever seen. You might have uncovered a fact that has long been forgotten, or unearthed some relic of the past that could rewrite history. It might be information that would be damaging to the people w ho or consigned you to exile, and hence the reason for your return to society. Work with your DM to determine the details of your discovery and its impact on the campaign.</p>
				</text>
			</id-00001>
			<id-00002>
				<level type="number">1</level>
				<locked type="number">1</locked>
				<name type="string">Spellcasting</name>
				<source type="string">Druid</source>
				<text type="formattedtext">
					<p>Drawing on the divine essence of nature itself, you can cast spells to shape that essence to your will. See chapter 10 for the general rules of spellcasting and chapter 11 for the druid spell list.</p>
					<linklist>
						<link class="reference_colindex" recordname="reference.spelllists.druid@DD PHB Deluxe">Druid Spells</link>
					</linklist>
					<p><b>Cantrips</b></p>
					<p>At 1st level, you know two cantrips of your choice from the druid spell list. You learn additional druid cantrips of your choice at higher levels, as shown in the Cantrips Known column of the Druid table.</p>
					<p><b>Preparing and Casting Spells</b></p>
					<p>The Druid table shows how many spell slots you have to cast your spells of 1st level and higher. To cast one of these druid spells, you must expend a slot of the spell's level or higher. You regain all expended spell slots when you finish a long rest.</p>
					<p>You prepare the list of druid spells that are available for you to cast, choosing from the druid spell list. When you do so, choose a number of druid spells equal to your Wisdom modifier + your druid level (minimum of one spell). The spells must be of a level for which you have spell slots.</p>
					<p>For example, if you are, a 3rd level druid, you have four 1st-level and two 2nd-level spell slots. With a Wisdom of 16, your list of prepared spells can include six spells of 1st or 2nd level, in any combination. If you prepare the 1st-Level spell cure wounds, you can cast it using a 1st-level or 2nd-level slot. Casting the spell doesn't remove it from your list of prepared spells.</p>
					<p>You can also change your list of prepared spells when you finish a long rest. Preparing a new list of druid spells requires time spent in prayer and meditation: at least 1 minute per spell level for each spell on your list.</p>
					<p><b>Spellcasting Ability</b></p>
					<p>Wisdom is your spellcasting ability for your druid spells, since your magic draws upon your devotion and attunement to nature. You use your Wisdom whenever a spell refers to your spellcasting ability. In addition, you use your Wisdom modifier when setting the saving throw DC for a druid spell you cast and when making an attack roll with one.</p>
					<p><b>Spell Save DC </b>= 8 + your Wisdom modifier + your proficiency bonus</p>
					<p><b>Spell Attack Bonus </b>= your Wisdom modifier + your proficiency bonus</p>
					<p><b>Ritual Casting</b></p>
					<p>You can cast a druid spell as a ritual if that spell has the ritual tag and you have the spell prepared. To cast a spell as a ritual, you must add 10 minutes to the spell's casting time, as normal.</p>
					<p><b>Spellcasting Focus</b></p>
					<p>You can use a druidic focus, such as a yew wand or a sprig of mistletoe, as the material component for a druid spell, as described in chapter 10.</p>
				</text>
			</id-00002>
			<id-00003>
				<level type="number">1</level>
				<locked type="number">1</locked>
				<name type="string">Druidic</name>
				<source type="string">Druid</source>
				<text type="formattedtext">
					<p>You know Druidic, the secret language of druids. You can speak the language and use it to leave hidden messages. You and others who know this language automatically spot such a message. Others spot the message's presence with a successful DC 15 Wisdom (Perception) check but can't decipher it without magic.</p>
				</text>
			</id-00003>
			<id-00004>
				<level type="number">1</level>
				<locked type="number">1</locked>
				<name type="string">Circle of the Moon</name>
				<source type="string">Druid</source>
				<text type="formattedtext">
					<p>Druids of the Circle of the Moon are fierce guardians of the wilds. Their order gathers under the full moon to share news and trade warnings. They haunt the deepest parts of the wilderness, where they might go for weeks on end before crossing paths with another humanoid creature, let alone another druid.</p>
					<p>Changeable as the moon, a druid of this circle might prowl as a great cat one night, soar over the treetops as an eagle the next day, and crash through the undergrowth in bear form to drive off a trespassing monster. The wild is in the druid's blood.</p>
					<h>Features</h>
					<linklist>
						<link class="reference_classfeature" recordname="reference.classdata.druid.features.combatwildshape2@DD PHB Deluxe">Combat Wild Shape</link>
						<link class="reference_classfeature" recordname="reference.classdata.druid.features.circleforms2@DD PHB Deluxe">Circle Forms</link>
						<link class="reference_classfeature" recordname="reference.classdata.druid.features.primalstrike6@DD PHB Deluxe">Primal Strike</link>
						<link class="reference_classfeature" recordname="reference.classdata.druid.features.elementalwildshape10@DD PHB Deluxe">Elemental Wild Shape</link>
						<link class="reference_classfeature" recordname="reference.classdata.druid.features.thousandforms14@DD PHB Deluxe">Thousand Forms</link>
					</linklist>
				</text>
			</id-00004>
			<id-00005>
				<level type="number">2</level>
				<locked type="number">1</locked>
				<name type="string">Wild Shape</name>
				<source type="string">Druid</source>
				<text type="formattedtext">
					<p>Starting at 2nd level, you can use your action to magically assume the shape of a beast. You can use this feature twice, and you regain expended uses when you finish a short or long rest.</p>
					<p>Your druid level determines the beasts you can transform into, as shown in the Beast Shapes table. At 2nd level, for example, you can transform into any beast that has a Challenge Rating of 1/4 or lower that doesn't have a fly or swim speed.</p>
					<p><b>Beast Shapes</b></p>
					<table>
						<tr>
							<td><b>Level</b></td>
							<td><b>Max. CR</b></td>
							<td><b>Limitations</b></td>
							<td><b>Example</b></td>
						</tr>
						<tr>
							<td>2nd</td>
							<td>1/4</td>
							<td>No flying or swimming speed</td>
							<td>Wolf</td>
						</tr>
						<tr>
							<td>4th</td>
							<td>1/2</td>
							<td>No flying speed</td>
							<td>Crocodile</td>
						</tr>
						<tr>
							<td>8th</td>
							<td>1</td>
							<td>-</td>
							<td>Giant eagle</td>
						</tr>
					</table>
					<p>You can stay in a beast shape for a number of hours equal to half your druid level (rounded down). You then revert to your normal form unless you expend another use of this feature.</p>
					<p>You can revert to your normal form earlier by using a bonus action on your turn. You automatically revert to your normal form if you fall unconscious, drop to 0 hit points, or die.</p>
					<p>While you are transformed, the following rules apply:</p>
					<list>
						<li>Your game statistics are replaced by the statistics of the beast, but you retain your alignment and your Intelligence, Wisdom, and Charisma scores. You also retain all of your skill and saving throw proficiencies, in addition to gaining those of the creature. If both you and the creature have the same proficiency, use only the higher bonus.</li>
						<li>When you transform, you assume the beast's hit points. When you revert to your normal form, you return to the number of hit points you had before you transformed. If you revert as a result of dropping to 0 hit points, however, any excess damage carries over to your normal form. For example, if you take 10 damage in animal form and have only 1 hit point left, you revert to your normal form and take 9 damage.</li>
						<li>You can't cast spells, speak, or take any action that requires hands. Transforming doesn't break your concentration on a spell you've already cast, however, or prevent you from taking actions that are part of a spell you've already cast, such as call lightning.</li>
						<li>You retain the benefit of any feature from your class, race, or other source and can use them if the new form is physically capable of doing so. However, you can't use any of your special senses, such as darkvision, unless your new form also has that sense.</li>
						<li>You choose whether your equipment falls to the ground in your space, merges into your new form, or is worn by it. Worn equipment functions as normal, but the DM decides whether it is practical for the new form to wear a piece of equipment, based on the creature's shape or size. Your equipment doesn't change size or shape to match the new form, and any equipment that the new form can't wear must either fall to the ground or merge with it. Equipment that merges with the form has no effect until you leave the form.</li>
					</list>
				</text>
			</id-00005>
			<id-00006>
				<level type="number">2</level>
				<locked type="number">1</locked>
				<name type="string">Circle Forms</name>
				<source type="string">Druid</source>
				<specialization type="string">Circle of the Moon</specialization>
				<text type="formattedtext">
					<p>The rites of your circle grant you the ability to transform into more dangerous animal forms. Starting at 2nd level, you can use your Wild Shape to transform into a beast with a CR as high as 1 (you ignore the Max. CR column of the Beast Shapes table, but must abide by the other limitations there).</p>
					<p>Starting at 6th level, you can transform into a beast with a CR as high as your druid level divided by 3, rounded down.</p>
				</text>
			</id-00006>
			<id-00007>
				<level type="number">2</level>
				<locked type="number">1</locked>
				<name type="string">Combat Wild Shape</name>
				<source type="string">Druid</source>
				<specialization type="string">Circle of the Moon</specialization>
				<text type="formattedtext">
					<p>When you choose this circle at 2nd level, you gain the ability to use Wild Shape on your turn as a bonus action, rather than as an action.</p>
					<p>Additionally, while you are transformed by Wild Shape, you can use a bonus action to expend one spell slot to regain 1d8 hit points per level of the spell slot expended.</p>
				</text>
			</id-00007>
		</featurelist>
		<flaws type="string">I harbor dark, bloodthirsty thoughts that my isolation and meditation failed to quell.</flaws>
		<gender type="string">Female</gender>
		<height type="string">5' 10&#34;</height>
		<hp>
			<temporary type="number">0</temporary>
			<total type="number">24</total>
			<wounds type="number">0</wounds>
		</hp>
		<ideals type="string">Live and Let Live. Meddling in the affairs of others only causes trouble. (Neutral)</ideals>
		<initiative>
			<misc type="number">0</misc>
			<temporary type="number">0</temporary>
			<total type="number">2</total>
		</initiative>
		<inventorylist>
			<id-00001>
				<carried type="number">1</carried>
				<count type="number">1</count>
				<isidentified type="number">1</isidentified>
				<location type="string">Backpack</location>
				<name type="string">Case of Notes</name>
			</id-00001>
			<id-00002>
				<carried type="number">1</carried>
				<cost type="string">5 sp</cost>
				<count type="number">1</count>
				<isidentified type="number">1</isidentified>
				<location type="string">Backpack</location>
				<locked type="number">1</locked>
				<name type="string">Blanket</name>
				<subtype type="string">Standard</subtype>
				<type type="string">Adventuring Gear</type>
				<weight type="number">3</weight>
			</id-00002>
			<id-00003>
				<carried type="number">1</carried>
				<cost type="string">5 sp</cost>
				<count type="number">1</count>
				<isidentified type="number">1</isidentified>
				<locked type="number">1</locked>
				<name type="string">Clothes, Common</name>
				<subtype type="string">Standard</subtype>
				<type type="string">Adventuring Gear</type>
				<weight type="number">3</weight>
			</id-00003>
			<id-00004>
				<carried type="number">1</carried>
				<cost type="string">5 gp</cost>
				<count type="number">1</count>
				<description type="formattedtext">
					<p>This kit contains a variety of instruments such as clippers, mortar and pestle, and pouches and vials used by herbalists to create remedies and potions. Proficiency with this kit lets you add your proficiency bonus to any ability checks you make to identify or apply herbs. Also, proficiency with this kit is required to create antitoxin and potions of healing.</p>
				</description>
				<isidentified type="number">1</isidentified>
				<location type="string">Backpack</location>
				<locked type="number">1</locked>
				<name type="string">Herbalism Kit</name>
				<subtype type="string">Kits / Sets</subtype>
				<type type="string">Tools</type>
				<weight type="number">3</weight>
			</id-00004>
			<id-00005>
				<carried type="number">2</carried>
				<cost type="string">2 sp</cost>
				<count type="number">1</count>
				<damage type="string">1d6 bludgeoning</damage>
				<isidentified type="number">1</isidentified>
				<locked type="number">1</locked>
				<name type="string">Quarterstaff</name>
				<properties type="string">Versatile (1d8)</properties>
				<subtype type="string">Simple Melee Weapons</subtype>
				<type type="string">Weapon</type>
				<weight type="number">4</weight>
			</id-00005>
			<id-00006>
				<carried type="number">2</carried>
				<cost type="string">1 sp</cost>
				<count type="number">1</count>
				<damage type="string">1d4 bludgeoning</damage>
				<isidentified type="number">1</isidentified>
				<locked type="number">1</locked>
				<name type="string">Sling</name>
				<properties type="string">Ammunition (range 30/120)</properties>
				<subtype type="string">Simple Ranged Weapons</subtype>
				<type type="string">Weapon</type>
				<weight type="number">0</weight>
			</id-00006>
			<id-00007>
				<ac type="number">11</ac>
				<carried type="number">2</carried>
				<cost type="string">10 gp</cost>
				<count type="number">1</count>
				<description type="formattedtext">
					<p>Made from supple and thin materials, light armor favors agile adventurers since it offers some protection without sacrificing mobility. If you wear light armor, you add your Dexterity modifier to the base number from your armor type to determine your Armor Class.</p>
					<p>The breastplate and shoulder protectors of this armor are made of leather that has been stiffened by being boiled in oil. The rest of the armor is made of softer and more flexible materials.</p>
				</description>
				<dexbonus type="string">Yes</dexbonus>
				<isidentified type="number">1</isidentified>
				<locked type="number">1</locked>
				<name type="string">Leather</name>
				<stealth type="string">-</stealth>
				<strength type="string">-</strength>
				<subtype type="string">Light Armor</subtype>
				<type type="string">Armor</type>
				<weight type="number">10</weight>
			</id-00007>
			<id-00008>
				<carried type="number">1</carried>
				<cost type="string">1 gp</cost>
				<count type="number">1</count>
				<isidentified type="number">1</isidentified>
				<location type="string">Backpack</location>
				<locked type="number">1</locked>
				<name type="string">Bedroll</name>
				<subtype type="string">Standard</subtype>
				<type type="string">Adventuring Gear</type>
				<weight type="number">7</weight>
			</id-00008>
			<id-00009>
				<carried type="number">1</carried>
				<cost type="string">5 sp</cost>
				<count type="number">10</count>
				<description type="formattedtext">
					<p>Rations consist of dry foods suitable for extended travel, including jerky, dried fruit, hardtack, and nuts.</p>
				</description>
				<isidentified type="number">1</isidentified>
				<location type="string">Backpack</location>
				<locked type="number">1</locked>
				<name type="string">Rations (1 Day)</name>
				<subtype type="string">Standard</subtype>
				<type type="string">Adventuring Gear</type>
				<weight type="number">2</weight>
			</id-00009>
			<id-00010>
				<carried type="number">1</carried>
				<cost type="string">1 cp</cost>
				<count type="number">10</count>
				<description type="formattedtext">
					<p>A torch burns for 1 hour, providing bright light in a 20-foot radius and dim light for an additional 20 feet. If you make a melee attack with a burning torch and hit, it deals 1 fire damage.</p>
				</description>
				<isidentified type="number">1</isidentified>
				<location type="string">Backpack</location>
				<locked type="number">1</locked>
				<name type="string">Torch</name>
				<subtype type="string">Standard</subtype>
				<type type="string">Adventuring Gear</type>
				<weight type="number">1</weight>
			</id-00010>
			<id-00011>
				<carried type="number">1</carried>
				<cost type="string">5 sp</cost>
				<count type="number">1</count>
				<description type="formattedtext">
					<p>This small container holds flint, fire steel, and tinder (usually dry cloth soaked in light oil) used to kindle a fire. Using it to light a torch-or anything else with abundant, exposed fuel-takes an action. Lighting any other fire takes 1 minute.</p>
				</description>
				<isidentified type="number">1</isidentified>
				<location type="string">Backpack</location>
				<locked type="number">1</locked>
				<name type="string">Tinderbox</name>
				<subtype type="string">Standard</subtype>
				<type type="string">Adventuring Gear</type>
				<weight type="number">1</weight>
			</id-00011>
			<id-00012>
				<carried type="number">1</carried>
				<cost type="string">2 sp</cost>
				<count type="number">1</count>
				<isidentified type="number">1</isidentified>
				<location type="string">Backpack</location>
				<locked type="number">1</locked>
				<name type="string">Waterskin</name>
				<subtype type="string">Standard</subtype>
				<type type="string">Adventuring Gear</type>
				<weight type="number">5</weight>
			</id-00012>
			<id-00013>
				<carried type="number">1</carried>
				<cost type="string">2 sp</cost>
				<count type="number">1</count>
				<description type="formattedtext">
					<p>This tin box contains a cup and simple cutlery. The box clamps together, and one side can be used as a cooking pan and the other as a plate or shallow bowl.</p>
				</description>
				<isidentified type="number">1</isidentified>
				<location type="string">Backpack</location>
				<locked type="number">1</locked>
				<name type="string">Mess Kit</name>
				<subtype type="string">Equipment Kits</subtype>
				<type type="string">Adventuring Gear</type>
				<weight type="number">1</weight>
			</id-00013>
			<id-00014>
				<carried type="number">1</carried>
				<cost type="string">1 gp</cost>
				<count type="number">1</count>
				<isidentified type="number">1</isidentified>
				<location type="string">Backpack</location>
				<locked type="number">1</locked>
				<name type="string">Rope, Hempen (50 Feet)</name>
				<subtype type="string">Standard</subtype>
				<type type="string">Adventuring Gear</type>
				<weight type="number">10</weight>
			</id-00014>
			<id-00015>
				<carried type="number">1</carried>
				<cost type="string">2 gp</cost>
				<count type="number">1</count>
				<isidentified type="number">1</isidentified>
				<locked type="number">1</locked>
				<name type="string">Backpack</name>
				<subtype type="string">Standard</subtype>
				<type type="string">Adventuring Gear</type>
				<weight type="number">5</weight>
			</id-00015>
			<id-00016>
				<carried type="number">1</carried>
				<cost type="string">5 gp</cost>
				<count type="number">1</count>
				<description type="formattedtext">
					<p>This kit is a leather pouch containing bandages, salves, and splints. The kit has ten uses. As an action, you can expend one use of the kit to stabilize a creature that has 0 hit points, without needing to make a Wisdom (Medicine) check.</p>
				</description>
				<isidentified type="number">1</isidentified>
				<location type="string">Backpack</location>
				<locked type="number">1</locked>
				<name type="string">Healer's Kit</name>
				<subtype type="string">Equipment Kits</subtype>
				<type type="string">Adventuring Gear</type>
				<weight type="number">3</weight>
			</id-00016>
			<id-00017>
				<carried type="number">1</carried>
				<cost type="string">4 cp</cost>
				<count type="number">1</count>
				<description type="formattedtext">
					<p></p>
				</description>
				<isidentified type="number">1</isidentified>
				<locked type="number">1</locked>
				<name type="string">Sling Bullets (20)</name>
				<subtype type="string">Ammunition</subtype>
				<type type="string">Adventuring Gear</type>
				<weight type="number">1.5</weight>
			</id-00017>
		</inventorylist>
		<languagelist>
			<id-00001>
				<name type="string">Common </name>
			</id-00001>
			<id-00002>
				<name type="string">Elvish</name>
			</id-00002>
			<id-00003>
				<name type="string">Dwarvish</name>
			</id-00003>
		</languagelist>
		<level type="number">3</level>
		<name type="string">Wood Elf (Moon Druid)</name>
		<perception type="number">15</perception>
		<perceptionmodifier type="number">0</perceptionmodifier>
		<personalitytraits type="string">I feel tremendous empathy for all who suffer.\n\nI've been isolated for so long that I rarely speak, preferring gestures and the occasional grunt.</personalitytraits>
		<powergroup>
			<id-00001>
				<atkprof type="number">1</atkprof>
				<castertype type="string">memorization</castertype>
				<name type="string">Spells</name>
				<prepared type="number">1</prepared>
				<saveprof type="number">1</saveprof>
				<stat type="string">wisdom</stat>
			</id-00001>
			<id-00002>
				<atkprof type="number">1</atkprof>
				<name type="string">Healing Kit</name>
				<saveprof type="number">1</saveprof>
				<uses type="number">10</uses>
				<usesperiod type="string">once</usesperiod>
			</id-00002>
			<id-00003>
				<atkprof type="number">1</atkprof>
				<name type="string">Wild Shape (Bonus Action)</name>
				<saveprof type="number">1</saveprof>
				<uses type="number">6</uses>
				<usesperiod type="string">enc</usesperiod>
			</id-00003>
			<id-00004>
				<atkprof type="number">1</atkprof>
				<name type="string">Druid</name>
				<saveprof type="number">1</saveprof>
				<usesperiod type="string">enc</usesperiod>
			</id-00004>
		</powergroup>
		<powermeta>
			<pactmagicslots1>
			</pactmagicslots1>
			<pactmagicslots2>
			</pactmagicslots2>
			<pactmagicslots3>
			</pactmagicslots3>
			<pactmagicslots4>
			</pactmagicslots4>
			<pactmagicslots5>
			</pactmagicslots5>
			<pactmagicslots6>
			</pactmagicslots6>
			<pactmagicslots7>
			</pactmagicslots7>
			<pactmagicslots8>
			</pactmagicslots8>
			<pactmagicslots9>
			</pactmagicslots9>
			<spellslots1>
				<max type="number">4</max>
			</spellslots1>
			<spellslots2>
				<max type="number">2</max>
				<used type="number">0</used>
			</spellslots2>
			<spellslots3>
			</spellslots3>
			<spellslots4>
			</spellslots4>
			<spellslots5>
			</spellslots5>
			<spellslots6>
			</spellslots6>
			<spellslots7>
			</spellslots7>
			<spellslots8>
			</spellslots8>
			<spellslots9>
			</spellslots9>
		</powermeta>
		<powermode type="string">combat</powermode>
		<powers>
			<id-00001>
				<actions>
					<id-00001>
						<durmod type="number">1</durmod>
						<durunit type="string">day</durunit>
						<label type="string">STABILIZED</label>
						<order type="number">1</order>
						<type type="string">effect</type>
					</id-00001>
				</actions>
				<cast type="number">0</cast>
				<group type="string">Healing Kit</group>
				<name type="string">Stabilize</name>
			</id-00001>
			<id-00002>
				<actions>
					<id-00001>
						<durmod type="number">1</durmod>
						<durunit type="string">minute</durunit>
						<label type="string">Magical Staff</label>
						<order type="number">1</order>
						<targeting type="string">self</targeting>
						<type type="string">effect</type>
					</id-00001>
				</actions>
				<cast type="number">0</cast>
				<castingtime type="string">1 bonus action</castingtime>
				<components type="string">V, S, M (mistletoe, a shamrock leaf, and a club or quarterstaff)</components>
				<description type="formattedtext">
					<p>The wood of a club or quarterstaff you are holding is imbued with nature's power. For the duration, you can use your spellcasting ability instead of Strength for the attack and damage rolls of melee attacks using that weapon, and the weapon's damage die becomes a d8. The weapon also becomes magical, if it isn't already. The spell ends if you cast it again or if you let go of the weapon.</p>
				</description>
				<duration type="string">1 minute</duration>
				<group type="string">Spells</group>
				<level type="number">0</level>
				<locked type="number">1</locked>
				<name type="string">Shillelagh</name>
				<prepared type="number">0</prepared>
				<range type="string">Touch</range>
				<school type="string">Transmutation</school>
				<source type="string">Druid</source>
			</id-00002>
			<id-00003>
				<actions>
				</actions>
				<cast type="number">0</cast>
				<castingtime type="string">1 action</castingtime>
				<components type="string">V, S</components>
				<description type="formattedtext">
					<p>You touch one willing creature. Once before the spell ends, the target can roll a d4 and add the number rolled to one ability check of its choice. It can roll the die before or after making the ability check. The spell then ends.</p>
				</description>
				<duration type="string">Concentration, up to 1 minute</duration>
				<group type="string">Spells</group>
				<level type="number">0</level>
				<locked type="number">1</locked>
				<name type="string">Guidance</name>
				<prepared type="number">0</prepared>
				<range type="string">Touch</range>
				<ritual type="number">0</ritual>
				<school type="string">Divination</school>
				<source type="string">Cleric, Druid</source>
			</id-00003>
			<id-00004>
				<actions>
					<id-00001>
						<durmod type="number">1</durmod>
						<durunit type="string">hour</durunit>
						<label type="string">Pass Without Trace</label>
						<order type="number">1</order>
						<type type="string">effect</type>
					</id-00001>
				</actions>
				<cast type="number">0</cast>
				<castingtime type="string">1 action</castingtime>
				<components type="string">V, S, M (ashes from a burned leaf of mistletoe and a sprig of spruce)</components>
				<description type="formattedtext">
					<p>A veil of shadows and silence radiates from you, masking you and your companions from detection. For the duration, each creature you choose within 30 feet of you (including you) has a +10 bonus to Dexterity (Stealth) checks and can't be tracked except by magical means. A creature that receives this bonus leaves behind no tracks or other traces of its passage.</p>
				</description>
				<duration type="string">Concentration, up to 1 hour</duration>
				<group type="string">Spells</group>
				<level type="number">2</level>
				<locked type="number">1</locked>
				<name type="string">Pass without Trace</name>
				<prepared type="number">1</prepared>
				<range type="string">Self</range>
				<ritual type="number">0</ritual>
				<school type="string">Abjuration</school>
				<source type="string">Cleric Trickery Domain, Druid, Druid Grassland Circle, Monk, Ranger</source>
			</id-00004>
			<id-00008>
				<actions>
					<id-00001>
						<heallist>
							<id-00001>
								<dice type="dice">d8</dice>
								<stat type="string">base</stat>
							</id-00001>
						</heallist>
						<order type="number">1</order>
						<type type="string">heal</type>
					</id-00001>
				</actions>
				<cast type="number">0</cast>
				<castingtime type="string">1 action</castingtime>
				<components type="string">V, S</components>
				<description type="formattedtext">
					<p>A creature you touch regains a number of hit points equal to 1d8 + your spellcasting ability modifier. This spell has no effect on undead or constructs.</p>
					<p><b>At Higher Levels. </b>When you cast this spell using a spell slot of 2nd level or higher, the healing increases by 1d8 for each slot level above 1st.</p>
				</description>
				<duration type="string">Instantaneous</duration>
				<group type="string">Spells</group>
				<level type="number">1</level>
				<locked type="number">1</locked>
				<name type="string">Cure Wounds</name>
				<prepared type="number">1</prepared>
				<range type="string">Touch</range>
				<school type="string">Evocation</school>
				<source type="string">Bard, Cleric, Cleric Life Domain, Druid, Paladin, Ranger</source>
			</id-00008>
			<id-00009>
				<actions>
					<id-00001>
						<order type="number">1</order>
						<savetype type="string">dexterity</savetype>
						<type type="string">cast</type>
					</id-00001>
				</actions>
				<cast type="number">0</cast>
				<castingtime type="string">1 action</castingtime>
				<components type="string">V</components>
				<description type="formattedtext">
					<p>Each object in a 20-foot cube within range is outlined in blue, green, or violet light (your choice). Any creature in the area when the spell is cast is also outlined in light if it fails a Dexterity saving throw. For the duration, objects and affected creatures shed dim light in a 10-foot radius. Any attack roll against an affected creature or object has advantage if the attacker can see it, and the affected creature or object can't benefit from being invisible.</p>
				</description>
				<duration type="string">Concentration, up to 1 minute</duration>
				<group type="string">Spells</group>
				<level type="number">1</level>
				<locked type="number">1</locked>
				<name type="string">Faerie Fire</name>
				<prepared type="number">1</prepared>
				<range type="string">60 feet</range>
				<ritual type="number">0</ritual>
				<school type="string">Evocation</school>
				<source type="string">Bard, Cleric Light Domain, Druid, Warlock (Archfey)</source>
			</id-00009>
			<id-00010>
				<actions>
				</actions>
				<cast type="number">0</cast>
				<castingtime type="string">1 action</castingtime>
				<components type="string">V, S, M (a sprig of mistletoe)</components>
				<description type="formattedtext">
					<p>Up to ten berries appear in your hand and are infused with magic for the duration. A creature can use its action to eat one berry. Eating a berry restores 1 hit point, and the berry provides enough nourishment to sustain a creature for one day.</p>
					<p>The berries lose their potency if they have not been consumed within 24 hours of the casting of this spell.</p>
				</description>
				<duration type="string">Instantaneous</duration>
				<group type="string">Spells</group>
				<level type="number">1</level>
				<locked type="number">1</locked>
				<name type="string">Goodberry</name>
				<prepared type="number">1</prepared>
				<range type="string">Touch</range>
				<school type="string">Transmutation</school>
				<source type="string">Druid, Ranger</source>
			</id-00010>
			<id-00011>
				<actions>
					<id-00001>
						<onmissdamage type="string">half</onmissdamage>
						<order type="number">1</order>
						<savetype type="string">constitution</savetype>
						<type type="string">cast</type>
					</id-00001>
					<id-00002>
						<damagelist>
							<id-00001>
								<dice type="dice">d8,d8</dice>
								<type type="string">thunder</type>
							</id-00001>
						</damagelist>
						<order type="number">2</order>
						<type type="string">damage</type>
					</id-00002>
				</actions>
				<cast type="number">0</cast>
				<castingtime type="string">1 action</castingtime>
				<components type="string">V, S</components>
				<description type="formattedtext">
					<p>A wave of thunderous force sweeps out from you. Each creature in a 15-foot cube originating from you must make a Constitution saving throw. On a failed save, a creature takes 2d8 thunder damage and is pushed 10 feet away from you. On a successful save, the creature takes half as much damage and isn't pushed.</p>
					<p>In addition, unsecured objects that are completely within the area of effect are automatically pushed 10 feet away from you by the spell's effect, and the spell emits a thunderous boom audible out to 300 feet.</p>
					<p><b>At Higher Levels. </b>When you cast this spell using a spell slot of 2nd level or higher, the damage increases by 1d8 for each slot level above 1st.</p>
				</description>
				<duration type="string">Instantaneous</duration>
				<group type="string">Spells</group>
				<level type="number">1</level>
				<locked type="number">1</locked>
				<name type="string">Thunderwave</name>
				<prepared type="number">1</prepared>
				<range type="string">Self (15-foot cube)</range>
				<ritual type="number">0</ritual>
				<school type="string">Evocation</school>
				<source type="string">Bard, Cleric Tempest Domain, Druid, Eldritch Knight, Monk, Sorcerer, Wizard, Arcane Trickster</source>
			</id-00011>
			<id-00012>
				<actions>
					<id-00001>
						<order type="number">1</order>
						<savetype type="string">wisdom</savetype>
						<type type="string">cast</type>
					</id-00001>
					<id-00002>
						<durmod type="number">24</durmod>
						<durunit type="string">hour</durunit>
						<label type="string">Charmed</label>
						<order type="number">2</order>
						<type type="string">effect</type>
					</id-00002>
				</actions>
				<cast type="number">0</cast>
				<castingtime type="string">1 action</castingtime>
				<components type="string">V, S, M (a morsel of food)</components>
				<description type="formattedtext">
					<p>This spell lets you convince a beast that you mean it no harm. Choose a beast that you can see within range. It must see and hear you. If the beast's Intelligence is 4 or higher, the spell fails. Otherwise, the beast must succeed on a Wisdom saving throw or be charmed by you for the spell's duration. If you or one of your companions harms the target, the spells ends.</p>
					<p><b>At Higher Levels. </b>When you cast this spell using a spell slot of 2nd level or higher, you can affect one additional beast for each slot level above 1st.</p>
				</description>
				<duration type="string">24 hours</duration>
				<group type="string">Spells</group>
				<level type="number">1</level>
				<locked type="number">1</locked>
				<name type="string">Animal Friendship</name>
				<prepared type="number">1</prepared>
				<range type="string">30 feet</range>
				<ritual type="number">0</ritual>
				<school type="string">Enchantment</school>
				<source type="string">Bard, Cleric Nature Domain, Druid, Ranger</source>
			</id-00012>
			<id-00014>
				<actions>
					<id-00003>
						<heallist>
							<id-00001>
								<dice type="dice">d8</dice>
							</id-00001>
						</heallist>
						<healtargeting type="string">self</healtargeting>
						<order type="number">1</order>
						<type type="string">heal</type>
					</id-00003>
					<id-00004>
						<heallist>
							<id-00001>
								<dice type="dice">d8,d8</dice>
							</id-00001>
						</heallist>
						<healtargeting type="string">self</healtargeting>
						<order type="number">2</order>
						<type type="string">heal</type>
					</id-00004>
				</actions>
				<group type="string">Druid</group>
				<name type="string">Wild Shape (Bonus Action Heal)</name>
				<prepared type="number">6</prepared>
				<usesperiod type="string">enc</usesperiod>
			</id-00014>
			<id-00015>
				<actions>
				</actions>
				<cast type="number">0</cast>
				<duration type="string">2 Hours</duration>
				<group type="string">Druid</group>
				<name type="string">Wild Shape</name>
				<prepared type="number">2</prepared>
				<usesperiod type="string">enc</usesperiod>
			</id-00015>
		</powers>
		<profbonus type="number">2</profbonus>
		<proficiencylist>
			<id-00002>
				<name type="string">Weapon: Clubs, daggers, darts, javelins, maces, quarterstaffs, scimitars, sickles, slings, spears, shortswords, longswords, shortbow, longbow.</name>
			</id-00002>
			<id-00003>
				<name type="string">Tool: Herbalism kit, Healing Kit.</name>
			</id-00003>
			<id-00004>
				<name type="string">Armor: light armor, medium armor, shields (druids will not wear armor or use shields made of metal)</name>
			</id-00004>
		</proficiencylist>
		<race type="string">Wood Elf</race>
		<racelink type="windowreference">
			<class>reference_race</class>
			<recordname>reference.racedata.elf@DD PHB Deluxe</recordname>
		</racelink>
		<senses type="string">Darkvision 60</senses>
		<size type="string">Medium</size>
		<skilllist>
			<id-00001>
				<name type="string">Perception</name>
				<prof type="number">1</prof>
				<stat type="string">wisdom</stat>
				<total type="number">5</total>
			</id-00001>
			<id-00002>
				<name type="string">Medicine</name>
				<prof type="number">1</prof>
				<stat type="string">wisdom</stat>
				<total type="number">5</total>
			</id-00002>
			<id-00003>
				<name type="string">Religion</name>
				<prof type="number">1</prof>
				<stat type="string">intelligence</stat>
				<total type="number">3</total>
			</id-00003>
			<id-00004>
				<name type="string">Arcana</name>
				<stat type="string">intelligence</stat>
				<total type="number">1</total>
			</id-00004>
			<id-00005>
				<name type="string">Persuasion</name>
				<stat type="string">charisma</stat>
				<total type="number">2</total>
			</id-00005>
			<id-00006>
				<name type="string">Nature</name>
				<prof type="number">1</prof>
				<stat type="string">intelligence</stat>
				<total type="number">3</total>
			</id-00006>
			<id-00007>
				<name type="string">Survival</name>
				<stat type="string">wisdom</stat>
				<total type="number">3</total>
			</id-00007>
			<id-00008>
				<name type="string">Performance</name>
				<stat type="string">charisma</stat>
				<total type="number">2</total>
			</id-00008>
			<id-00009>
				<name type="string">Acrobatics</name>
				<stat type="string">dexterity</stat>
				<total type="number">2</total>
			</id-00009>
			<id-00010>
				<name type="string">Athletics</name>
				<stat type="string">strength</stat>
			</id-00010>
			<id-00011>
				<name type="string">Sleight of Hand</name>
				<stat type="string">dexterity</stat>
				<total type="number">2</total>
			</id-00011>
			<id-00012>
				<name type="string">Insight</name>
				<stat type="string">wisdom</stat>
				<total type="number">3</total>
			</id-00012>
			<id-00013>
				<name type="string">Intimidation</name>
				<stat type="string">charisma</stat>
				<total type="number">2</total>
			</id-00013>
			<id-00014>
				<name type="string">Deception</name>
				<stat type="string">charisma</stat>
				<total type="number">2</total>
			</id-00014>
			<id-00015>
				<name type="string">Investigation</name>
				<stat type="string">intelligence</stat>
				<total type="number">1</total>
			</id-00015>
			<id-00016>
				<name type="string">Stealth</name>
				<stat type="string">dexterity</stat>
				<total type="number">2</total>
			</id-00016>
			<id-00017>
				<name type="string">History</name>
				<stat type="string">intelligence</stat>
				<total type="number">1</total>
			</id-00017>
			<id-00018>
				<name type="string">Animal Handling</name>
				<prof type="number">1</prof>
				<stat type="string">wisdom</stat>
				<total type="number">5</total>
			</id-00018>
		</skilllist>
		<speed>
			<armor type="number">0</armor>
			<base type="number">35</base>
			<misc type="number">0</misc>
			<temporary type="number">0</temporary>
			<total type="number">35</total>
		</speed>
		<temp>
		</temp>
		<token type="token"></token>
		<traitlist>
			<id-00001>
				<locked type="number">1</locked>
				<name type="string">Trance</name>
				<source type="string">Elf</source>
				<text type="formattedtext">
					<p>Elves don't need to sleep. Instead, they meditate deeply, remaining semiconscious, for 4 hours a day. (The Common word for such meditation is &#34;trance.&#34;) While meditating, you can dream after a fashion; such dreams are actually mental exercises that have become reflexive through years of practice. After resting in this way, you gain the same benefit that a human does from 8 hours of sleep.</p>
				</text>
				<type type="string">racial</type>
			</id-00001>
			<id-00002>
				<locked type="number">1</locked>
				<name type="string">Keen Senses</name>
				<source type="string">Elf</source>
				<text type="formattedtext">
					<p>You have proficiency in the Perception skill.</p>
				</text>
				<type type="string">racial</type>
			</id-00002>
			<id-00003>
				<locked type="number">1</locked>
				<name type="string">Fey Ancestry</name>
				<source type="string">Elf</source>
				<text type="formattedtext">
					<p>You have advantage on saving throws against being charmed, and magic can't put you to sleep.</p>
				</text>
				<type type="string">racial</type>
			</id-00003>
			<id-00004>
				<locked type="number">1</locked>
				<name type="string">Mask of the Wild</name>
				<source type="string">Wood Elf</source>
				<text type="formattedtext">
					<p>You can attempt to hide even when you are only lightly obscured by foliage, heavy rain, falling snow, mist, and other natural phenomena.</p>
				</text>
				<type type="string">subracial</type>
			</id-00004>
			<id-00005>
				<locked type="number">1</locked>
				<name type="string">Elf Weapon Training</name>
				<source type="string">Wood Elf</source>
				<text type="formattedtext">
					<p>You have proficiency with the longsword, shortsword, shortbow, and longbow.</p>
				</text>
				<type type="string">subracial</type>
			</id-00005>
		</traitlist>
		<weaponlist>
			<id-00001>
				<carried type="number">2</carried>
				<damagelist>
					<id-00001>
						<dice type="dice">d6</dice>
						<stat type="string">base</stat>
						<type type="string">bludgeoning</type>
					</id-00001>
				</damagelist>
				<isidentified type="number">1</isidentified>
				<maxammo type="number">0</maxammo>
				<name type="string">Quarterstaff</name>
				<prof type="number">1</prof>
				<shortcut type="windowreference">
					<class>item</class>
					<recordname>....inventorylist.id-00005</recordname>
				</shortcut>
				<type type="number">0</type>
			</id-00001>
			<id-00002>
				<carried type="number">2</carried>
				<damagelist>
					<id-00001>
						<dice type="dice">d4</dice>
						<stat type="string">base</stat>
						<type type="string">bludgeoning</type>
					</id-00001>
				</damagelist>
				<isidentified type="number">1</isidentified>
				<maxammo type="number">20</maxammo>
				<name type="string">Sling</name>
				<prof type="number">1</prof>
				<shortcut type="windowreference">
					<class>item</class>
					<recordname>....inventorylist.id-00006</recordname>
				</shortcut>
				<type type="number">1</type>
			</id-00002>
			<id-00003>
				<carried type="number">2</carried>
				<damagelist>
					<id-00001>
						<dice type="dice">d8</dice>
						<stat type="string">base</stat>
						<type type="string">bludgeoning</type>
					</id-00001>
				</damagelist>
				<name type="string">Quarterstaff (2H)</name>
				<prof type="number">1</prof>
			</id-00003>
			<id-00004>
				<attackstat type="string">wisdom</attackstat>
				<carried type="number">0</carried>
				<damagelist>
					<id-00001>
						<dice type="dice">d8</dice>
						<stat type="string">wisdom</stat>
						<type type="string">radiant</type>
					</id-00001>
				</damagelist>
				<name type="string">Quarterstaff (Shillelagh)</name>
				<prof type="number">1</prof>
			</id-00004>
			<id-00005>
				<attackstat type="string">wisdom</attackstat>
				<carried type="number">0</carried>
				<damagelist>
					<id-00002>
						<dice type="dice">d10</dice>
						<stat type="string">wisdom</stat>
						<type type="string">radiant</type>
					</id-00002>
				</damagelist>
				<name type="string">Quarterstaff (2H Shillelagh)</name>
				<prof type="number">1</prof>
			</id-00005>
		</weaponlist>
		<weight type="string">100 lbs</weight>
	</character>
</root>
