<?xml version="1.0" encoding="iso-8859-1"?>
<root version="3.3" release="8|CoreRPG:3">
	<character>
		<abilities>
			<charisma>
				<bonus type="number">2</bonus>
				<save type="number">4</save>
				<savemodifier type="number">0</savemodifier>
				<saveprof type="number">1</saveprof>
				<score type="number">15</score>
			</charisma>
			<constitution>
				<bonus type="number">2</bonus>
				<save type="number">2</save>
				<savemodifier type="number">0</savemodifier>
				<saveprof type="number">0</saveprof>
				<score type="number">14</score>
			</constitution>
			<dexterity>
				<bonus type="number">0</bonus>
				<save type="number">0</save>
				<savemodifier type="number">0</savemodifier>
				<saveprof type="number">0</saveprof>
				<score type="number">10</score>
			</dexterity>
			<intelligence>
				<bonus type="number">-1</bonus>
				<save type="number">-1</save>
				<savemodifier type="number">0</savemodifier>
				<saveprof type="number">0</saveprof>
				<score type="number">8</score>
			</intelligence>
			<strength>
				<bonus type="number">2</bonus>
				<save type="number">2</save>
				<savemodifier type="number">0</savemodifier>
				<saveprof type="number">0</saveprof>
				<score type="number">15</score>
			</strength>
			<wisdom>
				<bonus type="number">1</bonus>
				<save type="number">3</save>
				<savemodifier type="number">0</savemodifier>
				<saveprof type="number">1</saveprof>
				<score type="number">13</score>
			</wisdom>
		</abilities>
		<adventurelist>
		</adventurelist>
		<age type="string">74</age>
		<background type="string">Far Traveler</background>
		<backgroundlink type="windowreference">
			<class>reference_background</class>
			<recordname>reference.backgrounddata.fartraveler@D&#38;D Sword Coast Adventurer's Guide - Player's Guide</recordname>
		</backgroundlink>
		<bonds type="string">So long as I have this token from my homeland, I can face any adversity in this strange land.</bonds>
		<classes>
			<id-00001>
				<casterlevelinvmult type="number">2</casterlevelinvmult>
				<casterpactmagic type="number">0</casterpactmagic>
				<hddie type="dice">d10</hddie>
				<hdused type="number">0</hdused>
				<level type="number">3</level>
				<name type="string">Paladin</name>
				<shortcut type="windowreference">
					<class>reference_class</class>
					<recordname>reference.classdata.paladin@D&#38;D Sword Coast Adventurer's Guide - Player's Guide</recordname>
				</shortcut>
			</id-00001>
		</classes>
		<coins>
			<slot1>
				<amount type="number">23</amount>
				<name type="string">GP</name>
			</slot1>
			<slot2>
				<amount type="number">12</amount>
				<name type="string">SP</name>
			</slot2>
			<slot3>
				<amount type="number">11</amount>
				<name type="string">CP</name>
			</slot3>
			<slot4>
				<amount type="number">0</amount>
				<name type="string">PP</name>
			</slot4>
			<slot5>
				<amount type="number">0</amount>
				<name type="string">EP</name>
			</slot5>
			<slot6>
				<amount type="number">0</amount>
			</slot6>
		</coins>
		<defenses>
			<ac>
				<armor type="number">6</armor>
				<dexbonus type="string">no</dexbonus>
				<disstealth type="number">1</disstealth>
				<misc type="number">0</misc>
				<prof type="number">1</prof>
				<shield type="number">2</shield>
				<temporary type="number">0</temporary>
				<total type="number">18</total>
			</ac>
		</defenses>
		<encumbrance>
			<encumbered type="number">75</encumbered>
			<encumberedheavy type="number">150</encumberedheavy>
			<liftpushdrag type="number">450</liftpushdrag>
			<load type="number">133.1</load>
			<max type="number">225</max>
		</encumbrance>
		<exp type="number">361</exp>
		<expneeded type="number">400</expneeded>
		<featlist>
		</featlist>
		<featurelist>
			<id-00001>
				<locked type="number">1</locked>
				<name type="string">All Eyes on You</name>
				<source type="string">Far Traveler</source>
				<text type="formattedtext">
					<p>Your accent, mannerisms, figures of speech, and perhaps even your appearance all mark you as foreign. Curious glances are directed your way wherever you go, which can be a nuisance, but you also gain the friendly interest of scholars and others intrigued by far-off lands, to say nothing of everyday folk who are eager to hear stories of your homeland.</p>
					<p>You can parley this attention into access to people and places you might not otherwise have, for you and your traveling companions. Noble lords, scholars, and merchant princes, to name a few, might be interested in hearing about your distant homeland and people.</p>
				</text>
			</id-00001>
			<id-00002>
				<level type="number">1</level>
				<locked type="number">1</locked>
				<name type="string">Divine Sense</name>
				<source type="string">Paladin</source>
				<text type="formattedtext">
					<p>The presence of strong evil registers on your senses like a noxious odor, and powerful good rings like heavenly music in your ears. As an action, you can open your awareness to detect such forces. Until the end of your next turn, you know the location of any celestial, fiend, or undead within 60 feet of you that is not behind total cover. You know the type (celestial, fiend, or undead) of any being whose presence you sense, but not its identity (the vampire Count Strahd von Zarovich, for instance).</p>
					<p>Within the same radius, you also detect the presence of any place or object that has been consecrated or desecrated, as with the hallow spell.</p>
					<p>You can use this feature a number of times equal to 1 + your Charisma modifier. When you finish a long rest, you regain all expended uses.</p>
				</text>
			</id-00002>
			<id-00003>
				<level type="number">1</level>
				<locked type="number">1</locked>
				<name type="string">Lay on Hands</name>
				<source type="string">Paladin</source>
				<text type="formattedtext">
					<p>Your blessed touch can heal wounds. You have a pool of healing power that replenishes when you take a long rest. With that pool, you can restore a total number of hit points equal to your paladin level x5. As an action, you can touch a creature and draw power from the pool to restore a number of hit points to that creature, up to the maximum amount remaining in your pool.</p>
					<p>Alternatively, you can expend 5 hit points from your pool of healing to cure the target of one disease or neutralize one poison affecting it. You can cure multiple diseases and neutralize multiple poisons with a single use of Lay on Hands, expending hit points separately for each one.</p>
					<p>This feature has no effect on undead and constructs.</p>
				</text>
			</id-00003>
			<id-00004>
				<level type="number">2</level>
				<locked type="number">1</locked>
				<name type="string">Spellcasting</name>
				<source type="string">Paladin</source>
				<text type="formattedtext">
					<p>By 2nd level, you have learned to draw on divine magic through meditation and prayer to cast spells as a cleric does. See chapter 10 for the general rules of spellcasting and chapter 11 for the paladin spell list.</p>
					<p><b>Preparing and Casting Spells</b></p>
					<p>The Paladin table shows how many spell slots you have to cast your spells. To cast one of your paladin spells of 1st level or higher, you must expend a slot of the spell's level or higher. You regain all expended spell slots when you finish a long rest.</p>
					<p>You prepare the list of paladin spells that are available for you to cast, choosing from the paladin spell list. When you do so, choose a number of paladin spells equal to your Charisma modifier + half your paladin level, rounded down (minimum of one spell). The spells must be of a level for which you have spell slots. For example, if you are a 5th-level paladin, you have four 1st-level and two 2nd-level spell slots. With a Charisma of 14, your list of prepared spells can include four spells of 1st or 2nd level, in any combination. If you prepare the 1st-level spell cure wounds, you can cast it using a 1st-level or a 2nd-level slot. Casting the spell doesn't remove it from your list of prepared spells. You can change your list of prepared spells when you finish a long rest. Preparing a new list of paladin spells requires time spent in prayer and meditation: at least 1 minute per spell level for each spell on your list.</p>
					<p><b>Spellcasting Ability</b></p>
					<p>Charisma is your spellcasting ability for your paladin spells, since their power derives from the strength of your convictions. You use your Charisma whenever a spell refers to your spellcasting ability. In addition, you use your Charisma modifier when setting the saving throw DC for a paladin spell you cast and when making an attack roll with one.</p>
					<p><b>Spell save DC </b>= 8 + your proficiency bonus + your Charisma modifier</p>
					<p><b>Spell attack modifier </b>= your proficiency bonus + your Charisma modifier</p>
					<p><b>Spellcasting Focus</b></p>
					<p>You can use a holy symbol (found in chapter 5) as a spellcasting focus for your paladin spells.</p>
				</text>
			</id-00004>
			<id-00005>
				<level type="number">2</level>
				<locked type="number">1</locked>
				<name type="string">Fighting Style (Great Weapon Fighting)</name>
				<source type="string">Paladin</source>
				<text type="formattedtext">
					<p>At 2nd level, you adopt a style of fighting as your specialty. Choose one of the following options. You can't take a Fighting Style option more than once, even if you later get to choose again.</p>
					<p><b>Defense</b></p>
					<p>While you are wearing armor, you gain a +1 bonus to AC.</p>
					<p><b>Dueling</b></p>
					<p>When you are wielding a melee weapon in one hand and no other weapons, you gain a +2 bonus to damage rolls with that weapon.</p>
					<p><b>Great Weapon Fighting</b></p>
					<p>When you roll a 1 or 2 on a damage die for an attack you make with a melee weapon that you are wielding with two hands, you can reroll the die and must use the new roll. The weapon must have the two-handed or versatile property for you to gain this benefit.</p>
					<p><b>Protection</b></p>
					<p>When a creature you can see attacks a target other than you that is within 5 feet of you, you can use your reaction to impose disadvantage on the attack roll. You must be wielding a shield.</p>
				</text>
			</id-00005>
			<id-00006>
				<level type="number">2</level>
				<locked type="number">1</locked>
				<name type="string">Divine Smite</name>
				<source type="string">Paladin</source>
				<text type="formattedtext">
					<p>Starting at 2nd level, when you hit a creature with a melee weapon attack, you can expend one spell slot to deal radiant damage to the target, in addition to the weapon's damage. The extra damage is 2d8 for a 1st-level spell slot, plus 1d8 for each spell level higher than 1st, to a maximum of 5d8. The damage increases by 1d8 if the target is an undead or a fiend.</p>
				</text>
			</id-00006>
			<id-00007>
				<level type="number">1</level>
				<locked type="number">1</locked>
				<name type="string">Oath of the Ancients</name>
				<source type="string">Paladin</source>
				<text type="formattedtext">
					<p>The Oath of the Ancients is as old as the race of elves and the rituals of the druids. Sometimes called fey knights, green knights, or horned knights, paladins who swear this oath cast their lot with the side of the light in the cosmic struggle against darkness because they love the beautiful and life-giving things of the world, not necessarily because they believe in principles of honor, courage, and justice. They adorn their armor and clothing with images of growing things-leaves, antlers, or flowers-to reflect their commitment to preserving life and light in the world.</p>
					<h>Features</h>
					<linklist>
						<link class="reference_classfeature" recordname="reference.classdata.paladin.features.tenetsoftheancients3@DD PHB Deluxe">Tenets of the Ancients</link>
						<link class="reference_classfeature" recordname="reference.classdata.paladin.features.oathspells_ancients_3@DD PHB Deluxe">Oath Spells (Ancients)</link>
						<link class="reference_classfeature" recordname="reference.classdata.paladin.features.channeldivinity_ancients_3@DD PHB Deluxe">Channel Divinity (Ancients)</link>
						<link class="reference_classfeature" recordname="reference.classdata.paladin.features.auraofwarding7@DD PHB Deluxe">Aura of Warding</link>
						<link class="reference_classfeature" recordname="reference.classdata.paladin.features.undyingsentinel15@DD PHB Deluxe">Undying Sentinel</link>
						<link class="reference_classfeature" recordname="reference.classdata.paladin.features.elderchampion20@DD PHB Deluxe">Elder Champion</link>
					</linklist>
				</text>
			</id-00007>
			<id-00008>
				<level type="number">3</level>
				<locked type="number">1</locked>
				<name type="string">Divine Health</name>
				<source type="string">Paladin</source>
				<text type="formattedtext">
					<p>By 3rd level, the divine magic flowing through you makes you immune to disease.</p>
				</text>
			</id-00008>
			<id-00009>
				<level type="number">3</level>
				<locked type="number">1</locked>
				<name type="string">Tenets of the Ancients</name>
				<source type="string">Paladin</source>
				<specialization type="string">Oath of the Ancients</specialization>
				<text type="formattedtext">
					<p>The tenets of the Oath of the Ancients have been preserved for uncounted centuries. This oath emphasizes the principles of good above any concerns of law or chaos. Its four central principles are simple.</p>
					<p><b>Kindle the Light. </b>Through your acts of mercy, kindness, and forgiveness, kindle the light of hope in the world, beating back despair.</p>
					<p><b>Shelter the Light. </b>Where there is good, beauty, love, and laughter in the world, stand against the wickedness that would swallow it. Where life flourishes, stand against the forces that would render it barren.</p>
					<p><b>Preserve Your Own Light. </b>Delight in song and laughter, in beauty and art. If you allow the light to die in your own heart, you can't preserve it in the world.</p>
					<p><b>Be the Light. </b>Be a glorious beacon for all who live in despair. Let the light of your joy and courage shine forth in all your deeds.</p>
				</text>
			</id-00009>
			<id-00010>
				<level type="number">3</level>
				<locked type="number">1</locked>
				<name type="string">Oath Spells (Ancients)</name>
				<source type="string">Paladin</source>
				<specialization type="string">Oath of the Ancients</specialization>
				<text type="formattedtext">
					<p>You gain oath spells at the paladin levels listed.</p>
					<h>Oath of the Ancients Spells</h>
					<p><b>Paladin Level - Spell</b></p>
					<linklist>
						<link class="reference_spell" recordname="reference.spelldata.ensnaringstrike@DD PHB Deluxe"><b>Spell: </b></link>3rd - Ensnaring Strike</linklist>
						<link class="reference_spell" recordname="reference.spelldata.speakwithanimals@DD PHB Deluxe"><b>Spell: </b></link>3rd - Speak with Animals
						<link class="reference_spell" recordname="reference.spelldata.moonbeam@DD PHB Deluxe"><b>Spell: </b></link>5th - Moonbeam
						<link class="reference_spell" recordname="reference.spelldata.mistystep@DD PHB Deluxe"><b>Spell: </b></link>5th - Misty Step
						<link class="reference_spell" recordname="reference.spelldata.plantgrowth@DD PHB Deluxe"><b>Spell: </b></link>9th - Plant Growth
						<link class="reference_spell" recordname="reference.spelldata.protectionfromenergy@DD PHB Deluxe"><b>Spell: </b></link>9th - Protection from Energy
						<link class="reference_spell" recordname="reference.spelldata.icestorm@DD PHB Deluxe"><b>Spell: </b></link>13th - Ice Storm
						<link class="reference_spell" recordname="reference.spelldata.stoneskin@DD PHB Deluxe"><b>Spell: </b></link>13th - Stoneskin
						<link class="reference_spell" recordname="reference.spelldata.communewithnature@DD PHB Deluxe"><b>Spell: </b></link>17th - Commune With Nature
						<link class="reference_spell" recordname="reference.spelldata.treestride@DD PHB Deluxe"><b>Spell: </b></link>17th - Tree Stride
				</text>
			</id-00010>
			<id-00011>
				<level type="number">3</level>
				<locked type="number">1</locked>
				<name type="string">Channel Divinity (Ancients)</name>
				<source type="string">Paladin</source>
				<specialization type="string">Oath of the Ancients</specialization>
				<text type="formattedtext">
					<p>When you take this oath at 3rd level, you gain the following two Channel Divinity options.</p>
					<p><b>Nature's Wrath. </b>You can use your Channel Divinity to invoke primeval forces to ensnare a foe. As an action, you can cause spectral vines to spring up and reach for a creature within 10 feet of you that you can see.</p>
					<p>The creature must succeed on a Strength or Dexterity saving throw (its choice) or be restrained. While restrained by the vines, the creature repeats the saving throw at the end of each of its turns. On a success, it frees itself and the vines vanish.</p>
					<p><b>Turn the Faithless. </b>You can use your Channel Divinity to utter ancient words that are painful for fey and fiends to hear. As an action, you present your holy symbol, and each fey or fiend within 30 feet of you that can hear you must make a Wisdom saving throw. On a failed save, the creature is turned for 1 minute or until it takes damage.</p>
					<p>A turned creature must spend its turns trying to move as far away from you as it can, and it can't willingly move to a space within 30 feet of you. It also can't take reactions. For its action, it can use only the Dash action or try to escape from an effect that prevents it from moving. If there's nowhere to move, the creature can use the Dodge action.</p>
					<p>If the creature's true form is concealed by an illusion, shapeshifting, or other effect, that form is revealed while it is turned.</p>
				</text>
			</id-00011>
		</featurelist>
		<flaws type="string">I consider the adherents of other gods to be deluded innocents at best, or ignorant fools at worst.</flaws>
		<gender type="string">Male</gender>
		<height type="string">6' 3&#34;</height>
		<hp>
			<deathsavefail type="number">0</deathsavefail>
			<deathsavesuccess type="number">0</deathsavesuccess>
			<temporary type="number">0</temporary>
			<total type="number">28</total>
			<wounds type="number">0</wounds>
		</hp>
		<ideals type="string">Suspicious. I must be careful, for I have no way of telling friend from foe here.</ideals>
		<initiative>
			<misc type="number">0</misc>
			<temporary type="number">0</temporary>
			<total type="number">0</total>
		</initiative>
		<inventorylist>
			<id-00001>
				<ac type="number">0</ac>
				<bonus type="number">0</bonus>
				<carried type="number">2</carried>
				<cost type="string">10 gp</cost>
				<count type="number">1</count>
				<description type="formattedtext">
					<p>A holy symbol is a representation of a god or pantheon. It might be an amulet depicting a symbol representing a deity, the same symbol carefully engraved or inlaid as an emblem on a shield, or a tiny box holding a fragment of a sacred relic. Appendix B lists the symbols commonly associated with many gods in the multiverse. A cleric or paladin can use a holy symbol as a spellcasting focus. To use the symbol in this way, the caster must hold it in hand, wear it visibly, or bear it on a shield.</p>
				</description>
				<isidentified type="number">1</isidentified>
				<location type="string">sheath</location>
				<locked type="number">1</locked>
				<name type="string">Amulet of Chauntea(Holy Symbol)</name>
				<subtype type="string">Holy Symbol</subtype>
				<type type="string">Adventuring Gear</type>
				<weight type="number">1</weight>
			</id-00001>
			<id-00002>
				<carried type="number">1</carried>
				<cost type="string">1 gp</cost>
				<count type="number">1</count>
				<isidentified type="number">1</isidentified>
				<location type="string">Backpack</location>
				<locked type="number">1</locked>
				<name type="string">Bedroll</name>
				<subtype type="string">Standard</subtype>
				<type type="string">Adventuring Gear</type>
				<weight type="number">7</weight>
			</id-00002>
			<id-00003>
				<carried type="number">1</carried>
				<cost type="string">35 gp</cost>
				<count type="number">1</count>
				<description type="formattedtext">
					<p>Several of the most common types of musical instruments are shown on the table as examples. If you have proficiency with a given musical instrument, you can add your proficiency bonus to any ability checks you make to play music with the instrument. A bard can use a musical instrument as a spellcasting focus, as described in Part 3: The Rules of Magic, Casting a Spell. Each type of musical instrument requires a separate proficiency.</p>
				</description>
				<isidentified type="number">1</isidentified>
				<location type="string">Backpack</location>
				<locked type="number">1</locked>
				<name type="string">Lute</name>
				<subtype type="string">Musical Instrument</subtype>
				<type type="string">Tools</type>
				<weight type="number">2</weight>
			</id-00003>
			<id-00004>
				<carried type="number">1</carried>
				<cost type="string">5 sp</cost>
				<count type="number">1</count>
				<description type="formattedtext">
					<p>This item encompasses a wide range of game pieces, including dice and decks of cards (for games such as Three-Dragon Ante). A few common examples appear on the Tools table, but other kinds of gaming sets exist. If you are proficient with a gaming set, you can add your proficiency bonus to ability checks you make to play a game with that set. Each type of gaming set requires a separate proficiency.</p>
				</description>
				<isidentified type="number">1</isidentified>
				<location type="string">Backpack</location>
				<locked type="number">1</locked>
				<name type="string">Playing Card Set</name>
				<subtype type="string">Gaming Set</subtype>
				<type type="string">Tools</type>
				<weight type="number">0.1</weight>
			</id-00004>
			<id-00005>
				<carried type="number">1</carried>
				<cost type="string">5 sp</cost>
				<count type="number">10</count>
				<description type="formattedtext">
					<p>Rations consist of dry foods suitable for extended travel, including jerky, dried fruit, hardtack, and nuts.</p>
				</description>
				<isidentified type="number">1</isidentified>
				<location type="string">Backpack</location>
				<locked type="number">1</locked>
				<name type="string">Rations (1 Day)</name>
				<subtype type="string">Standard</subtype>
				<type type="string">Adventuring Gear</type>
				<weight type="number">2</weight>
			</id-00005>
			<id-00006>
				<carried type="number">1</carried>
				<cost type="string">1 gp</cost>
				<count type="number">1</count>
				<isidentified type="number">1</isidentified>
				<location type="string">Backpack</location>
				<locked type="number">1</locked>
				<name type="string">Rope, Hempen (50 Feet)</name>
				<subtype type="string">Standard</subtype>
				<type type="string">Adventuring Gear</type>
				<weight type="number">10</weight>
			</id-00006>
			<id-00007>
				<carried type="number">1</carried>
				<cost type="string">2 sp</cost>
				<count type="number">1</count>
				<isidentified type="number">1</isidentified>
				<location type="string">Backpack</location>
				<locked type="number">1</locked>
				<name type="string">Waterskin</name>
				<subtype type="string">Standard</subtype>
				<type type="string">Adventuring Gear</type>
				<weight type="number">5</weight>
			</id-00007>
			<id-00008>
				<ac type="number">16</ac>
				<carried type="number">2</carried>
				<cost type="string">75 gp</cost>
				<count type="number">1</count>
				<description type="formattedtext">
					<p>Of all the armor categories, heavy armor offers the best protection. These suits of armor cover the entire body and are designed to stop a wide range of attacks. Only proficient warriors can manage their weight and bulk.</p>
					<p>Made of interlocking metal rings, chain mail includes a layer of quilted fabric worn underneath the mail to prevent chafing and to cushion the impact of blows. The suit includes gauntlets.</p>
				</description>
				<dexbonus type="string">-</dexbonus>
				<isidentified type="number">1</isidentified>
				<location type="string">worn</location>
				<locked type="number">1</locked>
				<name type="string">Chain Mail</name>
				<stealth type="string">Disadvantage</stealth>
				<strength type="string">Str 13</strength>
				<subtype type="string">Heavy Armor</subtype>
				<type type="string">Armor</type>
				<weight type="number">55</weight>
			</id-00008>
			<id-00009>
				<ac type="number">0</ac>
				<bonus type="number">0</bonus>
				<carried type="number">2</carried>
				<cost type="string">15 gp</cost>
				<count type="number">1</count>
				<damage type="string">1d8 slashing</damage>
				<description type="formattedtext">
					<p></p>
				</description>
				<isidentified type="number">1</isidentified>
				<location type="string">Backpack</location>
				<locked type="number">1</locked>
				<name type="string">Chauntea's Justice</name>
				<properties type="string">Versatile (1d10)</properties>
				<subtype type="string">Martial Weapons</subtype>
				<type type="string">Weapon</type>
				<weight type="number">3</weight>
			</id-00009>
			<id-00010>
				<carried type="number">1</carried>
				<cost type="string">5 sp</cost>
				<count type="number">1</count>
				<description type="formattedtext">
					<p>A cloth or leather pouch can hold up to 20 sling bullets or 50 blowgun needles, among other things. A compartmentalized pouch for holding spell components is called a component pouch (described earlier in this section).</p>
				</description>
				<isidentified type="number">1</isidentified>
				<locked type="number">1</locked>
				<name type="string">Pouch</name>
				<subtype type="string">Standard</subtype>
				<type type="string">Adventuring Gear</type>
				<weight type="number">1</weight>
			</id-00010>
			<id-00011>
				<carried type="number">2</carried>
				<cost type="string">5 gp</cost>
				<count type="number">1</count>
				<damage type="string">1d6 slashing</damage>
				<isidentified type="number">1</isidentified>
				<locked type="number">1</locked>
				<name type="string">Handaxe</name>
				<properties type="string">Light, thrown (range 20/60)</properties>
				<subtype type="string">Simple Melee Weapons</subtype>
				<type type="string">Weapon</type>
				<weight type="number">2</weight>
			</id-00011>
			<id-00012>
				<ac type="number">2</ac>
				<bonus type="number">0</bonus>
				<carried type="number">2</carried>
				<cost type="string">10 gp</cost>
				<count type="number">1</count>
				<description type="formattedtext">
					<p>A shield is made from wood or metal and is carried in one hand. Wielding a shield increases your Armor Class by 2. You can benefit from only one shield at a time.</p>
				</description>
				<dexbonus type="string">-</dexbonus>
				<isidentified type="number">1</isidentified>
				<locked type="number">1</locked>
				<name type="string">Shield</name>
				<stealth type="string">-</stealth>
				<strength type="string">-</strength>
				<subtype type="string">Shield</subtype>
				<type type="string">Armor</type>
				<weight type="number">6</weight>
			</id-00012>
			<id-00013>
				<carried type="number">1</carried>
				<cost type="string">2 gp</cost>
				<count type="number">1</count>
				<isidentified type="number">1</isidentified>
				<location type="string">worn</location>
				<locked type="number">1</locked>
				<name type="string">Backpack</name>
				<subtype type="string">Standard</subtype>
				<type type="string">Adventuring Gear</type>
				<weight type="number">5</weight>
			</id-00013>
			<id-00014>
				<carried type="number">1</carried>
				<cost type="string">1 cp</cost>
				<count type="number">10</count>
				<description type="formattedtext">
					<p>A torch burns for 1 hour, providing bright light in a 20-foot radius and dim light for an additional 20 feet. If you make a melee attack with a burning torch and hit, it deals 1 fire damage.</p>
				</description>
				<isidentified type="number">1</isidentified>
				<location type="string">Backpack</location>
				<locked type="number">1</locked>
				<name type="string">Torch</name>
				<subtype type="string">Standard</subtype>
				<type type="string">Adventuring Gear</type>
				<weight type="number">1</weight>
			</id-00014>
			<id-00015>
				<carried type="number">1</carried>
				<cost type="string">2 gp</cost>
				<count type="number">1</count>
				<isidentified type="number">1</isidentified>
				<location type="string">Backpack</location>
				<locked type="number">1</locked>
				<name type="string">Clothes, Traveler's</name>
				<subtype type="string">Standard</subtype>
				<type type="string">Adventuring Gear</type>
				<weight type="number">4</weight>
			</id-00015>
			<id-00016>
				<carried type="number">1</carried>
				<cost type="string">2 sp</cost>
				<count type="number">1</count>
				<description type="formattedtext">
					<p>This tin box contains a cup and simple cutlery. The box clamps together, and one side can be used as a cooking pan and the other as a plate or shallow bowl.</p>
				</description>
				<isidentified type="number">1</isidentified>
				<location type="string">Backpack</location>
				<locked type="number">1</locked>
				<name type="string">Mess Kit</name>
				<subtype type="string">Equipment Kits</subtype>
				<type type="string">Adventuring Gear</type>
				<weight type="number">1</weight>
			</id-00016>
			<id-00017>
				<carried type="number">1</carried>
				<cost type="string">5 sp</cost>
				<count type="number">1</count>
				<description type="formattedtext">
					<p>This small container holds flint, fire steel, and tinder (usually dry cloth soaked in light oil) used to kindle a fire. Using it to light a torch-or anything else with abundant, exposed fuel-takes an action. Lighting any other fire takes 1 minute.</p>
				</description>
				<isidentified type="number">1</isidentified>
				<location type="string">Backpack</location>
				<locked type="number">1</locked>
				<name type="string">Tinderbox</name>
				<subtype type="string">Standard</subtype>
				<type type="string">Adventuring Gear</type>
				<weight type="number">1</weight>
			</id-00017>
			<id-00018>
				<carried type="number">1</carried>
				<count type="number">1</count>
				<isidentified type="number">1</isidentified>
			</id-00018>
			<id-00019>
				<carried type="number">1</carried>
				<count type="number">1</count>
				<isidentified type="number">1</isidentified>
			</id-00019>
			<id-00020>
				<carried type="number">1</carried>
				<count type="number">1</count>
				<isidentified type="number">1</isidentified>
			</id-00020>
			<id-00021>
				<carried type="number">1</carried>
				<count type="number">1</count>
				<isidentified type="number">1</isidentified>
			</id-00021>
			<id-00022>
				<carried type="number">1</carried>
				<count type="number">1</count>
				<isidentified type="number">1</isidentified>
			</id-00022>
		</inventorylist>
		<languagelist>
			<id-00001>
				<name type="string">Common</name>
			</id-00001>
			<id-00002>
				<name type="string">Celestial</name>
			</id-00002>
			<id-00003>
				<name type="string">Infernal</name>
			</id-00003>
		</languagelist>
		<level type="number">3</level>
		<name type="string">Yelvan</name>
		<notes type="string">Token is my father's sword,</notes>
		<perception type="number">13</perception>
		<perceptionmodifier type="number">0</perceptionmodifier>
		<personalitytraits type="string">I have a strong code of honor or sense of propriety that others don't comprehend.</personalitytraits>
		<powerdisplaymode type="string">action</powerdisplaymode>
		<powergroup>
			<id-00001>
				<atkmod type="number">0</atkmod>
				<atkprof type="number">1</atkprof>
				<castertype type="string">memorization</castertype>
				<name type="string">Spells</name>
				<prepared type="number">3</prepared>
				<savemod type="number">0</savemod>
				<saveprof type="number">1</saveprof>
				<stat type="string">charisma</stat>
				<uses type="number">0</uses>
			</id-00001>
			<id-00002>
				<name type="string">Racial Abilities</name>
			</id-00002>
			<id-00003>
				<name type="string">Class Abilities</name>
			</id-00003>
			<id-00004>
				<name type="string">Racial Abilities</name>
			</id-00004>
			<id-00005>
				<name type="string">Cantrip</name>
			</id-00005>
		</powergroup>
		<powermeta>
			<pactmagicslots1>
				<max type="number">0</max>
				<used type="number">0</used>
			</pactmagicslots1>
			<pactmagicslots2>
				<max type="number">0</max>
				<used type="number">0</used>
			</pactmagicslots2>
			<pactmagicslots3>
				<max type="number">0</max>
				<used type="number">0</used>
			</pactmagicslots3>
			<pactmagicslots4>
				<max type="number">0</max>
				<used type="number">0</used>
			</pactmagicslots4>
			<pactmagicslots5>
				<max type="number">0</max>
				<used type="number">0</used>
			</pactmagicslots5>
			<pactmagicslots6>
				<max type="number">0</max>
				<used type="number">0</used>
			</pactmagicslots6>
			<pactmagicslots7>
				<max type="number">8</max>
				<used type="number">0</used>
			</pactmagicslots7>
			<pactmagicslots8>
				<max type="number">0</max>
				<used type="number">0</used>
			</pactmagicslots8>
			<pactmagicslots9>
				<max type="number">0</max>
				<used type="number">0</used>
			</pactmagicslots9>
			<spellslots1>
				<max type="number">3</max>
				<used type="number">0</used>
			</spellslots1>
			<spellslots2>
				<max type="number">0</max>
				<used type="number">0</used>
			</spellslots2>
			<spellslots3>
				<max type="number">0</max>
				<used type="number">0</used>
			</spellslots3>
			<spellslots4>
				<max type="number">0</max>
				<used type="number">0</used>
			</spellslots4>
			<spellslots5>
				<max type="number">0</max>
				<used type="number">0</used>
			</spellslots5>
			<spellslots6>
				<max type="number">0</max>
				<used type="number">0</used>
			</spellslots6>
			<spellslots7>
				<max type="number">0</max>
				<used type="number">0</used>
			</spellslots7>
			<spellslots8>
				<max type="number">0</max>
				<used type="number">0</used>
			</spellslots8>
			<spellslots9>
				<max type="number">0</max>
				<used type="number">0</used>
			</spellslots9>
		</powermeta>
		<powers>
			<id-00001>
				<actions>
					<id-00001>
						<durmod type="number">1</durmod>
						<label type="string">Divine Sense; Know location of any clelestial, fiend, or undead, also hallow spell</label>
						<order type="number">1</order>
						<targeting type="string">self</targeting>
						<type type="string">effect</type>
					</id-00001>
				</actions>
				<cast type="number">0</cast>
				<castingtime type="string">1 action</castingtime>
				<description type="formattedtext">
					<p>The presence of strong evil registers on your senses like a noxious odor, and powerful good rings like heavenly music in your ears. As an action, you can open your awareness to detect such forces. Until the end of your next turn, you know the location of any celestial, fiend, or undead within 60 feet of you that is not behind total cover. You know the type (celestial, fiend, or undead) of any being whose presence you sense, but not its identity (the vampire Count Strahd von Zarovich, for instance).</p>
					<p>Within the same radius, you also detect the presence of any place or object that has been consecrated or desecrated, as with the hallow spell.</p>
					<p>You can use this feature a number of times equal to 1 + your Charisma modifier. When you finish a long rest, you regain all expended uses.</p>
				</description>
				<duration type="string">End of next turn</duration>
				<group type="string">Class Abilities</group>
				<level type="number">0</level>
				<locked type="number">1</locked>
				<name type="string">Paladin: Divine Sense (60)</name>
				<prepared type="number">1</prepared>
				<range type="string">60 feet</range>
				<ritual type="number">0</ritual>
				<school type="string">Class</school>
				<source type="string">Paladin</source>
			</id-00001>
			<id-00002>
				<actions>
					<id-00001>
						<apply type="string">roll</apply>
						<durmod type="number">0</durmod>
						<label type="string">Divine Smite; DMG: 2d8 radiant; IFT: TYPE (undead,fiend); DMG: 1d8 radiant</label>
						<order type="number">1</order>
						<targeting type="string">self</targeting>
						<type type="string">effect</type>
					</id-00001>
				</actions>
				<cast type="number">0</cast>
				<description type="formattedtext">
					<p>Starting at 2nd level, when you hit a creature with a melee weapon attack, you can expend one spell slot to deal radiant damage to the target, in addition to the weapon's damage. The extra damage is 2d8 for a 1st-level spell slot, plus 1d8 for each spell level higher than 1st, to a maximum of 5d8. The damage increases by 1d8 if the target is an undead or a fiend.</p>
				</description>
				<group type="string">Class Abilities</group>
				<level type="number">0</level>
				<locked type="number">1</locked>
				<name type="string">Paladin: Divine Smite</name>
				<prepared type="number">0</prepared>
				<ritual type="number">0</ritual>
				<school type="string">Class</school>
				<source type="string">Paladin</source>
			</id-00002>
			<id-00003>
				<actions>
					<id-00001>
						<durmod type="number">0</durmod>
						<label type="string">Divine Health; Immune to disease</label>
						<order type="number">1</order>
						<targeting type="string">self</targeting>
						<type type="string">effect</type>
					</id-00001>
				</actions>
				<cast type="number">0</cast>
				<description type="formattedtext">
					<p>By 3rd level, the divine magic flowing through you makes you immune to disease.</p>
				</description>
				<group type="string">Class Abilities</group>
				<level type="number">0</level>
				<locked type="number">1</locked>
				<name type="string">Paladin: Divine Health</name>
				<prepared type="number">0</prepared>
				<ritual type="number">0</ritual>
				<school type="string">Class</school>
				<source type="string">Paladin</source>
			</id-00003>
			<id-00004>
				<actions>
					<id-00001>
						<heallist>
							<id-00001>
								<bonus type="number">0</bonus>
								<dice type="dice"></dice>
								<stat type="string">paladin</stat>
							</id-00001>
							<id-00002>
								<bonus type="number">0</bonus>
								<dice type="dice"></dice>
								<stat type="string">paladin</stat>
							</id-00002>
							<id-00003>
								<bonus type="number">0</bonus>
								<dice type="dice"></dice>
								<stat type="string">paladin</stat>
							</id-00003>
							<id-00004>
								<bonus type="number">0</bonus>
								<dice type="dice"></dice>
								<stat type="string">paladin</stat>
							</id-00004>
							<id-00005>
								<bonus type="number">0</bonus>
								<dice type="dice"></dice>
								<stat type="string">paladin</stat>
							</id-00005>
						</heallist>
						<order type="number">1</order>
						<type type="string">heal</type>
					</id-00001>
				</actions>
				<cast type="number">0</cast>
				<castingtime type="string">1 action</castingtime>
				<description type="formattedtext">
					<p>Your blessed touch can heal wounds. You have a pool of healing power that replenishes when you take a long rest. With that pool, you can restore a total number of hit points equal to your paladin level x5. As an action, you can touch a creature and draw power from the pool to restore a number of hit points to that creature, up to the maximum amount remaining in your pool.</p>
					<p>Alternatively, you can expend 5 hit points from your pool of healing to cure the target of one disease or neutralize one poison affecting it. You can cure multiple diseases and neutralize multiple poisons with a single use of Lay on Hands, expending hit points separately for each one.</p>
					<p>This feature has no effect on undead and constructs.</p>
				</description>
				<group type="string">Class Abilities</group>
				<level type="number">0</level>
				<locked type="number">1</locked>
				<name type="string">Paladin: Lay on Hands (T)</name>
				<prepared type="number">0</prepared>
				<range type="string">Touch</range>
				<ritual type="number">0</ritual>
				<school type="string">Class</school>
				<source type="string">Paladin</source>
			</id-00004>
			<id-00005>
				<actions>
				</actions>
				<cast type="number">0</cast>
				<description type="formattedtext">
					<p>You have resistance to necrotic damage and radiant damage.</p>
				</description>
				<group type="string">Racial Abilities</group>
				<level type="number">0</level>
				<locked type="number">1</locked>
				<name type="string">Celestial Resistance</name>
				<prepared type="number">0</prepared>
				<source type="string">Aasimar</source>
				<type type="string">racial</type>
			</id-00005>
			<id-00006>
				<actions>
					<id-00001>
						<heallist>
							<id-00001>
								<bonus type="number">0</bonus>
								<dice type="dice"></dice>
								<stat type="string">level</stat>
							</id-00001>
						</heallist>
						<order type="number">1</order>
						<type type="string">heal</type>
					</id-00001>
				</actions>
				<cast type="number">0</cast>
				<description type="formattedtext">
					<p>As an action, you can touch a creature and cause it to regain a number of hit points equal to your level. Once you use this trait, you can't use it again until you finish a long rest.</p>
				</description>
				<group type="string">Racial Abilities</group>
				<level type="number">0</level>
				<locked type="number">1</locked>
				<name type="string">Aasimar: Healing Hands (T)</name>
				<prepared type="number">1</prepared>
				<ritual type="number">0</ritual>
				<school type="string">Racial</school>
				<source type="string">Aasimar</source>
			</id-00006>
			<id-00007>
				<actions>
					<id-00001>
						<durmod type="number">1</durmod>
						<durunit type="string">minute</durunit>
						<label type="string">Radiant Soul; Fly 30</label>
						<order type="number">1</order>
						<targeting type="string">self</targeting>
						<type type="string">effect</type>
					</id-00001>
					<id-00002>
						<apply type="string">action</apply>
						<durmod type="number">0</durmod>
						<label type="string">Radiant Soul; DMG: [LVL] radiant</label>
						<order type="number">2</order>
						<type type="string">effect</type>
					</id-00002>
				</actions>
				<cast type="number">0</cast>
				<castingtime type="string">1 action</castingtime>
				<description type="formattedtext">
					<p>Starting at 3rd level, you can use your action to unleash the divine energy within yourself, causing your eyes to glimmer and two luminous, incorporeal wings to sprout from your back.</p>
					<p>Your transformation lasts for 1 minute or until you end it as a bonus action. During it, you have a flying speed of 30 feet, and once on each of your turns, you can deal extra radiant damage to one target when you deal damage to it with an attack or a spell. The extra radiant damage equals your level.</p>
					<p>Once you use this trait, you can't use it again until you finish a long rest.</p>
				</description>
				<duration type="string">1 Minute</duration>
				<group type="string">Racial Abilities</group>
				<level type="number">0</level>
				<locked type="number">1</locked>
				<name type="string">Aasimar: Radiant Soul (S)</name>
				<prepared type="number">1</prepared>
				<range type="string">Self</range>
				<ritual type="number">0</ritual>
				<school type="string">Racial</school>
				<source type="string">Protector Aasimar</source>
				<type type="string">subracial</type>
			</id-00007>
			<id-00008>
				<actions>
					<id-00001>
						<order type="number">1</order>
						<savetype type="string">dexterity</savetype>
						<type type="string">cast</type>
					</id-00001>
					<id-00002>
						<durmod type="number">1</durmod>
						<durunit type="string">hour</durunit>
						<label type="string">Light</label>
						<order type="number">2</order>
						<type type="string">effect</type>
					</id-00002>
				</actions>
				<cast type="number">0</cast>
				<castingtime type="string">1 action</castingtime>
				<components type="string">V, M (a firefly or phosphorescent moss)</components>
				<description type="formattedtext">
					<p>You touch one object that is no larger than 10 feet in any dimension. Until the spell ends, the object sheds bright light in a 20-foot radius and dim light for an additional 20 feet. The light can be colored as you like. Completely covering the object with something opaque blocks the light. The spell ends if you cast it again or dismiss it as an action.</p>
					<p>If you target an object held or worn by a hostile creature, that creature must succeed on a Dexterity saving throw to avoid the spell.</p>
				</description>
				<duration type="string">1 hour</duration>
				<group type="string">Cantrip</group>
				<level type="number">0</level>
				<locked type="number">1</locked>
				<name type="string">Light (T)</name>
				<prepared type="number">0</prepared>
				<range type="string">Touch</range>
				<ritual type="number">0</ritual>
				<school type="string">Evocation</school>
				<source type="string">Bard, Cleric, Eldritch Knight, Sorcerer, Wizard, Arcane Trickster</source>
			</id-00008>
			<id-00009>
				<actions>
					<id-00001>
						<durmod type="number">1</durmod>
						<durunit type="string">minute</durunit>
						<label type="string">Bless (C)</label>
						<order type="number">1</order>
						<targeting type="string">self</targeting>
						<type type="string">effect</type>
					</id-00001>
					<id-00002>
						<durmod type="number">1</durmod>
						<durunit type="string">minute</durunit>
						<label type="string">Bless (C); ATK: 1d4; SAVE: 1d4</label>
						<order type="number">2</order>
						<type type="string">effect</type>
					</id-00002>
				</actions>
				<cast type="number">0</cast>
				<castingtime type="string">1 action</castingtime>
				<components type="string">V, S, M (a sprinkling of holy water)</components>
				<description type="formattedtext">
					<p>You bless up to 3 creatures of your choice within range. Whenever a target makes an attack roll or a saving throw before the spell ends, the target can roll a d4 and add the number rolled to the attack roll or saving throw.</p>
					<p>At Higher Levels.</p>
					<p>When you cast this spell using a spell slot of 2nd level or higher, you can target one additional creature for each slot level above 1st.</p>
				</description>
				<duration type="string">Concentration, up to 1 minute</duration>
				<group type="string">Spells</group>
				<level type="number">1</level>
				<locked type="number">1</locked>
				<name type="string">Bless (30) (C)</name>
				<prepared type="number">1</prepared>
				<range type="string">30 feet</range>
				<ritual type="number">0</ritual>
				<school type="string">Enchantment</school>
				<source type="string">Cleric, Cleric Life Domain, Paladin</source>
			</id-00009>
			<id-00010>
				<actions>
					<id-00001>
						<durmod type="number">10</durmod>
						<durunit type="string">minute</durunit>
						<label type="string">Protection from Evil and Good (C); IFT: TYPE(aberration, celestial, elemental, fiend, fey, undead); GRANTDISATK; IMMUNE: Charmed,Frightened</label>
						<order type="number">1</order>
						<targeting type="string">self</targeting>
						<type type="string">effect</type>
					</id-00001>
					<id-00002>
						<durmod type="number">10</durmod>
						<durunit type="string">minute</durunit>
						<label type="string">Protection from Evil and Good (C); IFT: TYPE(aberration, celestial, elemental, fiend, fey, undead); GRANTDISATK; IMMUNE: Charmed,Frightened</label>
						<order type="number">2</order>
						<type type="string">effect</type>
					</id-00002>
					<id-00003>
						<durmod type="number">10</durmod>
						<durunit type="string">minute</durunit>
						<label type="string">Protection from Evil and Good (C)</label>
						<order type="number">3</order>
						<targeting type="string">self</targeting>
						<type type="string">effect</type>
					</id-00003>
				</actions>
				<cast type="number">0</cast>
				<castingtime type="string">1 action</castingtime>
				<components type="string">V, S, M (holy water or powdered silver and iron, which the spell consumes)</components>
				<description type="formattedtext">
					<p>Until the spell ends, one willing creature you touch is protected against certain types of creatures: aberrations, celestials, elementals, fey, fiends, and undead.</p>
					<p>The protection grants several benefits. Creatures of those types have disadvantage on attack rolls against the target. The target also can't be charmed, frightened, or possessed by them. If the target is already charmed, frightened, or possessed by such a creature, the target has advantage on any new saving throw against the relevant effect.</p>
				</description>
				<duration type="string">Concentration up to 10 minutes</duration>
				<group type="string">Spells</group>
				<level type="number">1</level>
				<locked type="number">1</locked>
				<name type="string">Protection from Evil and Good (T) (C)</name>
				<prepared type="number">1</prepared>
				<range type="string">Touch</range>
				<ritual type="number">0</ritual>
				<school type="string">Abjuration</school>
				<source type="string">Cleric, Eldritch Knight, Paladin, Warlock, Wizard, Arcane Trickster</source>
			</id-00010>
			<id-00011>
				<actions>
					<id-00001>
						<durmod type="number">10</durmod>
						<durunit type="string">minute</durunit>
						<label type="string">Shield of Faith (C)</label>
						<order type="number">1</order>
						<targeting type="string">self</targeting>
						<type type="string">effect</type>
					</id-00001>
					<id-00002>
						<durmod type="number">10</durmod>
						<durunit type="string">minute</durunit>
						<label type="string">Shield of Faith (C); AC: 2</label>
						<order type="number">2</order>
						<type type="string">effect</type>
					</id-00002>
				</actions>
				<cast type="number">0</cast>
				<castingtime type="string">1 bonus action</castingtime>
				<components type="string">V, S, M (a small parchment with a bit of holy text written on it)</components>
				<description type="formattedtext">
					<p>A shimmering field appears and surrounds a creature of your choice within range, granting it a +2 bonus to AC for the duration.</p>
				</description>
				<duration type="string">Concentration, up to 10 minutes</duration>
				<group type="string">Spells</group>
				<level type="number">1</level>
				<locked type="number">1</locked>
				<name type="string">Shield of Faith (B) (60) (C)</name>
				<prepared type="number">1</prepared>
				<range type="string">60 feet</range>
				<ritual type="number">0</ritual>
				<school type="string">Abjuration</school>
				<source type="string">Cleric, Cleric War Domain, Paladin</source>
			</id-00011>
			<id-00012>
				<actions>
					<id-00001>
						<order type="number">1</order>
						<savetype type="string">wisdom</savetype>
						<type type="string">cast</type>
					</id-00001>
					<id-00002>
						<durmod type="number">0</durmod>
						<label type="string">Command Grovel; Prone</label>
						<order type="number">2</order>
						<type type="string">effect</type>
					</id-00002>
					<id-00003>
						<durmod type="number">1</durmod>
						<label type="string">Command Approach; Move toward caster</label>
						<order type="number">3</order>
						<type type="string">effect</type>
					</id-00003>
					<id-00004>
						<durmod type="number">1</durmod>
						<label type="string">Command Drop; Drops item(s) held</label>
						<order type="number">4</order>
						<type type="string">effect</type>
					</id-00004>
					<id-00005>
						<durmod type="number">1</durmod>
						<label type="string">Command Flee; Moves away as fast as possible</label>
						<order type="number">5</order>
						<type type="string">effect</type>
					</id-00005>
					<id-00006>
						<durmod type="number">1</durmod>
						<label type="string">Command Halt; Movement stopped, no actions</label>
						<order type="number">6</order>
						<type type="string">effect</type>
					</id-00006>
				</actions>
				<cast type="number">0</cast>
				<castingtime type="string">1 action</castingtime>
				<components type="string">V</components>
				<description type="formattedtext">
					<p>You speak a one-word command to a creature you can see within range. The target must succeed on a Wisdom saving throw or follow the command on its next turn. The spell has no effect if the target is undead, if it doesn't understand your language, or if your command is directly harmful to it.</p>
					<p>Some typical commands and their effects follow. You might issue a command other than one described here. If you do so, the DM determines how the target behaves. If the target can't follow your command, the spell ends.</p>
					<p>Approach.</p>
					<p>The target moves toward you by the shortest and most direct route, ending its turn if it moves within 5 feet of you.Drop.</p>
					<p>The target drops whatever it is holding and then ends its turn.Flee.</p>
					<p>The target spends its turn moving away from you by the fastest available means.Grovel.</p>
					<p>The target falls prone and then ends its turn.Halt.</p>
					<p>The target doesn't move and takes no actions. A flying creature stays aloft, provided that it is able to do so. If it must move to stay aloft, it flies the minimum distance needed to remain in the air.At Higher Levels.</p>
					<p>When you cast this spell using a spell slot of 2nd level or higher, you can affect one additional creature for each slot level above 1st. The creatures must be within 30 feet of each other when you target them.</p>
				</description>
				<duration type="string">1 round</duration>
				<group type="string">Spells</group>
				<level type="number">1</level>
				<locked type="number">1</locked>
				<name type="string">Command (60)</name>
				<prepared type="number">0</prepared>
				<range type="string">60 feet</range>
				<ritual type="number">0</ritual>
				<school type="string">Enchantment</school>
				<source type="string">Cleric, Cleric Knowledge Domain, Warlock (Fiend), Paladin</source>
			</id-00012>
			<id-00013>
				<actions>
				</actions>
				<cast type="number">0</cast>
				<castingtime type="string">1 action</castingtime>
				<components type="string">V, S</components>
				<description type="formattedtext">
					<p>Until the spell ends, one willing creature you touch is protected against certain types of creatures: aberrations, celestials, elementals, fey, fiends, and undead.</p>
					<p>The protection grants several benefits. Creatures of those types have disadvantage on attack rolls against the target. The target also can't be charmed, frightened, or possessed by them. If the target is already charmed, frightened, or possessed by such a creature, the target has advantage on any new saving throw against the relevant effect.</p>
				</description>
				<duration type="string">Instantaneous</duration>
				<group type="string">Spells</group>
				<level type="number">1</level>
				<locked type="number">1</locked>
				<name type="string">Purify Food and Drink (10)</name>
				<prepared type="number">0</prepared>
				<range type="string">10 feet</range>
				<ritual type="number">1</ritual>
				<school type="string">Transmutation</school>
				<source type="string">Cleric, Druid, Paladin</source>
			</id-00013>
		</powers>
		<profbonus type="number">2</profbonus>
		<proficiencylist>
			<id-00001>
				<name type="string">Tool: Any one musical instrument or gaming set</name>
			</id-00001>
			<id-00002>
				<name type="string">Weapon: Simple weapons, martial weapons</name>
			</id-00002>
			<id-00003>
				<name type="string">Armor: All armor, shields</name>
			</id-00003>
		</proficiencylist>
		<race type="string">Protector Aasimar</race>
		<racelink type="windowreference">
			<class>reference_race</class>
			<recordname>reference.racedata.aasimar@Volos Guide to Monsters Players</recordname>
		</racelink>
		<senses type="string">Darkvision 60</senses>
		<size type="string">Medium</size>
		<skilllist>
			<id-00001>
				<misc type="number">0</misc>
				<name type="string">Perception</name>
				<prof type="number">1</prof>
				<stat type="string">wisdom</stat>
				<total type="number">3</total>
			</id-00001>
			<id-00002>
				<misc type="number">0</misc>
				<name type="string">Arcana</name>
				<prof type="number">0</prof>
				<stat type="string">intelligence</stat>
				<total type="number">-1</total>
			</id-00002>
			<id-00003>
				<misc type="number">0</misc>
				<name type="string">Persuasion</name>
				<prof type="number">1</prof>
				<stat type="string">charisma</stat>
				<total type="number">4</total>
			</id-00003>
			<id-00004>
				<misc type="number">0</misc>
				<name type="string">Nature</name>
				<prof type="number">0</prof>
				<stat type="string">intelligence</stat>
				<total type="number">-1</total>
			</id-00004>
			<id-00005>
				<misc type="number">0</misc>
				<name type="string">Medicine</name>
				<prof type="number">1</prof>
				<stat type="string">wisdom</stat>
				<total type="number">3</total>
			</id-00005>
			<id-00006>
				<misc type="number">0</misc>
				<name type="string">Survival</name>
				<prof type="number">0</prof>
				<stat type="string">wisdom</stat>
				<total type="number">1</total>
			</id-00006>
			<id-00007>
				<misc type="number">0</misc>
				<name type="string">Performance</name>
				<prof type="number">0</prof>
				<stat type="string">charisma</stat>
				<total type="number">2</total>
			</id-00007>
			<id-00008>
				<misc type="number">0</misc>
				<name type="string">Acrobatics</name>
				<prof type="number">0</prof>
				<stat type="string">dexterity</stat>
				<total type="number">0</total>
			</id-00008>
			<id-00009>
				<misc type="number">0</misc>
				<name type="string">Religion</name>
				<prof type="number">0</prof>
				<stat type="string">intelligence</stat>
				<total type="number">-1</total>
			</id-00009>
			<id-00010>
				<misc type="number">0</misc>
				<name type="string">Athletics</name>
				<prof type="number">0</prof>
				<stat type="string">strength</stat>
				<total type="number">2</total>
			</id-00010>
			<id-00011>
				<misc type="number">0</misc>
				<name type="string">Sleight of Hand</name>
				<prof type="number">0</prof>
				<stat type="string">dexterity</stat>
				<total type="number">0</total>
			</id-00011>
			<id-00012>
				<misc type="number">0</misc>
				<name type="string">Insight</name>
				<prof type="number">1</prof>
				<stat type="string">wisdom</stat>
				<total type="number">3</total>
			</id-00012>
			<id-00013>
				<misc type="number">0</misc>
				<name type="string">Intimidation</name>
				<prof type="number">0</prof>
				<stat type="string">charisma</stat>
				<total type="number">2</total>
			</id-00013>
			<id-00014>
				<misc type="number">0</misc>
				<name type="string">Deception</name>
				<prof type="number">0</prof>
				<stat type="string">charisma</stat>
				<total type="number">2</total>
			</id-00014>
			<id-00015>
				<misc type="number">0</misc>
				<name type="string">Investigation</name>
				<prof type="number">0</prof>
				<stat type="string">intelligence</stat>
				<total type="number">-1</total>
			</id-00015>
			<id-00016>
				<misc type="number">0</misc>
				<name type="string">Stealth</name>
				<prof type="number">0</prof>
				<stat type="string">dexterity</stat>
				<total type="number">0</total>
			</id-00016>
			<id-00017>
				<misc type="number">0</misc>
				<name type="string">History</name>
				<prof type="number">0</prof>
				<stat type="string">intelligence</stat>
				<total type="number">-1</total>
			</id-00017>
			<id-00018>
				<misc type="number">0</misc>
				<name type="string">Animal Handling</name>
				<prof type="number">0</prof>
				<stat type="string">wisdom</stat>
				<total type="number">1</total>
			</id-00018>
			<id-00019>
				<locked type="number">1</locked>
				<misc type="number">0</misc>
				<name type="string">Lute</name>
				<prof type="number">1</prof>
				<stat type="string">charisma</stat>
				<text type="formattedtext">
					<p>Play a little dittle</p>
				</text>
				<total type="number">4</total>
			</id-00019>
		</skilllist>
		<speed>
			<armor type="number">0</armor>
			<base type="number">30</base>
			<misc type="number">0</misc>
			<temporary type="number">0</temporary>
			<total type="number">30</total>
		</speed>
		<temp>
		</temp>
		<token type="token">portrait_id-00013_token</token>
		<traitlist>
			<id-00001>
				<locked type="number">1</locked>
				<name type="string">Celestial Resistance</name>
				<source type="string">Aasimar</source>
				<text type="formattedtext">
					<p>You have resistance to necrotic damage and radiant damage.</p>
				</text>
				<type type="string">racial</type>
			</id-00001>
			<id-00002>
				<locked type="number">1</locked>
				<name type="string">Light Bearer</name>
				<source type="string">Aasimar</source>
				<text type="formattedtext">
					<p>You know the light cantrip. Charisma is your spellcasting ability for it.</p>
					<linklist>
						<link class="reference_spell" recordname="reference.spelldata.light@*"><b>Cantrip: </b></link>Light</linklist>
				</text>
				<type type="string">racial</type>
			</id-00002>
			<id-00003>
				<locked type="number">1</locked>
				<name type="string">Healing Hands</name>
				<source type="string">Aasimar</source>
				<text type="formattedtext">
					<p>As an action, you can touch a creature and cause it to regain a number of hit points equal to your level. Once you use this trait, you can't use it again until you finish a long rest.</p>
				</text>
				<type type="string">racial</type>
			</id-00003>
			<id-00004>
				<locked type="number">1</locked>
				<name type="string">Radiant Soul</name>
				<source type="string">Protector Aasimar</source>
				<text type="formattedtext">
					<p>Starting at 3rd level, you can use your action to unleash the divine energy within yourself, causing your eyes to glimmer and two luminous, incorporeal wings to sprout from your back.</p>
					<p>Your transformation lasts for 1 minute or until you end it as a bonus action. During it, you have a flying speed of 30 feet, and once on each of your turns, you can deal extra radiant damage to one target when you deal damage to it with an attack or a spell. The extra radiant damage equals your level.</p>
					<p>Once you use this trait, you can't use it again until you finish a long rest.</p>
				</text>
				<type type="string">subracial</type>
			</id-00004>
		</traitlist>
		<weapon>
			<critdicebonus>
				<melee type="number">0</melee>
				<ranged type="number">0</ranged>
			</critdicebonus>
			<critrange>
				<melee type="number">20</melee>
				<ranged type="number">20</ranged>
			</critrange>
		</weapon>
		<weaponlist>
			<id-00001>
				<attackbonus type="number">0</attackbonus>
				<carried type="number">2</carried>
				<damagelist>
					<id-00001>
						<bonus type="number">0</bonus>
						<dice type="dice">d8</dice>
						<stat type="string">base</stat>
						<type type="string">slashing</type>
					</id-00001>
				</damagelist>
				<isidentified type="number">1</isidentified>
				<maxammo type="number">0</maxammo>
				<name type="string">Chauntea's Justice</name>
				<prof type="number">1</prof>
				<shortcut type="windowreference">
					<class>item</class>
					<recordname>....inventorylist.id-00009</recordname>
				</shortcut>
				<type type="number">0</type>
			</id-00001>
			<id-00002>
				<attackbonus type="number">0</attackbonus>
				<carried type="number">2</carried>
				<damagelist>
					<id-00001>
						<bonus type="number">0</bonus>
						<dice type="dice">d6</dice>
						<stat type="string">base</stat>
						<type type="string">slashing</type>
					</id-00001>
				</damagelist>
				<isidentified type="number">1</isidentified>
				<maxammo type="number">0</maxammo>
				<name type="string">Handaxe</name>
				<prof type="number">1</prof>
				<shortcut type="windowreference">
					<class>item</class>
					<recordname>....inventorylist.id-00011</recordname>
				</shortcut>
				<type type="number">0</type>
			</id-00002>
			<id-00003>
				<attackbonus type="number">0</attackbonus>
				<carried type="number">2</carried>
				<damagelist>
					<id-00001>
						<bonus type="number">0</bonus>
						<dice type="dice">d6</dice>
						<stat type="string">base</stat>
						<type type="string">slashing</type>
					</id-00001>
				</damagelist>
				<isidentified type="number">1</isidentified>
				<maxammo type="number">1</maxammo>
				<name type="string">Handaxe</name>
				<prof type="number">1</prof>
				<shortcut type="windowreference">
					<class>item</class>
					<recordname>....inventorylist.id-00011</recordname>
				</shortcut>
				<type type="number">2</type>
			</id-00003>
			<id-00004>
				<attackbonus type="number">0</attackbonus>
				<carried type="number">2</carried>
				<damagelist>
					<id-00001>
						<bonus type="number">0</bonus>
						<dice type="dice">d10</dice>
						<stat type="string">base</stat>
						<type type="string">slashing</type>
					</id-00001>
				</damagelist>
				<maxammo type="number">0</maxammo>
				<name type="string">Chauntea's Justice (Two handed use)</name>
				<prof type="number">1</prof>
				<properties type="string">Two Handed</properties>
				<shortcut type="windowreference">
					<class></class>
					<recordname></recordname>
				</shortcut>
				<type type="number">0</type>
			</id-00004>
		</weaponlist>
	</character>
</root>
