<?xml version="1.0" encoding="iso-8859-1"?>
<root version="3.3" release="8|CoreRPG:3">
	<character>
		<abilities>
			<charisma>
				<bonus type="number">1</bonus>
				<save type="number">1</save>
				<savemodifier type="number">0</savemodifier>
				<saveprof type="number">0</saveprof>
				<score type="number">12</score>
			</charisma>
			<constitution>
				<bonus type="number">1</bonus>
				<save type="number">3</save>
				<savemodifier type="number">0</savemodifier>
				<saveprof type="number">1</saveprof>
				<score type="number">12</score>
			</constitution>
			<dexterity>
				<bonus type="number">3</bonus>
				<save type="number">3</save>
				<savemodifier type="number">0</savemodifier>
				<saveprof type="number">0</saveprof>
				<score type="number">16</score>
			</dexterity>
			<intelligence>
				<bonus type="number">3</bonus>
				<save type="number">5</save>
				<savemodifier type="number">0</savemodifier>
				<saveprof type="number">1</saveprof>
				<score type="number">16</score>
			</intelligence>
			<strength>
				<bonus type="number">-1</bonus>
				<save type="number">-1</save>
				<savemodifier type="number">0</savemodifier>
				<saveprof type="number">0</saveprof>
				<score type="number">8</score>
			</strength>
			<wisdom>
				<bonus type="number">0</bonus>
				<save type="number">0</save>
				<savemodifier type="number">0</savemodifier>
				<saveprof type="number">0</saveprof>
				<score type="number">11</score>
			</wisdom>
		</abilities>
		<adventurelist>
		</adventurelist>
		<age type="string">59</age>
		<alignment type="string">Neutral/Good</alignment>
		<background type="string">Guild Merchant</background>
		<backgroundlink type="windowreference">
			<class>reference_background</class>
			<recordname>reference.backgrounddata.guildmerchant@DD PHB Deluxe</recordname>
		</backgroundlink>
		<bonds type="string">I created a great work for someone, and then found them unworthy to receive it. I'm still looking for someone worthy.</bonds>
		<classes>
			<id-00001>
				<casterlevelinvmult type="number">3</casterlevelinvmult>
				<casterpactmagic type="number">0</casterpactmagic>
				<hddie type="dice">d8</hddie>
				<hdused type="number">0</hdused>
				<level type="number">3</level>
				<name type="string">Artificer</name>
				<shortcut type="windowreference">
					<class>reference_class</class>
					<recordname>reference.classdata.UAartificer@Unearthed Arcana</recordname>
				</shortcut>
			</id-00001>
		</classes>
		<coins>
			<slot1>
				<amount type="number">0</amount>
			</slot1>
			<slot2>
				<amount type="number">0</amount>
			</slot2>
			<slot3>
				<amount type="number">31</amount>
			</slot3>
			<slot4>
				<amount type="number">0</amount>
			</slot4>
			<slot5>
				<amount type="number">0</amount>
			</slot5>
			<slot6>
				<amount type="number">0</amount>
			</slot6>
		</coins>
		<defenses>
			<ac>
				<armor type="number">2</armor>
				<disstealth type="number">0</disstealth>
				<misc type="number">0</misc>
				<prof type="number">1</prof>
				<shield type="number">0</shield>
				<temporary type="number">0</temporary>
				<total type="number">15</total>
			</ac>
		</defenses>
		<encumbrance>
			<encumbered type="number">40</encumbered>
			<encumberedheavy type="number">80</encumberedheavy>
			<liftpushdrag type="number">240</liftpushdrag>
			<load type="number">34.01</load>
			<max type="number">120</max>
		</encumbrance>
		<exp type="number">323</exp>
		<expneeded type="number">400</expneeded>
		<featlist>
		</featlist>
		<featurelist>
			<id-00001>
				<locked type="number">1</locked>
				<name type="string">Guild Membership</name>
				<source type="string">Guild Merchant</source>
				<text type="formattedtext">
					<p>As an established and respected member of a guild, you can rely on certain benefits that membership provides. Your fellow guild members will provide you with lodging and food if necessary, and pay for your funeral if needed. In some cities and towns, a guildhall offers a central place to meet other members of your profession, which can be a good place to meet potential patrons, allies, or hirelings.</p>
					<p>Guilds often wield tremendous political power. If you are accused of a crime, your guild w ill support you if a good case can be made for your innocence or the crime is justifiable. You can also gain access to powerful political figures through the guild, if you are a member in good standing. Such connections might require the donation of money or magic items to the guild's coffers. You must pay dues of 5 gp per month to the guild. If you miss payments, you must make up back dues to remain in the guild's good graces.</p>
				</text>
			</id-00001>
			<id-00002>
				<level type="number">3</level>
				<locked type="number">1</locked>
				<name type="string">Gunsmith</name>
				<source type="string">Artificer</source>
				<text type="formattedtext">
					<p>A master of engineering, you forge a firearm powered by a combination of science and magic.</p>
					<h>Features</h>
					<linklist>
						<link class="reference_classfeature" recordname="reference.classdata.UAartificer.features.gunsmithmastersmith@Unearthed Arcana">Master Smith</link>
						<link class="reference_classfeature" recordname="reference.classdata.UAartificer.features.gunsmiththundercannon@Unearthed Arcana">Thunder Cannon</link>
						<link class="reference_classfeature" recordname="reference.classdata.UAartificer.features.gunsmitharcanemagazine@Unearthed Arcana">Arcane Magazine</link>
						<link class="reference_classfeature" recordname="reference.classdata.UAartificer.features.gunsmiththundermonger@Unearthed Arcana">Thunder Monger</link>
						<link class="reference_classfeature" recordname="reference.classdata.UAartificer.features.gunsmithblastwave@Unearthed Arcana">Blast Wave</link>
						<link class="reference_classfeature" recordname="reference.classdata.UAartificer.features.gunsmithpiercinground@Unearthed Arcana">Piercing Ground</link>
						<link class="reference_classfeature" recordname="reference.classdata.UAartificer.features.gunsmithexplosiveround@Unearthed Arcana">Explosive Round</link>
					</linklist>
				</text>
			</id-00002>
			<id-00003>
				<level type="number">1</level>
				<locked type="number">1</locked>
				<name type="string">Arcane Magazine</name>
				<source type="string">Artificer</source>
				<specialization type="string">Gunsmith</specialization>
				<text type="formattedtext">
					<p>At 1st level, you craft a leather bag used to carry your tools and ammunition for your Thunder Cannon. Your Arcane Magazine includes the powders, lead shot, and other materials needed to keep that weapon functioning.</p>
					<p>You can use the Arcane Magazine to produce ammunition for your gun. At the end of each long rest, you can magically produce 40 rounds of ammunition with this magazine. After each short rest, you can produce 10 rounds.</p>
					<p>If you lose your Arcane Magazine, you can create a new one as part of a long rest, using 25 gp of leather and other raw materials.</p>
				</text>
			</id-00003>
			<id-00004>
				<level type="number">1</level>
				<locked type="number">1</locked>
				<name type="string">Thunder Cannon</name>
				<source type="string">Artificer</source>
				<specialization type="string">Gunsmith</specialization>
				<text type="formattedtext">
					<p>At 1st level, you forge a deadly firearm using a combination of arcane magic and your knowledge of engineering and metallurgy. This firearm is called a Thunder Cannon. It is a ferocious weapon that fires leaden bullets that can punch through armor with ease.</p>
					<p>You are proficient with the Thunder Cannon. The firearm is a two-handed ranged weapon that deals 2d6 piercing damage. Its normal range is 150 feet, and its maximum range if 500 feet. Once fired, it must be reloaded as a bonus action.</p>
					<p>If you lose your Thunder Cannon, you can create a new one over the course of three days of work (eight hours each day) by expending 100 gp worth of metal and other raw materials.</p>
				</text>
			</id-00004>
			<id-00005>
				<level type="number">1</level>
				<locked type="number">1</locked>
				<name type="string">Master Smith</name>
				<source type="string">Artificer</source>
				<specialization type="string">Gunsmith</specialization>
				<text type="formattedtext">
					<p>When you choose this specialization at 1st level, you gain proficiency with smith's tools, and you learn the <i>mending </i>cantrip.</p>
				</text>
			</id-00005>
			<id-00006>
				<level type="number">1</level>
				<locked type="number">1</locked>
				<name type="string">Magic Item Analysis</name>
				<source type="string">Artificer</source>
				<text type="formattedtext">
					<p>Starting at 1st level, your understanding of magic items allows you to analyze and understand their secrets. You know the artificer spells <i>detect magic </i>and <i>identify </i>, and you can cast them as rituals. You don't need to provide a material component when casting <i>identify </i>with this class feature.</p>
				</text>
			</id-00006>
			<id-00007>
				<level type="number">2</level>
				<locked type="number">1</locked>
				<name type="string">Wondrous Invention</name>
				<source type="string">Artificer</source>
				<text type="formattedtext">
					<p>At 2nd level, you gain the use of a magic item that you have crafted. Choose the item from the list of 2nd-level items below.</p>
					<p>Crafting an item is a difficult task. When you gain a magic item from this feature, it reflects long hours of study, tinkering, and experimentation that allowed you to finally complete the item. You are assumed to work on this item in your leisure time and to finish it when you level up.</p>
					<p>You complete another item of your choice when you reach certain levels in this class: 5th, 10th, 15th, and 20th level. The item you choose must be on the list for your current artificer level or a lower level.</p>
					<p>These magic items are detailed in the <i>Dungeon Master's Guide </i>.</p>
					<p><b>2nd Level: </b><i>bag of holding, cap of water breathing, driftglobe, goggles of night, sending stones</i></p>
					<p><b>5th Level: </b><i>alchemy jug, helm of comprehending languages, lantern of revealing, ring of swimming, robe of useful items, rope of climbing, wand of magic detection, wand of secrets</i></p>
					<p><b>10th Level: </b><i>bag of beans, chime of opening, decanter of endless water, eyes of minute seeing, folding boat, Heward's handy haversack</i></p>
					<p><b>15th Level: </b><i>boots of striding and springing, bracers of archery, brooch of shielding, broom of flying, hat of disguise, slippers of spider climbing</i></p>
					<p><b>20th Level: </b><i>eyes of the eagle, gem of brightness, gloves of missile snaring, gloves of swimming and climbing, ring of jumping, ring of mind shielding, wings of flying</i></p>
				</text>
			</id-00007>
			<id-00008>
				<level type="number">2</level>
				<locked type="number">1</locked>
				<name type="string">Tool Expertise</name>
				<source type="string">Artificer</source>
				<text type="formattedtext">
					<p>Starting at 2nd level, your proficiency bonus is doubled for any ability check you make that uses any of the tool proficiencies you gain from this class.</p>
				</text>
			</id-00008>
			<id-00009>
				<level type="number">3</level>
				<locked type="number">1</locked>
				<name type="string">Thunder Monger</name>
				<source type="string">Artificer</source>
				<specialization type="string">Gunsmith</specialization>
				<text type="formattedtext">
					<p>At 3rd level, you learn to channel thunder energy into your Thunder Cannon. As an action, you can make a special attack with your Thunder Cannon that deals an extra 1d6 thunder damage on a hit.</p>
					<p>This extra damage increases by 1d6 when you reach certain levels in this class: 5th level (2d6), 7th level (3d6), 9th level (4d6), 11th level (5d6), 13th level (6d6), 15th level (7d6), 17th level (8d6), and 19th level (9d6).</p>
				</text>
			</id-00009>
			<id-00010>
				<level type="number">3</level>
				<locked type="number">1</locked>
				<name type="string">Spellcasting</name>
				<source type="string">Artificer</source>
				<text type="formattedtext">
					<p>As part of your study of magic, you gain the ability to cast spells at 3rd level. The spells you learn are limited in scope, primarily concerned with modifying creatures and objects or creating items.</p>
					<h>Spell Slots</h>
					<p>The Artificer table shows how many spell slots you have to cast your spells of 1st level and higher. To cast one of these spells, you must expend a slot of the spell's level or higher. You regain all expended spell slots when you finish a long rest.</p>
					<h>Spells Known of 1st Level and Higher</h>
					<p>You know three 1st-level spells of your choice from the artificer spell list below.</p>
					<p>The Spells Known column of the Artificer table shows when you learn more artificer spells of your choice from this feature. Each of these spells must be of a level for which you have spell slots on the Artificer table.</p>
					<p>Additionally, when you gain a level in this class, you can choose one of the artificer spells you know from this feature and replace it with another spell from the artificer spell list. The new spell must also be of a level for which you have spell slots on the Artificer table.</p>
					<h>Spellcasting Ability</h>
					<p>Intelligence is your spellcasting ability for your artificer spells; your understanding of the theory behind magic allows you to wield these spells with superior skill. You use your Intelligence whenever an artificer spell refers to your spellcasting ability. In addition, you use your Intelligence modifier when setting the saving throw DC for an artificer spell you cast and when making an attack roll with one.</p>
					<p><b>Spell save DC </b>= 8 + your proficiency bonus + your Intelligence modifier</p>
					<p><b>Spell attack modifier </b>= your proficiency bonus + your Intelligence modifier</p>
					<h>Spellcasting Focus</h>
					<p>You can use an arcane focus as a spellcasting focus for your artificer spells. See chapter 5, &#34;Equipment,&#34; in the <i>Player's Handbook </i>for various arcane focus options.</p>
					<h>Artificer Spell List</h>
					<p><b>1st Level: </b><i>alarm, cure wounds, disguise self, expeditious retreat, false life, jump, longstrider, sanctuary, shield of faith</i></p>
					<p><b>2nd Level: </b><i>aid, alter self, arcane lock, blur, continual flame, darkvision, enhance ability, enlarge/reduce, invisibility, lesser restoration, levitate, magic weapon, protection from poison, rope trick, see invisibility, spider climb</i></p>
					<p><b>3rd Level: </b><i>blink, fly, gaseous form, glyph of warding, haste, protection from energy, revivify, water breathing, water walk</i></p>
					<p><b>4th Level: </b><i>arcane eye, death ward, fabricate, freedom of movement, Leomund's secret chest, Mordenkainen's faithful hound, Mordenkainen's private sanctum, Otiluke's resilient sphere, stone shape, stoneskin</i></p>
				</text>
			</id-00010>
		</featurelist>
		<flaws type="string">I'll do anything to get my hands on something rare or priceless.</flaws>
		<gender type="string">Female</gender>
		<height type="string">3'6&#34;</height>
		<hp>
			<deathsavefail type="number">0</deathsavefail>
			<deathsavesuccess type="number">0</deathsavesuccess>
			<temporary type="number">0</temporary>
			<total type="number">21</total>
			<wounds type="number">0</wounds>
		</hp>
		<ideals type="string">Aspiration. I work hard to be the best there is at my craft.</ideals>
		<initiative>
			<misc type="number">0</misc>
			<temporary type="number">0</temporary>
			<total type="number">3</total>
		</initiative>
		<inventorylist>
			<id-00002>
				<carried type="number">0</carried>
				<cost type="string">25 gp</cost>
				<count type="number">1</count>
				<description type="formattedtext">
					<p>These special tools include the items needed to pursue a craft or trade. The table shows examples of the most common types of tools, each providing items related to a single craft. Proficiency with a set of artisan's tools lets you add your proficiency bonus to any ability checks you make using the tools in your craft. Each type of artisan's tools requires a separate proficiency.</p>
				</description>
				<isidentified type="number">1</isidentified>
				<location type="string">bag of Holding</location>
				<locked type="number">1</locked>
				<name type="string">Jeweler's Tools</name>
				<subtype type="string">Artisan's Tools</subtype>
				<type type="string">Tools</type>
				<weight type="number">2</weight>
			</id-00002>
			<id-00003>
				<carried type="number">0</carried>
				<cost type="string">1 gp</cost>
				<count type="number">1</count>
				<description type="formattedtext">
					<p>These special tools include the items needed to pursue a craft or trade. The table shows examples of the most common types of tools, each providing items related to a single craft. Proficiency with a set of artisan's tools lets you add your proficiency bonus to any ability checks you make using the tools in your craft. Each type of artisan's tools requires a separate proficiency.</p>
				</description>
				<isidentified type="number">1</isidentified>
				<location type="string">bag of Holding</location>
				<locked type="number">1</locked>
				<name type="string">Cook's Utensils</name>
				<subtype type="string">Artisan's Tools</subtype>
				<type type="string">Tools</type>
				<weight type="number">8</weight>
			</id-00003>
			<id-00004>
				<ac type="number">12</ac>
				<bonus type="number">0</bonus>
				<carried type="number">2</carried>
				<cost type="string">45 gp</cost>
				<count type="number">1</count>
				<description type="formattedtext">
					<p>Made from supple and thin materials, light armor favors agile adventurers since it offers some protection without sacrificing mobility. If you wear light armor, you add your Dexterity modifier to the base number from your armor type to determine your Armor Class.</p>
					<p>Made from tough but flexible leather, studded leather is reinforced with close-set rivets or spikes.</p>
				</description>
				<dexbonus type="string">Yes</dexbonus>
				<isidentified type="number">1</isidentified>
				<locked type="number">1</locked>
				<name type="string">Studded Leather</name>
				<stealth type="string">-</stealth>
				<strength type="string">-</strength>
				<subtype type="string">Light Armor</subtype>
				<type type="string">Armor</type>
				<weight type="number">13</weight>
			</id-00004>
			<id-00005>
				<carried type="number">0</carried>
				<cost type="string">25 gp</cost>
				<count type="number">1</count>
				<description type="formattedtext">
					<p>This set of tools includes a small file, a set of lock picks, a small mirror mounted on a metal handle, a set of narrow-bladed scissors, and a pair of pliers. Proficiency with these tools lets you add your proficiency bonus to any ability checks you make to disarm traps or open locks.</p>
				</description>
				<isidentified type="number">1</isidentified>
				<location type="string">bag of Holding</location>
				<locked type="number">1</locked>
				<name type="string">Thieves' Tools</name>
				<subtype type="string">Kits / Sets</subtype>
				<type type="string">Tools</type>
				<weight type="number">1</weight>
			</id-00005>
			<id-00006>
				<carried type="number">0</carried>
				<cost type="string">5 cp</cost>
				<count type="number">10</count>
				<isidentified type="number">1</isidentified>
				<location type="string">bag of Holding</location>
				<locked type="number">1</locked>
				<name type="string">Piton</name>
				<subtype type="string">Standard</subtype>
				<type type="string">Adventuring Gear</type>
				<weight type="number">0.25</weight>
			</id-00006>
			<id-00007>
				<carried type="number">0</carried>
				<cost type="string">5 sp</cost>
				<count type="number">10</count>
				<description type="formattedtext">
					<p>Rations consist of dry foods suitable for extended travel, including jerky, dried fruit, hardtack, and nuts.</p>
				</description>
				<isidentified type="number">1</isidentified>
				<location type="string">bag of Holding</location>
				<locked type="number">1</locked>
				<name type="string">Rations (1 Day)</name>
				<subtype type="string">Standard</subtype>
				<type type="string">Adventuring Gear</type>
				<weight type="number">2</weight>
			</id-00007>
			<id-00008>
				<carried type="number">0</carried>
				<cost type="string">2 sp</cost>
				<count type="number">1</count>
				<isidentified type="number">1</isidentified>
				<location type="string">bag of Holding</location>
				<locked type="number">1</locked>
				<name type="string">Waterskin</name>
				<subtype type="string">Standard</subtype>
				<type type="string">Adventuring Gear</type>
				<weight type="number">5</weight>
			</id-00008>
			<id-00009>
				<carried type="number">1</carried>
				<cost type="string">2 gp</cost>
				<count type="number">1</count>
				<isidentified type="number">1</isidentified>
				<locked type="number">1</locked>
				<name type="string">Backpack</name>
				<subtype type="string">Standard</subtype>
				<type type="string">Adventuring Gear</type>
				<weight type="number">5</weight>
			</id-00009>
			<id-00010>
				<carried type="number">0</carried>
				<cost type="string">1 gp</cost>
				<count type="number">1</count>
				<isidentified type="number">1</isidentified>
				<location type="string">bag of Holding</location>
				<locked type="number">1</locked>
				<name type="string">Hammer</name>
				<subtype type="string">Standard</subtype>
				<type type="string">Adventuring Gear</type>
				<weight type="number">3</weight>
			</id-00010>
			<id-00011>
				<carried type="number">0</carried>
				<cost type="string">1 cp</cost>
				<count type="number">10</count>
				<description type="formattedtext">
					<p>A torch burns for 1 hour, providing bright light in a 20-foot radius and dim light for an additional 20 feet. If you make a melee attack with a burning torch and hit, it deals 1 fire damage.</p>
				</description>
				<isidentified type="number">1</isidentified>
				<location type="string">bag of Holding</location>
				<locked type="number">1</locked>
				<name type="string">Torch</name>
				<subtype type="string">Standard</subtype>
				<type type="string">Adventuring Gear</type>
				<weight type="number">1</weight>
			</id-00011>
			<id-00012>
				<carried type="number">0</carried>
				<cost type="string">5 sp</cost>
				<count type="number">1</count>
				<description type="formattedtext">
					<p>This small container holds flint, fire steel, and tinder (usually dry cloth soaked in light oil) used to kindle a fire. Using it to light a torch-or anything else with abundant, exposed fuel-takes an action. Lighting any other fire takes 1 minute.</p>
				</description>
				<isidentified type="number">1</isidentified>
				<location type="string">bag of Holding</location>
				<locked type="number">1</locked>
				<name type="string">Tinderbox</name>
				<subtype type="string">Standard</subtype>
				<type type="string">Adventuring Gear</type>
				<weight type="number">1</weight>
			</id-00012>
			<id-00013>
				<carried type="number">0</carried>
				<cost type="string">2 gp</cost>
				<count type="number">1</count>
				<description type="formattedtext">
					<p>Using a crowbar grants advantage to Strength checks where the crowbar's leverage can be applied.</p>
				</description>
				<isidentified type="number">1</isidentified>
				<location type="string">bag of Holding</location>
				<locked type="number">1</locked>
				<name type="string">Crowbar</name>
				<subtype type="string">Standard</subtype>
				<type type="string">Adventuring Gear</type>
				<weight type="number">5</weight>
			</id-00013>
			<id-00014>
				<carried type="number">0</carried>
				<cost type="string">1 gp</cost>
				<count type="number">1</count>
				<isidentified type="number">1</isidentified>
				<location type="string">bag of Holding</location>
				<locked type="number">1</locked>
				<name type="string">Rope, Hempen (50 Feet)</name>
				<subtype type="string">Standard</subtype>
				<type type="string">Adventuring Gear</type>
				<weight type="number">10</weight>
			</id-00014>
			<id-00016>
				<ac type="number">0</ac>
				<bonus type="number">0</bonus>
				<carried type="number">1</carried>
				<cost type="string">101 - 500 gp</cost>
				<count type="number">1</count>
				<description type="formattedtext">
					<h>Description</h>
					<linklist>
						<link class="imagewindow" recordname="image.img_bag_of_holding_jpg@*"><b>Image: </b></link>Bag of Holding</linklist>
					<p>This bag has an interior space considerably larger than its outside dimensions, roughly 2 feet in diameter at the mouth and 4 feet deep. The bag can hold up to 500 pounds, not exceeding a volume of 64 cubic feet.</p>
					<p>The bag weighs 15 pounds, regardless of its contents.</p>
					<p>Retrieving an item from the bag requires an action.</p>
					<p>If the bag is overloaded, pierced, or torn, it ruptures and is destroyed, and its contents are scattered in the Astral Plane. If the bag is turned inside out, its contents spill forth, unharmed, but the bag must be put right before it can be used again. Breathing creatures inside the bag can survive up to a number of minutes equal to 10 divided by the number of creatures (minimum 1 minute), after which time they begin to suffocate.</p>
					<p>Placing a bag of holding inside an extra dimensional space created by a <i>Heward's handy haversack </i>, <i>portable hole </i>, or similar item instantly destroys both items and opens a gate to the Astral Plane. The gate originates where the one item was placed inside the other. Any creature within 10 feet of the gate is sucked through it to a random location on the Astral Plane. The gate then closes. The gate is one-way only and can't be reopened.</p>
				</description>
				<isidentified type="number">1</isidentified>
				<location type="string">backpack</location>
				<locked type="number">1</locked>
				<name type="string">Bag of Holding</name>
				<nonid_name type="string">Bag</nonid_name>
				<nonidentified type="string">A bag made of brightly colored pieces of cloth sewn together with fine thread and with a leather strap.</nonidentified>
				<properties type="string">Magic</properties>
				<rarity type="string">Uncommon</rarity>
				<spells>
					<id-00001>
						<link type="windowreference">
							<class></class>
							<recordname></recordname>
						</link>
						<name type="string">Bag of Holding</name>
					</id-00001>
					<id-00002>
						<link type="windowreference">
							<class></class>
							<recordname></recordname>
						</link>
						<name type="string">Bag (H)</name>
					</id-00002>
				</spells>
				<type type="string">Wondrous Item</type>
				<weight type="number">15</weight>
			</id-00016>
			<id-00017>
				<ac type="number">0</ac>
				<bonus type="number">0</bonus>
				<carried type="number">2</carried>
				<cost type="string">501 - 5,000 gp</cost>
				<count type="number">1</count>
				<description type="formattedtext">
					<h>Description</h>
					<linklist>
						<link class="imagewindow" recordname="reference.imagedata.img_ring_of_free_action_jpg@*"><b>Image: </b></link>Ring of Free Action</linklist>
					<p>While you wear this ring, difficult terrain doesn't cost you extra movement. In addition, magic can neither reduce your speed nor cause you to be paralyzed or restrained.</p>
				</description>
				<isidentified type="number">1</isidentified>
				<location type="string">finger</location>
				<locked type="number">1</locked>
				<name type="string">Ring of Free Action</name>
				<nonid_name type="string">Signet Ring</nonid_name>
				<nonidentified type="string">A chunky ring made of interlocked silver links with a large square-cut aquamarine setting.</nonidentified>
				<properties type="string">Magic</properties>
				<rarity type="string">Rare (Requires Attunement)</rarity>
				<spells>
					<id-00001>
						<link type="windowreference">
							<class></class>
							<recordname></recordname>
						</link>
						<name type="string">Ring of Free Action</name>
					</id-00001>
					<id-00002>
						<link type="windowreference">
							<class></class>
							<recordname></recordname>
						</link>
						<name type="string">Signet Ring</name>
					</id-00002>
				</spells>
				<type type="string">Ring</type>
				<weight type="number">0.01</weight>
			</id-00017>
			<id-00018>
				<ac type="number">0</ac>
				<bonus type="number">0</bonus>
				<carried type="number">2</carried>
				<count type="number">1</count>
				<damage type="string">2d6</damage>
				<description type="formattedtext">
					<p>At 1st level, you forge a deadly firearm using a combination of arcane magic and your knowledge of engineering and metallurgy. This firearm is called a Thunder Cannon. It is a ferocious weapon that fires leaden bullets that can punch through armor with ease.</p>
					<p>You are proficient with the Thunder Cannon. The firearm is a two-handed ranged weapon that deals 2d6 piercing damage. Its normal range is 150 feet, and its maximum range if 500 feet. Once fired, it must be reloaded as a bonus action.</p>
					<p>If you lose your Thunder Cannon, you can create a new one over the course of three days of work (eight hours each day) by expending 100 gp worth of metal and other raw materials.</p>
				</description>
				<isidentified type="number">1</isidentified>
				<locked type="number">1</locked>
				<name type="string">Thunder Cannon</name>
				<properties type="string">piercing</properties>
				<subtype type="string">Ranged</subtype>
				<type type="string">Weapon</type>
				<weight type="number">1</weight>
			</id-00018>
		</inventorylist>
		<languagelist>
			<id-00001>
				<name type="string">Common</name>
			</id-00001>
			<id-00002>
				<name type="string">Gnomish</name>
			</id-00002>
			<id-00003>
				<name type="string">Draconic</name>
			</id-00003>
		</languagelist>
		<level type="number">3</level>
		<name type="string">Zinbi the Tinkier</name>
		<perception type="number">10</perception>
		<perceptionmodifier type="number">0</perceptionmodifier>
		<personalitytraits type="string">I believe that anything worth doing is worth doing right. I can't help it- I'm a perfectionist.</personalitytraits>
		<powerdisplaymode type="string">action</powerdisplaymode>
		<powergroup>
			<id-00001>
				<castertype type="string">memorization</castertype>
				<name type="string">Spells</name>
				<stat type="string">intelligence</stat>
			</id-00001>
			<id-00002>
				<name type="string">Spells ritual</name>
			</id-00002>
			<id-00003>
				<castertype type="string">memorization</castertype>
				<name type="string">Spells (Artificer)</name>
				<stat type="string">intelligence</stat>
			</id-00003>
			<id-00004>
				<castertype type="string">memorization</castertype>
				<name type="string">Spells (Artificer)</name>
				<stat type="string">intelligence</stat>
			</id-00004>
			<id-00005>
				<castertype type="string">memorization</castertype>
				<name type="string">Spells (Artificer)</name>
				<stat type="string">intelligence</stat>
			</id-00005>
		</powergroup>
		<powermeta>
			<pactmagicslots1>
				<max type="number">0</max>
				<used type="number">0</used>
			</pactmagicslots1>
			<pactmagicslots2>
				<max type="number">0</max>
				<used type="number">0</used>
			</pactmagicslots2>
			<pactmagicslots3>
				<max type="number">0</max>
				<used type="number">0</used>
			</pactmagicslots3>
			<pactmagicslots4>
				<max type="number">0</max>
				<used type="number">0</used>
			</pactmagicslots4>
			<pactmagicslots5>
				<max type="number">0</max>
				<used type="number">0</used>
			</pactmagicslots5>
			<pactmagicslots6>
				<max type="number">0</max>
				<used type="number">0</used>
			</pactmagicslots6>
			<pactmagicslots7>
				<max type="number">0</max>
				<used type="number">0</used>
			</pactmagicslots7>
			<pactmagicslots8>
				<max type="number">0</max>
				<used type="number">0</used>
			</pactmagicslots8>
			<pactmagicslots9>
				<max type="number">0</max>
				<used type="number">0</used>
			</pactmagicslots9>
			<spellslots1>
				<max type="number">2</max>
				<used type="number">1</used>
			</spellslots1>
			<spellslots2>
				<max type="number">0</max>
			</spellslots2>
			<spellslots3>
				<max type="number">0</max>
			</spellslots3>
			<spellslots4>
				<max type="number">0</max>
			</spellslots4>
			<spellslots5>
				<max type="number">0</max>
			</spellslots5>
			<spellslots6>
				<max type="number">0</max>
			</spellslots6>
			<spellslots7>
				<max type="number">0</max>
			</spellslots7>
			<spellslots8>
				<max type="number">0</max>
			</spellslots8>
			<spellslots9>
				<max type="number">0</max>
			</spellslots9>
		</powermeta>
		<powermode type="string">combat</powermode>
		<powers>
			<id-00001>
				<actions>
				</actions>
				<cast type="number">0</cast>
				<castingtime type="string">1 minute</castingtime>
				<components type="string">V, S</components>
				<description type="formattedtext">
					<p>You choose one object that you must touch throughout the casting of the spell. If it is a magic item or some other magic-imbued object, you learn its properties and how to use them, whether it requires attunement to use, and how many charges it has, if any. You learn whether any spells are affecting the item and what they are. If the item was created by a spell, you learn which spell created it.</p>
					<p>If you instead touch a creature throughout the casting, you learn what spells, if any, are currently affecting it.</p>
				</description>
				<duration type="string">Instantaneous</duration>
				<group type="string">Spells ritual</group>
				<level type="number">1</level>
				<locked type="number">1</locked>
				<name type="string">Identify</name>
				<prepared type="number">0</prepared>
				<range type="string">Touch</range>
				<ritual type="number">1</ritual>
				<school type="string">Divination</school>
				<source type="string">Bard, Cleric Knowledge Domain, Eldritch Knight, Wizard, Arcane Trickster</source>
			</id-00001>
			<id-00002>
				<actions>
					<id-00001>
						<durmod type="number">10</durmod>
						<durunit type="string">minute</durunit>
						<label type="string">AC: 2; (C)</label>
						<order type="number">1</order>
						<type type="string">effect</type>
					</id-00001>
				</actions>
				<cast type="number">0</cast>
				<castingtime type="string">1 bonus action</castingtime>
				<components type="string">V, S, M (a small parchment with a bit of holy text written on it)</components>
				<description type="formattedtext">
					<p>A shimmering field appears and surrounds a creature of your choice within range, granting it a +2 bonus to AC for the duration.</p>
				</description>
				<duration type="string">Concentration, up to 10 minutes</duration>
				<group type="string">Spells</group>
				<level type="number">1</level>
				<locked type="number">1</locked>
				<name type="string">Shield of Faith</name>
				<prepared type="number">1</prepared>
				<range type="string">60 feet</range>
				<ritual type="number">0</ritual>
				<school type="string">Abjuration</school>
				<source type="string">Cleric, Cleric War Domain, Paladin</source>
			</id-00002>
			<id-00003>
				<actions>
					<id-00001>
						<durmod type="number">1</durmod>
						<durunit type="string">minute</durunit>
						<label type="string">NOTE: Sanctuary</label>
						<order type="number">1</order>
						<type type="string">effect</type>
					</id-00001>
				</actions>
				<cast type="number">0</cast>
				<castingtime type="string">1 bonus action</castingtime>
				<components type="string">V, S, M (a small silver mirror)</components>
				<description type="formattedtext">
					<p>You ward a creature within range against attack. Until the spell ends, any creature who targets the warded creature with an attack or a harmful spell must first make a Wisdom saving throw. On a failed save, the creature must choose a new target or lose the attack or spell. This spell doesn't protect the warded creature from area effects, such as the explosion of a fireball. If the warded creature makes an attack or casts a spell that affects an enemy creature, this spell ends.</p>
				</description>
				<duration type="string">1 minute</duration>
				<group type="string">Spells</group>
				<level type="number">1</level>
				<locked type="number">1</locked>
				<name type="string">Sanctuary</name>
				<prepared type="number">1</prepared>
				<range type="string">30 feet</range>
				<ritual type="number">0</ritual>
				<school type="string">Abjuration</school>
				<source type="string">Cleric, Monk</source>
			</id-00003>
			<id-00004>
				<actions>
					<id-00001>
						<heallist>
							<id-00001>
								<bonus type="number">0</bonus>
								<dice type="dice">d8</dice>
								<stat type="string">base</stat>
							</id-00001>
						</heallist>
						<order type="number">1</order>
						<type type="string">heal</type>
					</id-00001>
				</actions>
				<cast type="number">0</cast>
				<castingtime type="string">1 action</castingtime>
				<components type="string">V, S</components>
				<description type="formattedtext">
					<p>A creature you touch regains a number of hit points equal to 1d8 + your spellcasting ability modifier. This spell has no effect on undead or constructs.</p>
					<p><b>At Higher Levels. </b>When you cast this spell using a spell slot of 2nd level or higher, the healing increases by 1d8 for each slot level above 1st.</p>
				</description>
				<duration type="string">Instantaneous</duration>
				<group type="string">Spells</group>
				<level type="number">1</level>
				<locked type="number">1</locked>
				<name type="string">Cure Wounds</name>
				<prepared type="number">1</prepared>
				<range type="string">Touch</range>
				<school type="string">Evocation</school>
				<source type="string">Bard, Cleric, Cleric Life Domain, Druid, Paladin, Ranger</source>
			</id-00004>
			<id-00005>
				<actions>
				</actions>
				<cast type="number">0</cast>
				<castingtime type="string">1 action</castingtime>
				<components type="string">S, M (a bit of fleece)</components>
				<description type="formattedtext">
					<p>You create a sound or an image of an object within range that lasts for the duration. The illusion also ends if you dismiss it as an action or cast this spell again.</p>
					<p>If you create a sound, its volume can range from a whisper to a scream. It can be your voice, someone else's voice, a lion's roar, a beating of drums, or any other sound you choose. The sound continues unabated throughout the duration, or you can make discrete sounds at different times before the spell ends.</p>
					<p>If you create an image of an object-such as a chair, muddy footprints, or a small chest-it must be no larger than a 5-foot cube. The image can't create sound, light, smell, or any other sensory effect. Physical interaction with the image reveals it to be an illusion, because things can pass through it.</p>
					<p>If a creature uses its action to examine the sound or image, the creature can determine that it is an illusion with a successful Intelligence (Investigation) check against your spell save DC. If a creature discerns the illusion for what it is, the illusion becomes faint to the creature.</p>
				</description>
				<duration type="string">1 minute</duration>
				<group type="string">Spells</group>
				<level type="number">0</level>
				<locked type="number">1</locked>
				<name type="string">Minor Illusion</name>
				<prepared type="number">0</prepared>
				<range type="string">30 feet</range>
				<ritual type="number">0</ritual>
				<school type="string">Illusion</school>
				<source type="string">Bard, Eldritch Knight, Monk, Sorcerer, Warlock, Wizard, Arcane Trickster</source>
			</id-00005>
			<id-00006>
				<actions>
					<id-00001>
						<apply type="string">roll</apply>
						<durmod type="number">0</durmod>
						<label type="string">DMG: 1d6 thunder</label>
						<order type="number">1</order>
						<targeting type="string">self</targeting>
						<type type="string">effect</type>
					</id-00001>
				</actions>
				<cast type="number">0</cast>
				<description type="formattedtext">
					<p>At 3rd level, you learn to channel thunder energy into your Thunder Cannon. As an action, you can make a special attack with your Thunder Cannon that deals an extra 1d6 thunder damage on a hit.</p>
					<p>This extra damage increases by 1d6 when you reach certain levels in this class: 5th level (2d6), 7th level (3d6), 9th level (4d6), 11th level (5d6), 13th level (6d6), 15th level (7d6), 17th level (8d6), and 19th level (9d6).</p>
				</description>
				<group type="string">Spells (Artificer)</group>
				<level type="number">0</level>
				<locked type="number">1</locked>
				<name type="string">Thunder Monger</name>
				<prepared type="number">0</prepared>
				<ritual type="number">0</ritual>
				<specialization type="string">Gunsmith</specialization>
				<specializationchoice type="number">0</specializationchoice>
			</id-00006>
			<id-00007>
				<actions>
				</actions>
				<cast type="number">0</cast>
				<castingtime type="string">1 minute</castingtime>
				<components type="string">V, S, M (two lodestones)</components>
				<description type="formattedtext">
					<p>This spell repairs a single break or tear in an object you touch, such as a broken chain link, two halves of a broken key, a torn cloak, or a leaking wineskin. As long as the break or tear is no larger than 1 foot in any dimension, you mend it. leaving no trace of the former damage.</p>
					<p>This spell can physically repair a magic item or construct, but the spell can't restore magic to such an object.</p>
				</description>
				<duration type="string">Instantaneous</duration>
				<group type="string">Spells</group>
				<level type="number">0</level>
				<locked type="number">1</locked>
				<name type="string">Mending</name>
				<prepared type="number">0</prepared>
				<range type="string">Touch</range>
				<school type="string">Transmutation</school>
				<source type="string">Bard, Cleric, Druid, Eldritch Knight, Sorcerer, Wizard, Arcane Trickster</source>
			</id-00007>
			<id-00008>
				<actions>
				</actions>
				<cast type="number">0</cast>
				<castingtime type="string">1 action</castingtime>
				<components type="string">V, S</components>
				<description type="formattedtext">
					<p>For the duration, you sense the presence of magic within 30 feet of you. If you sense magic in this way, you can use your action to see a faint aura around any visible creature or object in the area that bears magic, and you learn its school of magic, if any.</p>
					<p>The spell can penetrate most barriers, but it is blocked by 1 foot of stone, 1 inch of common metal, a thin sheet of lead, or 3 feet of wood or dirt.</p>
				</description>
				<duration type="string">Concentration, up to 10 minutes</duration>
				<group type="string">Spells ritual</group>
				<level type="number">1</level>
				<locked type="number">1</locked>
				<name type="string">Detect Magic</name>
				<prepared type="number">0</prepared>
				<range type="string">Self</range>
				<ritual type="number">1</ritual>
				<school type="string">Divination</school>
				<source type="string">Bard, Cleric, Druid, Eldritch Knight, Eldritch Invocations, Paladin, Ranger, Sorcerer, Wizard, Arcane Trickster</source>
			</id-00008>
			<id-00009>
				<actions>
					<id-00001>
						<durmod type="number">0</durmod>
						<label type="string">ADVSAV: intelligence,wisdom,charisma</label>
						<order type="number">1</order>
						<targeting type="string">self</targeting>
						<type type="string">effect</type>
					</id-00001>
				</actions>
				<cast type="number">0</cast>
				<description type="formattedtext">
					<p>You have advantage on all Intelligence, Wisdom, and Charisma saving throws against magic.</p>
				</description>
				<group type="string">Spells (Artificer)</group>
				<level type="number">0</level>
				<locked type="number">1</locked>
				<name type="string">Gnome Cunning</name>
				<prepared type="number">0</prepared>
				<ritual type="number">0</ritual>
				<source type="string">Gnome</source>
				<type type="string">racial</type>
			</id-00009>
		</powers>
		<profbonus type="number">2</profbonus>
		<proficiencylist>
			<id-00001>
				<name type="string">Tool: One type of artisan's tools</name>
			</id-00001>
			<id-00002>
				<name type="string">Weapon: Simple weapons</name>
			</id-00002>
			<id-00003>
				<name type="string">Tool: Thieves' tools, two other tools of your choice</name>
			</id-00003>
			<id-00004>
				<name type="string">Armor: Light and medium armor</name>
			</id-00004>
		</proficiencylist>
		<race type="string">Forest Gnome</race>
		<racelink type="windowreference">
			<class>reference_race</class>
			<recordname>reference.racedata.gnome@DD PHB Deluxe</recordname>
		</racelink>
		<senses type="string">Darkvision 60,</senses>
		<size type="string">Small</size>
		<skilllist>
			<id-00001>
				<misc type="number">0</misc>
				<name type="string">Perception</name>
				<prof type="number">0</prof>
				<stat type="string">wisdom</stat>
				<total type="number">0</total>
			</id-00001>
			<id-00002>
				<misc type="number">0</misc>
				<name type="string">Arcana</name>
				<prof type="number">1</prof>
				<stat type="string">intelligence</stat>
				<total type="number">5</total>
			</id-00002>
			<id-00003>
				<misc type="number">0</misc>
				<name type="string">History</name>
				<prof type="number">0</prof>
				<stat type="string">intelligence</stat>
				<total type="number">3</total>
			</id-00003>
			<id-00004>
				<misc type="number">0</misc>
				<name type="string">Persuasion</name>
				<prof type="number">1</prof>
				<stat type="string">charisma</stat>
				<total type="number">3</total>
			</id-00004>
			<id-00005>
				<misc type="number">0</misc>
				<name type="string">Nature</name>
				<prof type="number">1</prof>
				<stat type="string">intelligence</stat>
				<total type="number">5</total>
			</id-00005>
			<id-00006>
				<misc type="number">0</misc>
				<name type="string">Medicine</name>
				<prof type="number">0</prof>
				<stat type="string">wisdom</stat>
				<total type="number">0</total>
			</id-00006>
			<id-00007>
				<misc type="number">0</misc>
				<name type="string">Survival</name>
				<prof type="number">0</prof>
				<stat type="string">wisdom</stat>
				<total type="number">0</total>
			</id-00007>
			<id-00008>
				<misc type="number">0</misc>
				<name type="string">Performance</name>
				<prof type="number">0</prof>
				<stat type="string">charisma</stat>
				<total type="number">1</total>
			</id-00008>
			<id-00009>
				<misc type="number">0</misc>
				<name type="string">Acrobatics</name>
				<prof type="number">0</prof>
				<stat type="string">dexterity</stat>
				<total type="number">3</total>
			</id-00009>
			<id-00010>
				<misc type="number">0</misc>
				<name type="string">Religion</name>
				<prof type="number">0</prof>
				<stat type="string">intelligence</stat>
				<total type="number">3</total>
			</id-00010>
			<id-00011>
				<misc type="number">0</misc>
				<name type="string">Athletics</name>
				<prof type="number">0</prof>
				<stat type="string">strength</stat>
				<total type="number">-1</total>
			</id-00011>
			<id-00012>
				<misc type="number">0</misc>
				<name type="string">Sleight of Hand</name>
				<prof type="number">0</prof>
				<stat type="string">dexterity</stat>
				<total type="number">3</total>
			</id-00012>
			<id-00013>
				<misc type="number">0</misc>
				<name type="string">Insight</name>
				<prof type="number">1</prof>
				<stat type="string">wisdom</stat>
				<total type="number">2</total>
			</id-00013>
			<id-00014>
				<misc type="number">0</misc>
				<name type="string">Intimidation</name>
				<prof type="number">0</prof>
				<stat type="string">charisma</stat>
				<total type="number">1</total>
			</id-00014>
			<id-00015>
				<misc type="number">0</misc>
				<name type="string">Deception</name>
				<prof type="number">0</prof>
				<stat type="string">charisma</stat>
				<total type="number">1</total>
			</id-00015>
			<id-00016>
				<misc type="number">0</misc>
				<name type="string">Investigation</name>
				<prof type="number">1</prof>
				<stat type="string">intelligence</stat>
				<total type="number">5</total>
			</id-00016>
			<id-00017>
				<misc type="number">0</misc>
				<name type="string">Stealth</name>
				<prof type="number">0</prof>
				<stat type="string">dexterity</stat>
				<total type="number">3</total>
			</id-00017>
			<id-00018>
				<misc type="number">0</misc>
				<name type="string">Animal Handling</name>
				<prof type="number">0</prof>
				<stat type="string">wisdom</stat>
				<total type="number">0</total>
			</id-00018>
			<id-00019>
				<misc type="number">0</misc>
				<name type="string">Thieves' Tools</name>
				<prof type="number">2</prof>
				<stat type="string">dexterity</stat>
				<text type="formattedtext">
					<p></p>
				</text>
				<total type="number">7</total>
			</id-00019>
			<id-00020>
				<misc type="number">0</misc>
				<name type="string">Tinker's Tools</name>
				<prof type="number">2</prof>
				<stat type="string">intelligence</stat>
				<text type="formattedtext">
					<p></p>
				</text>
				<total type="number">7</total>
			</id-00020>
			<id-00021>
				<misc type="number">0</misc>
				<name type="string">Smith's Tools</name>
				<prof type="number">2</prof>
				<stat type="string">dexterity</stat>
				<text type="formattedtext">
					<p></p>
				</text>
				<total type="number">7</total>
			</id-00021>
			<id-00022>
				<misc type="number">0</misc>
				<name type="string">Cook's Utensils</name>
				<prof type="number">2</prof>
				<stat type="string">intelligence</stat>
				<total type="number">7</total>
			</id-00022>
			<id-00023>
				<misc type="number">0</misc>
				<name type="string">Jeweler's Tools</name>
				<prof type="number">1</prof>
				<stat type="string">dexterity</stat>
				<total type="number">5</total>
			</id-00023>
		</skilllist>
		<speed>
			<armor type="number">0</armor>
			<base type="number">25</base>
			<misc type="number">0</misc>
			<temporary type="number">0</temporary>
			<total type="number">25</total>
		</speed>
		<temp>
		</temp>
		<token type="token">portrait_id-00005_token</token>
		<traitlist>
			<id-00001>
				<locked type="number">1</locked>
				<name type="string">Gnome Cunning</name>
				<source type="string">Gnome</source>
				<text type="formattedtext">
					<p>You have advantage on all Intelligence, Wisdom, and Charisma saving throws against magic.</p>
				</text>
				<type type="string">racial</type>
			</id-00001>
			<id-00002>
				<locked type="number">1</locked>
				<name type="string">Speak with Small Beasts</name>
				<source type="string">Forest Gnome</source>
				<text type="formattedtext">
					<p>Through sounds and gestures, you can communicate simple ideas with Small or smaller beasts. Forest gnomes love animals and keep any animal they can find as a beloved pet-squirrels, badgers, rabbits, moles, woodpeckers, and so on.</p>
				</text>
				<type type="string">subracial</type>
			</id-00002>
			<id-00003>
				<locked type="number">1</locked>
				<name type="string">Natural Illusionist</name>
				<source type="string">Forest Gnome</source>
				<text type="formattedtext">
					<p>You know the minor illusion cantrip. Intelligence is your spellcasting ability for it.</p>
				</text>
				<type type="string">subracial</type>
			</id-00003>
		</traitlist>
		<weaponlist>
			<id-00007>
				<ammo type="number">1</ammo>
				<attackbonus type="number">0</attackbonus>
				<carried type="number">2</carried>
				<damagelist>
					<id-00001>
						<bonus type="number">0</bonus>
						<dice type="dice">d6,d6</dice>
						<stat type="string">base</stat>
						<type type="string">piercing</type>
					</id-00001>
				</damagelist>
				<maxammo type="number">40</maxammo>
				<name type="string">Thunder Cannon</name>
				<prof type="number">1</prof>
				<shortcut type="windowreference">
					<class></class>
					<recordname></recordname>
				</shortcut>
				<type type="number">1</type>
			</id-00007>
		</weaponlist>
		<weight type="string">38</weight>
	</character>
</root>
