<?xml version="1.0" encoding="iso-8859-1"?>
<root version="3.3" release="8|CoreRPG:3">
	<character>
		<abilities>
			<charisma>
				<bonus type="number">3</bonus>
				<save type="number">5</save>
				<savemodifier type="number">0</savemodifier>
				<saveprof type="number">1</saveprof>
				<score type="number">16</score>
			</charisma>
			<constitution>
				<bonus type="number">0</bonus>
				<save type="number">0</save>
				<savemodifier type="number">0</savemodifier>
				<saveprof type="number">0</saveprof>
				<score type="number">10</score>
			</constitution>
			<dexterity>
				<bonus type="number">1</bonus>
				<save type="number">1</save>
				<savemodifier type="number">0</savemodifier>
				<saveprof type="number">0</saveprof>
				<score type="number">12</score>
			</dexterity>
			<intelligence>
				<bonus type="number">1</bonus>
				<save type="number">1</save>
				<savemodifier type="number">0</savemodifier>
				<saveprof type="number">0</saveprof>
				<score type="number">13</score>
			</intelligence>
			<strength>
				<bonus type="number">0</bonus>
				<save type="number">0</save>
				<savemodifier type="number">0</savemodifier>
				<saveprof type="number">0</saveprof>
				<score type="number">10</score>
			</strength>
			<wisdom>
				<bonus type="number">2</bonus>
				<save type="number">4</save>
				<savemodifier type="number">0</savemodifier>
				<saveprof type="number">1</saveprof>
				<score type="number">14</score>
			</wisdom>
		</abilities>
		<adventurelist>
		</adventurelist>
		<age type="string">23</age>
		<alignment type="string">Lawful Evil</alignment>
		<appearance type="string">Race-Dragonborn. Scales-Black as onyx. Eyes-Green as a lush garden. Nails-1 inch long and sharp as a knife. Teeth-Jagged and sharp. Tail-3 feet long.</appearance>
		<background type="string">Acolyte</background>
		<backgroundlink type="windowreference">
			<class>reference_background</class>
			<recordname>reference.backgrounddata.acolyte@DD PHB Deluxe</recordname>
		</backgroundlink>
		<bonds type="string">I will someday get revenge on the corrupt temple hierarchy who branded me a heretic.</bonds>
		<classes>
			<id-00001>
				<casterlevelinvmult type="number">1</casterlevelinvmult>
				<casterpactmagic type="number">1</casterpactmagic>
				<hddie type="dice">d8</hddie>
				<hdused type="number">0</hdused>
				<level type="number">3</level>
				<name type="string">Warlock</name>
				<shortcut type="windowreference">
					<class>reference_class</class>
					<recordname>reference.classdata.warlock@DD PHB Deluxe</recordname>
				</shortcut>
			</id-00001>
		</classes>
		<coins>
			<slot1>
				<amount type="number">5</amount>
				<name type="string">Gp</name>
			</slot1>
			<slot2>
				<amount type="number">0</amount>
			</slot2>
			<slot3>
				<amount type="number">0</amount>
			</slot3>
			<slot4>
				<amount type="number">0</amount>
			</slot4>
			<slot5>
				<amount type="number">0</amount>
			</slot5>
			<slot6>
				<amount type="number">0</amount>
			</slot6>
		</coins>
		<defenses>
			<ac>
				<armor type="number">2</armor>
				<disstealth type="number">0</disstealth>
				<misc type="number">0</misc>
				<prof type="number">1</prof>
				<shield type="number">0</shield>
				<temporary type="number">0</temporary>
				<total type="number">13</total>
			</ac>
		</defenses>
		<deity type="string">Night Serpent</deity>
		<encumbrance>
			<encumbered type="number">50</encumbered>
			<encumberedheavy type="number">100</encumberedheavy>
			<liftpushdrag type="number">300</liftpushdrag>
			<load type="number">33.4</load>
			<max type="number">150</max>
		</encumbrance>
		<exp type="number">330</exp>
		<expneeded type="number">400</expneeded>
		<featlist>
		</featlist>
		<featurelist>
			<id-00001>
				<locked type="number">1</locked>
				<name type="string">Shelter of the Faithful</name>
				<source type="string">Acolyte</source>
				<text type="formattedtext">
					<p>As an acolyte, you command the respect of those who share your faith, and you can perform the religious ceremonies of your deity. You and your adventuring companions can expect to receive free healing and care at a temple, shrine, or other established presence of your faith, though you must provide any material components needed for spells. Those who share your religion will support you (but only you) at a modest lifestyle.</p>
					<p>You might also have ties to a specific temple dedicated to your chosen deity or pantheon, and you have a residence there. This could be the temple where you used to serve, if you remain on good terms with it, or a temple where you have found a new home. While near your temple, you can call upon the priests for assistance, provided the assistance you ask for is not hazardous and you remain in good standing with your temple.</p>
				</text>
			</id-00001>
			<id-00002>
				<level type="number">2</level>
				<locked type="number">1</locked>
				<name type="string">Eldritch Invocations</name>
				<source type="string">Warlock</source>
				<text type="formattedtext">
					<p>In your study of occult lore, you have unearthed eldritch invocations, fragments of forbidden knowledge that imbue you with an abiding magical ability.</p>
					<p>At 2nd level, you gain two eldritch invocations of your choice. Your invocation options are detailed at the end of the class description. When you gain certain warlock levels, you gain additional invocations of your choice, as shown in the Invocations Known column of the Warlock table.</p>
					<p>Additionally, when you gain a level in this class, you can choose one of the invocations you know and replace it with another invocation that you could learn at that level.</p>
					<p>A level prerequisite in an invocation refers to warlock level, not character level.</p>
					<h>Eldritch Invocations</h>
					<p>If an eldritch invocation has prerequisites, you must meet them to learn it. You can learn the invocation at the same time that you meet its prerequisites.</p>
					<table>
						<tr>
							<td><b>Name</b></td>
							<td><b>Prerequisite</b></td>
							<td colspan="5"><b>Description</b></td>
						</tr>
						<tr>
							<td><b>Agonizing Blast</b></td>
							<td>eldritch blast cantrip</td>
							<td colspan="5">When you cast eldritch blast, add your Charisma modifier to the damage it deals on a hit.</td>
						</tr>
					</table>
					<linklist>
						<link class="reference_spell" recordname="reference.spelldata.eldritchblast@DD PHB Deluxe"><b>Spell: </b></link>Eldritch Blast</linklist>
					<table>
						<tr>
							<td><b>Armor of Shadows</b></td>
							<td>-</td>
							<td colspan="5">You can cast <i>mage armor </i>on yourself at will, without expending a spell slot or material components.</td>
						</tr>
					</table>
					<linklist>
						<link class="reference_spell" recordname="reference.spelldata.magearmor@DD PHB Deluxe"><b>Spell: </b></link>Mage Armor</linklist>
					<table>
						<tr>
							<td><b>Ascendant Step</b></td>
							<td>9th level</td>
							<td colspan="5">You can cast <i>levitate </i>on yourself at will, without expending a spell slot or material components.</td>
						</tr>
					</table>
					<linklist>
						<link class="reference_spell" recordname="reference.spelldata.levitate@DD PHB Deluxe"><b>Spell: </b></link>Levitate</linklist>
					<table>
						<tr>
							<td><b>Beast Speech</b></td>
							<td>-</td>
							<td colspan="5">You can cast <i>speak with animals </i>at will, without expending a spell slot.</td>
						</tr>
					</table>
					<linklist>
						<link class="reference_spell" recordname="reference.spelldata.speakwithanimals@DD PHB Deluxe"><b>Spell: </b></link>Speak with Animals</linklist>
					<table>
						<tr>
							<td><b>Beguiling Influence</b></td>
							<td>-</td>
							<td colspan="5">You gain proficiency in the Deception and Persuasion skills.</td>
						</tr>
						<tr>
							<td><b>Bewitching Whispers</b></td>
							<td>7th level</td>
							<td colspan="5">You can cast <i>compulsion </i>once using a warlock spell slot.You can't do so again until you finish a long rest.</td>
						</tr>
					</table>
					<linklist>
						<link class="reference_spell" recordname="reference.spelldata.compulsion@DD PHB Deluxe"><b>Spell: </b></link>Compulsion</linklist>
					<table>
						<tr>
							<td><b>Book of Ancient Secrets</b></td>
							<td>Pact of the Tome feature</td>
							<td colspan="5">You can now inscribe magical rituals in your Book of Shadows. Choose two 1st-level spells that have the ritual tag from any class's spell list. The rituals needn't be from the same spell list. The spells appear in the book and don't count against the number of spells you know. With your Book of Shadows in hand, you can cast the chosen spells as rituals. You can't cast the spells except as rituals, unless you've learned them by some other means. You can also cast a warlock spell you know as a ritual if it has the ritual tag. On your adventures, you can add other ritual spells to your Book of Shadows. When you find such a spell, you can add it to the book if the spell's level is equal to or less than half your warlock level (rounded up) and if you can spare the time to transcribe the spell. For each level of the spell, the transcription process takes 2 hours and costs 50 gp for the rare inks needed to inscribe it.</td>
						</tr>
						<tr>
							<td><b>Chains of Carceri</b></td>
							<td>15th level, Pact of the Chain feature</td>
							<td colspan="5">You can cast <i>hold monster </i>at will-targeting a celestial, fiend, or elemental-without expending a spell slot or material components. You must finish a long rest before you can use this invocation on the same creature again.</td>
						</tr>
					</table>
					<linklist>
						<link class="reference_spell" recordname="reference.spelldata.holdmonster@DD PHB Deluxe"><b>Spell: </b></link>Hold Monster</linklist>
					<table>
						<tr>
							<td><b>Devil's Sight</b></td>
							<td>-</td>
							<td colspan="5">You can see normally in darkness, both magical and nonmagical, to a distance of 120 feet.</td>
						</tr>
						<tr>
							<td><b>Dreadful Word</b></td>
							<td>7th level</td>
							<td colspan="5">You can cast <i>confusion </i>once using a warlock spell slot. You can't do so again until you finish a long rest.</td>
						</tr>
					</table>
					<linklist>
						<link class="reference_spell" recordname="reference.spelldata.confusion@DD PHB Deluxe"><b>Spell: </b></link>Confusion</linklist>
					<table>
						<tr>
							<td><b>Eldritch Sight</b></td>
							<td>-</td>
							<td colspan="5">You can cast <i>detect magic </i>at will, without expending a spell slot.</td>
						</tr>
					</table>
					<linklist>
						<link class="reference_spell" recordname="reference.spelldata.detectmagic@DD PHB Deluxe"><b>Spell: </b></link>Detect Magic</linklist>
					<table>
						<tr>
							<td><b>Eldritch Spear</b></td>
							<td>eldritch blast cantrip</td>
							<td colspan="5">When you cast eldritch blast, its range is 300 feet.</td>
						</tr>
					</table>
					<linklist>
						<link class="reference_spell" recordname="reference.spelldata.eldritchblast@DD PHB Deluxe"><b>Spell: </b></link>Eldritch Blast</linklist>
					<table>
						<tr>
							<td><b>Eyes of the Rune Keeper</b></td>
							<td>-</td>
							<td colspan="5">You can read all writing.</td>
						</tr>
						<tr>
							<td><b>Fiendish Vigor</b></td>
							<td>-</td>
							<td colspan="5">You can cast <i>false life </i>on yourself at will as a 1st-level spell, without expending a spell slot or material components.</td>
						</tr>
					</table>
					<linklist>
						<link class="reference_spell" recordname="reference.spelldata.falselife@DD PHB Deluxe"><b>Spell: </b></link>False Life</linklist>
					<table>
						<tr>
							<td><b>Gaze of Two Minds</b></td>
							<td>-</td>
							<td colspan="5">You can use your action to touch a willing humanoid and perceive through its senses until the end of your next turn. As long as the creature is on the same plane of existence as you, you can use your action on subsequent turns to maintain this connection, extending the duration until the end of your next turn. While perceiving through the other creature's senses, you benefit from any special senses possessed by that creature, and you are blinded and deafened to your own surroundings.</td>
						</tr>
						<tr>
							<td><b>Lifedrinker</b></td>
							<td>12th level, Pact of the Blade feature</td>
							<td colspan="5">When you hit a creature with your pact weapon, the creature takes extra necrotic damage equal to your Charisma modifier (minimum 1).</td>
						</tr>
						<tr>
							<td><b>Mask of Many Faces</b></td>
							<td>-</td>
							<td colspan="5">You can cast <i>disguise self </i>at will, without expending a spell slot.</td>
						</tr>
					</table>
					<linklist>
						<link class="reference_spell" recordname="reference.spelldata.disguiseself@DD PHB Deluxe"><b>Spell: </b></link>Disguise Self</linklist>
					<table>
						<tr>
							<td><b>Master of Myriad Forms</b></td>
							<td>15th level</td>
							<td colspan="5">You can cast <i>alter self </i>at will, without expending a spell slot.</td>
						</tr>
					</table>
					<linklist>
						<link class="reference_spell" recordname="reference.spelldata.alterself@DD PHB Deluxe"><b>Spell: </b></link>Alter Self</linklist>
					<table>
						<tr>
							<td><b>Minions of Chaos</b></td>
							<td>9th level</td>
							<td colspan="5">You can cast <i>conjure elemental </i>once using a warlock spell slot. You can't do so again until you finish a long rest.</td>
						</tr>
					</table>
					<linklist>
						<link class="reference_spell" recordname="reference.spelldata.conjureelemental@DD PHB Deluxe"><b>Spell: </b></link>Conjure Elemental</linklist>
					<table>
						<tr>
							<td><b>Mire the Mind</b></td>
							<td>5th level</td>
							<td colspan="5">You can cast <i>slow </i>once using a warlock spell slot. You can't do so again until you finish a long rest.</td>
						</tr>
					</table>
					<linklist>
						<link class="reference_spell" recordname="reference.spelldata.slow@DD PHB Deluxe"><b>Spell: </b></link>Slow</linklist>
					<table>
						<tr>
							<td><b>Misty Visions</b></td>
							<td>-</td>
							<td colspan="5">You can cast <i>silent image </i>at will, without expending a spell slot or material components.</td>
						</tr>
					</table>
					<linklist>
						<link class="reference_spell" recordname="reference.spelldata.silentimage@DD PHB Deluxe"><b>Spell: </b></link>Silent Image</linklist>
					<table>
						<tr>
							<td><b>One with Shadows</b></td>
							<td>5th level</td>
							<td colspan="5">When you are in an area of dim light or darkness, you can use your action to become invisible until you move or take an action or a reaction.</td>
						</tr>
						<tr>
							<td><b>Otherworldly Leap</b></td>
							<td>9th level</td>
							<td colspan="5">You can cast <i>jump </i>on yourself at will, without expending a spell slot or material components.</td>
						</tr>
					</table>
					<linklist>
						<link class="reference_spell" recordname="reference.spelldata.jump@DD PHB Deluxe"><b>Spell: </b></link>Jump</linklist>
					<table>
						<tr>
							<td><b>Repelling Blast</b></td>
							<td>eldritch blast cantrip</td>
							<td colspan="5">When you hit a creature with eldritch blast, you can push the creature up to 10 feet away from you in a straight line.</td>
						</tr>
					</table>
					<linklist>
						<link class="reference_spell" recordname="reference.spelldata.eldritchblast@DD PHB Deluxe"><b>Spell: </b></link>Eldritch Blast</linklist>
					<table>
						<tr>
							<td><b>Sculptor of Flesh</b></td>
							<td>7th level</td>
							<td colspan="5">You can cast <i>polymorph </i>once using a warlock spell slot. You can't do so again until you finish a long rest.</td>
						</tr>
					</table>
					<linklist>
						<link class="reference_spell" recordname="reference.spelldata.polymorph@DD PHB Deluxe"><b>Spell: </b></link>Polymorph</linklist>
					<table>
						<tr>
							<td><b>Sign of Ill Omen</b></td>
							<td>5th level</td>
							<td colspan="5">You can cast <i>bestow curse </i>once using a warlock spell slot. You can't do so again until you finish a long rest.</td>
						</tr>
					</table>
					<linklist>
						<link class="reference_spell" recordname="reference.spelldata.bestowcurse@DD PHB Deluxe"><b>Spell: </b></link>Bestow Curse</linklist>
					<table>
						<tr>
							<td><b>Thief of Five Fates</b></td>
							<td>-</td>
							<td colspan="5">You can cast <i>bane </i>once using a warlock spell slot. You can't do so again until you finish a long rest.</td>
						</tr>
					</table>
					<linklist>
						<link class="reference_spell" recordname="reference.spelldata.bane@DD PHB Deluxe"><b>Spell: </b></link>Bane</linklist>
					<table>
						<tr>
							<td><b>Thirsting Blade</b></td>
							<td>5th level, Pact of the Blade feature</td>
							<td colspan="5">You can attack with your pact weapon twice, instead of once, whenever you take the Attack action on your turn.</td>
						</tr>
						<tr>
							<td><b>Visions of Distant Realms</b></td>
							<td>15th level</td>
							<td colspan="5">You can cast <i>arcane eye </i>at will, without expending a spell slot.</td>
						</tr>
					</table>
					<linklist>
						<link class="reference_spell" recordname="reference.spelldata.arcaneeye@DD PHB Deluxe"><b>Spell: </b></link>Arcane Eye</linklist>
					<table>
						<tr>
							<td><b>Voice of the Chain Master</b></td>
							<td>Pact of the Chain feature</td>
							<td colspan="5">You can communicate telepathically with your familiar and perceive through your familiar's senses as long as you are on the same plane of existence. Additionally, while perceiving through your familiar's senses, you can also speak through your familiar in your own voice, even if your familiar is normally incapable of speech.</td>
						</tr>
						<tr>
							<td><b>Whispers of the Grave</b></td>
							<td>9th level</td>
							<td colspan="5">You can cast <i>speak with dead </i>at will, without expending a spell slot.</td>
						</tr>
					</table>
					<linklist>
						<link class="reference_spell" recordname="reference.spelldata.speakwithdead@DD PHB Deluxe"><b>Spell: </b></link>Speak with Dead</linklist>
					<table>
						<tr>
							<td><b>Witch Sight</b></td>
							<td>15th level</td>
							<td colspan="5">You can see the true form of any shapechanger or creature concealed by illusion or transmutation magic while the creature is within 30 feet of you and within line of sight.</td>
						</tr>
					</table>
				</text>
			</id-00002>
			<id-00003>
				<level type="number">3</level>
				<locked type="number">1</locked>
				<name type="string">Pact Boon</name>
				<source type="string">Warlock</source>
				<text type="formattedtext">
					<p>At 3rd level, your otherworldly patron bestows a gift upon you for your loyal service. You gain one of the following features of your choice.</p>
					<h>Pact of the Chain</h>
					<p>You learn the <i>find familiar </i>spell and can cast it as a ritual. The spell doesn't count against your number of spells known.</p>
					<linklist>
						<link class="reference_spell" recordname="reference.spelldata.findfamiliar@DD PHB Deluxe"><b>Spell: </b></link>Find Familiar</linklist>
					<p>When you cast the spell, you can choose one of the normal forms for your familiar or one of the following special forms: imp, pseudodragon, quasit, or sprite. Additionally, when you take the Attack action, you can forgo one of your own attacks to allow your familiar to make one attack of its own. When you let your familiar attack, it does so with its reaction.</p>
					<h>Pact of the Blade</h>
					<p>You can use your action to create a pact weapon in your empty hand. You can choose the form that this melee weapon takes each time you create it (see chapter 5 for weapon options). You are proficient with it while you wield it. This weapon counts as magical for the purpose of overcoming resistance and immunity to nonmagical attacks and damage.</p>
					<p>Your pact weapon disappears if it is more than 5 feet away from you for 1 minute or more. It also disappears if you use this feature again, if you dismiss the weapon (no action required), or if you die.</p>
					<p>You can transform one magic weapon into your pact weapon by performing a special ritual while you hold the weapon. You perform the ritual over the course of 1 hour, which can be done during a short rest.</p>
					<p>You can then dismiss the weapon, shunting it into an extra dimensional space, and it appears whenever you create your pact weapon thereafter. You can't affect an artifact or a sentient weapon in this way. The weapon ceases being your pact weapon if you die, if you perform the 1-hour ritual on a different weapon, or if you use a 1-hour ritual to break your bond to it. The weapon appears at your feet if it is in the extra dimensional space when the bond breaks.</p>
					<h>Pact of the Tome</h>
					<p>Your patron gives you a grimoire called a Book of Shadows. When you gain this feature, choose three cantrips from any class's spell list. While the book is on your person, you can cast those cantrips at will. They don't count against your number of cantrips known. Any cantrip you cast with this feature is considered a warlock cantrip for you.</p>
					<p>If you lose your Book of Shadows, you can perform a 1-hour ceremony to receive a replacement from your patron. This ceremony can be performed during a short or long rest, and it destroys the previous book. The book turns to ash when you die.</p>
					<h>Your Pact Boon</h>
					<p>Each Pact Boon option produces a special creature or an object that reflects your patron's nature.</p>
					<p><b>Pact of the Chain. </b>Your familiar is more cunning than a typical familiar. Its default form can be a reflection of your patron, with sprites and pseudodragons tied to the Archfey and imps and quasits tied to the Fiend. Because the Great Old One's nature is inscrutable, any familiar form is suitable for it.</p>
					<p><b>Pact of the Blade. </b>If your patron is the Archfey, your weapon might be a slender blade wrapped in leafy vines. If you serve the Fiend, your weapon could be an axe made of black metal and adorned with decorative flames. If your patron is the Great Old One, your weapon might be an ancient-looking spear, with a gemstone embedded in its head, carved to look like a terrible unblinking eye.</p>
					<p><b>Pact of the Tome. </b>Your Book of Shadows might be a fine, gilt-edged tome with spells of enchantment and illusion, gifted to you by the lordly Archfey. It could be a weighty tome bound in demon hide studded with iron, holding spells of conjuration and a wealth of forbidden lore about the sinister regions of the cosmos, a gift of the Fiend. Or it could be the tattered diary of a lunatic driven mad by contact with the Great Old One, holding scraps of spells that only your own burgeoning insanity allows you to understand and cast.</p>
				</text>
			</id-00003>
			<id-00004>
				<level type="number">1</level>
				<locked type="number">1</locked>
				<name type="string">The Great Old One</name>
				<source type="string">Warlock</source>
				<text type="formattedtext">
					<p>Your patron is a mysterious entity whose nature is utterly foreign to the fabric of reality. It might come from the Far Realm, the space beyond reality, or it could be one of the elder gods known only in legends. Its motives are incomprehensible to mortals, and its knowledge so immense and ancient that even the greatest libraries pale in comparison to the vast secrets it holds. The Great Old One might be unaware of your existence or entirely indifferent to you, but the secrets you have learned allow you to draw your magic from it.</p>
					<p>Entities of this type include Ghaunadar, called That Which Lurks; Tharizdun, the Chained God; Dendar, the Night Serpent; Zargon, the Returner; Great Cthulhu; and other unfathomable beings.</p>
					<h>Features</h>
					<linklist>
						<link class="reference_classfeature" recordname="reference.classdata.warlock.features.expandedspelllist_greatoldone_1@DD PHB Deluxe">Expanded Spell List (Great Old One)</link>
						<link class="reference_classfeature" recordname="reference.classdata.warlock.features.awakenedmind1@DD PHB Deluxe">Awakened Mind</link>
						<link class="reference_classfeature" recordname="reference.classdata.warlock.features.entropicward6@DD PHB Deluxe">Entropic Ward</link>
						<link class="reference_classfeature" recordname="reference.classdata.warlock.features.thoughtshield10@DD PHB Deluxe">Thought Shield</link>
						<link class="reference_classfeature" recordname="reference.classdata.warlock.features.createthrall14@DD PHB Deluxe">Create Thrall</link>
					</linklist>
				</text>
			</id-00004>
			<id-00005>
				<level type="number">1</level>
				<locked type="number">1</locked>
				<name type="string">Pact Magic</name>
				<source type="string">Warlock</source>
				<text type="formattedtext">
					<p>Your arcane research and the magic bestowed on you by your patron have given you facility with spells. See chapter 10 for the general rules of spellcasting and chapter 11 for the warlock spell list.</p>
					<linklist>
						<link class="reference_colindex" recordname="reference.spelllists.warlock@DD PHB Deluxe">Warlock Spells</link>
					</linklist>
					<p><b>Cantrips</b></p>
					<p>You know two cantrips of your choice from the warlock spell list. You learn additional warlock cantrips of your choice at higher levels, as shown in the Cantrips Known column of the Warlock table.</p>
					<p><b>Spell Slots</b></p>
					<p>The Warlock table shows how many spell slots you have. The table also shows what the level of those slots is; all of your spell slots are the same level. To cast one of your warlock spells of 1st level or higher, you must expend a spell slot. You regain all expended spell slots when you finish a short or long rest.</p>
					<p>For example, when you are 5th level, you have two 3rd-level spell slots. To cast the 1st-level spell <i>witch bolt </i>, you must spend one of those slots, and you cast it as a 3rd-level spell.</p>
					<p><b>Spells Known of 1st Level and Higher</b></p>
					<p>At 1st level, you know two 1st-level spells of your choice from the warlock spell list.</p>
					<p>The Spells Known column of the Warlock table shows when you learn more warlock spells of your choice of 1st level and higher. A spell you choose must be of a level no higher than what's shown in the table's Slot Level column for your level. When you reach 6th level, for example, you learn a new warlock spell, which can be 1st, 2nd, or 3rd level.</p>
					<p>Additionally, when you gain a level in this class, you can choose one of the warlock spells you know and replace it with another spell from the warlock spell list, which also must be of a level for which you have spell slots.</p>
					<p><b>Spellcasting Ability</b></p>
					<p>Charisma is your spellcasting ability for your warlock spells, so you use your Charisma whenever a spell refers to your spellcasting ability. In addition, you use your Charisma modifier when setting the saving throw DC for a warlock spell you cast and when making an attack roll with one.</p>
					<p><b>Spell save DC </b>= 8 + your proficiency bonus + your Charisma modifier</p>
					<p><b>Spell attack modifier </b>= your proficiency bonus + your Charisma modifier</p>
					<p><b>Spellcasting Focus</b></p>
					<p>You can use an arcane focus (found in chapter 5) as a spellcasting focus for your warlock spells.</p>
				</text>
			</id-00005>
			<id-00006>
				<level type="number">1</level>
				<locked type="number">1</locked>
				<name type="string">Expanded Spell List (Great Old One)</name>
				<source type="string">Warlock</source>
				<specialization type="string">The Great Old One</specialization>
				<text type="formattedtext">
					<p>The Great Old One lets you choose from an expanded list of spells when you learn a warlock spell. The following spells are added to the warlock spell list for you.</p>
					<h>Great Old One Expanded Spells</h>
					<p><b>Warlock Level - Spell</b></p>
					<linklist>
						<link class="reference_spell" recordname="reference.spelldata.dissonantwhispers@DD PHB Deluxe"><b>Spell: </b></link>1st - Dissonant Whispers</linklist>
						<link class="reference_spell" recordname="reference.spelldata.tasha_shideouslaughter@DD PHB Deluxe"><b>Spell: </b></link>1st - Tasha's Hideous Laughter
						<link class="reference_spell" recordname="reference.spelldata.detectthoughts@DD PHB Deluxe"><b>Spell: </b></link>2nd - Detect Thoughts
						<link class="reference_spell" recordname="reference.spelldata.phantasmalforce@DD PHB Deluxe"><b>Spell: </b></link>2nd - Phantasmal Force
						<link class="reference_spell" recordname="reference.spelldata.clairvoyance@DD PHB Deluxe"><b>Spell: </b></link>3rd - Clairvoyance
						<link class="reference_spell" recordname="reference.spelldata.sending@DD PHB Deluxe"><b>Spell: </b></link>3rd - Sending
						<link class="reference_spell" recordname="reference.spelldata.dominatebeast@DD PHB Deluxe"><b>Spell: </b></link>4th - Dominate Beast
						<link class="reference_spell" recordname="reference.spelldata.evard_sblacktentacles@DD PHB Deluxe"><b>Spell: </b></link>4th - Evard's Black Tentacles
						<link class="reference_spell" recordname="reference.spelldata.dominateperson@DD PHB Deluxe"><b>Spell: </b></link>5th - Dominate Person
						<link class="reference_spell" recordname="reference.spelldata.telekinesis@DD PHB Deluxe"><b>Spell: </b></link>5th - Telekinesis
				</text>
			</id-00006>
			<id-00007>
				<level type="number">1</level>
				<locked type="number">1</locked>
				<name type="string">Awakened Mind</name>
				<source type="string">Warlock</source>
				<specialization type="string">The Great Old One</specialization>
				<text type="formattedtext">
					<p>Starting at 1st level, your alien knowledge gives you the ability to touch the minds of other creatures. You can communicate telepathically with any creature you can see within 30 feet of you. You don't need to share a language with the creature for it to understand your telepathic utterances, but the creature must be able to understand at least one language.</p>
				</text>
			</id-00007>
		</featurelist>
		<flaws type="string">Once I pick a goal, I become obsessed with it to the detriment of everything else in my life.</flaws>
		<gender type="string">Male</gender>
		<height type="string">6'0&#34;</height>
		<hp>
			<deathsavefail type="number">0</deathsavefail>
			<deathsavesuccess type="number">0</deathsavesuccess>
			<temporary type="number">0</temporary>
			<total type="number">18</total>
			<wounds type="number">4</wounds>
		</hp>
		<ideals type="string">Tradition. The ancient traditions of worship and sacrifice must be preserved and upheld. (Lawful)</ideals>
		<initiative>
			<misc type="number">0</misc>
			<temporary type="number">0</temporary>
			<total type="number">1</total>
		</initiative>
		<inspiration type="number">0</inspiration>
		<inventorylist>
			<id-00001>
				<carried type="number">1</carried>
				<cost type="string">1 sp</cost>
				<count type="number">1</count>
				<isidentified type="number">1</isidentified>
				<location type="string">Backpack</location>
				<locked type="number">1</locked>
				<name type="string">Parchment (One Sheet)</name>
				<subtype type="string">Standard</subtype>
				<type type="string">Adventuring Gear</type>
				<weight type="number">0.02</weight>
			</id-00001>
			<id-00002>
				<carried type="number">1</carried>
				<cost type="string">1 gp</cost>
				<count type="number">1</count>
				<isidentified type="number">1</isidentified>
				<location type="string">Backpack</location>
				<locked type="number">1</locked>
				<name type="string">Bag (Sand)</name>
				<subtype type="string">Standard</subtype>
				<type type="string">Adventuring Gear</type>
				<weight type="number">0.05</weight>
			</id-00002>
			<id-00003>
				<carried type="number">1</carried>
				<cost type="string">10 gp</cost>
				<count type="number">1</count>
				<isidentified type="number">1</isidentified>
				<location type="string">Backpack</location>
				<locked type="number">1</locked>
				<name type="string">Ink (1-ounce Bottle)</name>
				<subtype type="string">Standard</subtype>
				<type type="string">Adventuring Gear</type>
				<weight type="number">0.06</weight>
			</id-00003>
			<id-00004>
				<carried type="number">1</carried>
				<cost type="string">1 gp</cost>
				<count type="number">1</count>
				<isidentified type="number">1</isidentified>
				<location type="string">Backpack</location>
				<locked type="number">1</locked>
				<name type="string">Knife (Small)</name>
				<subtype type="string">Standard</subtype>
				<type type="string">Adventuring Gear</type>
				<weight type="number">0.25</weight>
			</id-00004>
			<id-00005>
				<carried type="number">1</carried>
				<cost type="string">2 cp</cost>
				<count type="number">1</count>
				<isidentified type="number">1</isidentified>
				<location type="string">Backpack</location>
				<locked type="number">1</locked>
				<name type="string">Ink Pen</name>
				<subtype type="string">Standard</subtype>
				<type type="string">Adventuring Gear</type>
				<weight type="number">0.02</weight>
			</id-00005>
			<id-00006>
				<carried type="number">1</carried>
				<cost type="string">25 gp</cost>
				<count type="number">1</count>
				<description type="formattedtext">
					<p>A book might contain poetry, historical accounts, information pertaining to a particular field of lore, diagrams and notes on gnomish contraptions, or just about anything else that can be represented using text or pictures. A book of spells is a spellbook (described later in this section).</p>
				</description>
				<isidentified type="number">1</isidentified>
				<location type="string">Backpack</location>
				<locked type="number">1</locked>
				<name type="string">Book</name>
				<subtype type="string">Standard</subtype>
				<type type="string">Adventuring Gear</type>
				<weight type="number">5</weight>
			</id-00006>
			<id-00007>
				<carried type="number">1</carried>
				<cost type="string">2 gp</cost>
				<count type="number">1</count>
				<isidentified type="number">1</isidentified>
				<locked type="number">1</locked>
				<name type="string">Backpack</name>
				<subtype type="string">Standard</subtype>
				<type type="string">Adventuring Gear</type>
				<weight type="number">5</weight>
			</id-00007>
			<id-00008>
				<ac type="number">0</ac>
				<bonus type="number">0</bonus>
				<carried type="number">2</carried>
				<cost type="string">2 sp</cost>
				<count type="number">1</count>
				<damage type="string">1d6 bludgeoning</damage>
				<description type="formattedtext">
					<p></p>
				</description>
				<isidentified type="number">1</isidentified>
				<locked type="number">1</locked>
				<name type="string">Quarterstaff</name>
				<properties type="string">Versatile (1d8)</properties>
				<subtype type="string">Simple Melee Weapons</subtype>
				<type type="string">Weapon</type>
				<weight type="number">4</weight>
			</id-00008>
			<id-00009>
				<ac type="number">0</ac>
				<bonus type="number">0</bonus>
				<carried type="number">2</carried>
				<cost type="string">5 cp</cost>
				<count type="number">6</count>
				<damage type="string">1d4 piercing</damage>
				<description type="formattedtext">
					<p></p>
				</description>
				<isidentified type="number">1</isidentified>
				<locked type="number">1</locked>
				<name type="string">Dart</name>
				<properties type="string">Finesse, thrown (range 20/60)</properties>
				<subtype type="string">Simple Ranged Weapons</subtype>
				<type type="string">Weapon</type>
				<weight type="number">0.25</weight>
			</id-00009>
			<id-00019>
				<carried type="number">1</carried>
				<cost type="string">2 gp</cost>
				<count type="number">1</count>
				<isidentified type="number">1</isidentified>
				<location type="string">Backpack</location>
				<locked type="number">1</locked>
				<name type="string">Clothes, Traveler's</name>
				<subtype type="string">Standard</subtype>
				<type type="string">Adventuring Gear</type>
				<weight type="number">4</weight>
			</id-00019>
			<id-00020>
				<ac type="number">12</ac>
				<carried type="number">2</carried>
				<cost type="string">45 gp</cost>
				<count type="number">1</count>
				<description type="formattedtext">
					<p>Made from supple and thin materials, light armor favors agile adventurers since it offers some protection without sacrificing mobility. If you wear light armor, you add your Dexterity modifier to the base number from your armor type to determine your Armor Class.</p>
					<p>Made from tough but flexible leather, studded leather is reinforced with close-set rivets or spikes.</p>
				</description>
				<dexbonus type="string">Yes</dexbonus>
				<isidentified type="number">1</isidentified>
				<locked type="number">1</locked>
				<name type="string">Studded Leather</name>
				<stealth type="string">-</stealth>
				<strength type="string">-</strength>
				<subtype type="string">Light Armor</subtype>
				<type type="string">Armor</type>
				<weight type="number">13</weight>
			</id-00020>
			<id-00026>
				<ac type="number">0</ac>
				<bonus type="number">0</bonus>
				<carried type="number">1</carried>
				<cost type="string">50 gp</cost>
				<count type="number">1</count>
				<description type="formattedtext">
					<p>A character who drinks the magical red fluid in this vial regains 2d4 + 2 hit points. Drinking or administering a potion takes an action.</p>
				</description>
				<isidentified type="number">1</isidentified>
				<location type="string">Backpack</location>
				<locked type="number">1</locked>
				<name type="string">Potion Of Healing</name>
				<subtype type="string">Standard</subtype>
				<type type="string">Adventuring Gear</type>
				<weight type="number">0.5</weight>
			</id-00026>
		</inventorylist>
		<languagelist>
			<id-00001>
				<name type="string">Common</name>
			</id-00001>
			<id-00002>
				<name type="string">Draconic</name>
			</id-00002>
			<id-00003>
				<name type="string">Infernal</name>
			</id-00003>
			<id-00004>
				<name type="string">Primordial</name>
			</id-00004>
		</languagelist>
		<level type="number">3</level>
		<name type="string">Apophis</name>
		<perception type="number">12</perception>
		<perceptionmodifier type="number">0</perceptionmodifier>
		<personalitytraits type="string">I see omens in every event and action. The gods try to speak to us, we just need to listen.</personalitytraits>
		<powerdisplaymode type="string">action</powerdisplaymode>
		<powergroup>
			<id-00001>
				<atkmod type="number">0</atkmod>
				<atkprof type="number">1</atkprof>
				<castertype type="string">memorization</castertype>
				<name type="string">Spells</name>
				<prepared type="number">0</prepared>
				<savemod type="number">0</savemod>
				<saveprof type="number">1</saveprof>
				<stat type="string">charisma</stat>
				<uses type="number">0</uses>
			</id-00001>
			<id-00002>
				<atkmod type="number">0</atkmod>
				<atkprof type="number">1</atkprof>
				<name type="string">Eldritch Invocations</name>
				<prepared type="number">0</prepared>
				<savemod type="number">0</savemod>
				<saveprof type="number">1</saveprof>
				<uses type="number">0</uses>
			</id-00002>
			<id-00003>
				<atkmod type="number">0</atkmod>
				<atkprof type="number">1</atkprof>
				<name type="string">Racial</name>
				<prepared type="number">0</prepared>
				<savemod type="number">0</savemod>
				<saveprof type="number">1</saveprof>
				<uses type="number">0</uses>
			</id-00003>
		</powergroup>
		<powermeta>
			<pactmagicslots1>
				<max type="number">0</max>
			</pactmagicslots1>
			<pactmagicslots2>
				<max type="number">2</max>
				<used type="number">1</used>
			</pactmagicslots2>
			<pactmagicslots3>
				<max type="number">0</max>
			</pactmagicslots3>
			<pactmagicslots4>
				<max type="number">0</max>
			</pactmagicslots4>
			<pactmagicslots5>
				<max type="number">0</max>
			</pactmagicslots5>
			<pactmagicslots6>
				<max type="number">0</max>
			</pactmagicslots6>
			<pactmagicslots7>
				<max type="number">0</max>
			</pactmagicslots7>
			<pactmagicslots8>
				<max type="number">0</max>
			</pactmagicslots8>
			<pactmagicslots9>
				<max type="number">0</max>
			</pactmagicslots9>
			<spellslots1>
				<max type="number">0</max>
			</spellslots1>
			<spellslots2>
				<max type="number">0</max>
			</spellslots2>
			<spellslots3>
				<max type="number">0</max>
			</spellslots3>
			<spellslots4>
				<max type="number">0</max>
			</spellslots4>
			<spellslots5>
				<max type="number">0</max>
			</spellslots5>
			<spellslots6>
				<max type="number">0</max>
			</spellslots6>
			<spellslots7>
				<max type="number">0</max>
			</spellslots7>
			<spellslots8>
				<max type="number">0</max>
			</spellslots8>
			<spellslots9>
				<max type="number">0</max>
			</spellslots9>
		</powermeta>
		<powermode type="string">combat</powermode>
		<powers>
			<id-00001>
				<actions>
					<id-00001>
						<order type="number">1</order>
						<savemagic type="number">1</savemagic>
						<savetype type="string">wisdom</savetype>
						<type type="string">cast</type>
					</id-00001>
					<id-00002>
						<damagelist>
							<id-00001>
								<bonus type="number">0</bonus>
								<dice type="dice">d8</dice>
								<type type="string">necrotic</type>
							</id-00001>
						</damagelist>
						<order type="number">2</order>
						<type type="string">damage</type>
					</id-00002>
					<id-00003>
						<damagelist>
							<id-00001>
								<bonus type="number">0</bonus>
								<dice type="dice">d12</dice>
								<type type="string">necrotic</type>
							</id-00001>
						</damagelist>
						<order type="number">3</order>
						<type type="string">damage</type>
					</id-00003>
				</actions>
				<cast type="number">0</cast>
				<castingtime type="string">1 action</castingtime>
				<components type="string">V, S</components>
				<description type="formattedtext">
					<p>You point at one creature you can see within range, and the sound of a dolorous bell fills the air around it for a moment. The target must succeed on a Wisdom saving throw or take 1d8 necrotic damage. If the target is missing any of its hit points, it instead takes 1d12 necrotic damage.</p>
					<p>The spell's damage increases by one die when you reach 5th level (2d8 or 2d12), 11th level (3d8 or 3d12), and 17th level (4d8 or 4d12).</p>
				</description>
				<duration type="string">Instantaneous</duration>
				<group type="string">Spells</group>
				<level type="number">0</level>
				<locked type="number">1</locked>
				<name type="string">Toll the Dead</name>
				<prepared type="number">0</prepared>
				<range type="string">60 feet</range>
				<ritual type="number">0</ritual>
				<school type="string">Necromancy</school>
				<source type="string">Cleric, Warlock, Wizard</source>
			</id-00001>
			<id-00002>
				<actions>
					<id-00001>
						<atkmod type="number">0</atkmod>
						<atkprof type="number">1</atkprof>
						<order type="number">1</order>
						<savedcmod type="number">0</savedcmod>
						<savedcprof type="number">1</savedcprof>
						<savemagic type="number">0</savemagic>
						<savetype type="string">intelligence</savetype>
						<type type="string">cast</type>
					</id-00001>
					<id-00002>
						<damagelist>
							<id-00001>
								<bonus type="number">0</bonus>
								<dice type="dice">d6</dice>
								<type type="string">psychic</type>
							</id-00001>
						</damagelist>
						<order type="number">2</order>
						<type type="string">damage</type>
					</id-00002>
					<id-00003>
						<durmod type="number">1</durmod>
						<durunit type="string">minute</durunit>
						<label type="string">Phantasmal Force (C)</label>
						<order type="number">3</order>
						<targeting type="string">self</targeting>
						<type type="string">effect</type>
					</id-00003>
				</actions>
				<cast type="number">0</cast>
				<castingtime type="string">1 action</castingtime>
				<components type="string">V, S, M (a bit of fleece)</components>
				<description type="formattedtext">
					<p>You craft an illusion that takes root in the mind of a creature that you can see within range. The target must make an Intelligence saving throw. On a failed save, you create a phantasmal object, creature, or other visible phenomenon of your choice that is no larger than a 10-foot cube and that is perceivable only to the target for the duration. This spell has no effect on undead or constructs.</p>
					<p>The phantasm includes sound, temperature, and other stimuli, also evident only to the creature.</p>
					<p>The target can use its action to examine the phantasm with an Intelligence (Investigation) check against your spell save DC. If the check succeeds, the target realizes that the phantasm is an illusion, and the spell ends. While a target is affected by the spell, the target treats the phantasm as if it were real. The target rationalizes any illogical outcomes from interacting with the phantasm. For example, a target attempting to walk across a phantasmal bridge that spans a chasm falls once it steps onto the bridge. If the target survives the fall, it still believes that the bridge exists and comes up with some other explanation for its fall-it was pushed, it slipped, or a strong wind might have knocked it off.</p>
					<p>An affected target is so convinced of the phantasm's reality that it can even take damage from the illusion. A phantasm created to appear as a creature can attack the target. Similarly, a phantasm created to appear as fire, a pool of acid, or lava can burn the target. Each round on your turn, the phantasm can deal 1d6 psychic damage to the target if it is in the phantasm's area or within 5 feet of the phantasm, provided that the illusion is of a creature or hazard that could logically deal damage, such as by attacking. The target perceives the damage as a type appropriate to the illusion.</p>
				</description>
				<duration type="string">Concentration, up to 1 minute</duration>
				<group type="string">Spells</group>
				<level type="number">2</level>
				<locked type="number">1</locked>
				<name type="string">Phantasmal Force (60) (C)</name>
				<prepared type="number">0</prepared>
				<range type="string">60 feet</range>
				<ritual type="number">0</ritual>
				<school type="string">Illusion</school>
				<source type="string">Bard, Eldritch Knight, Warlock (Archfey), Warlock (Great Old One), Sorcerer, Wizard, Arcane Trickster</source>
			</id-00002>
			<id-00003>
				<actions>
					<id-00001>
						<durmod type="number">0</durmod>
						<label type="string">Damage Resistance; RESIST: Acid</label>
						<order type="number">1</order>
						<targeting type="string">self</targeting>
						<type type="string">effect</type>
					</id-00001>
				</actions>
				<cast type="number">0</cast>
				<description type="formattedtext">
					<p>You have resistance to the damage type associated with your draconic ancestry.</p>
				</description>
				<group type="string">Racial</group>
				<level type="number">0</level>
				<locked type="number">1</locked>
				<name type="string">Dragonborn: Damage Resistance</name>
				<prepared type="number">0</prepared>
				<ritual type="number">0</ritual>
				<school type="string">Racial</school>
				<source type="string">Dragonborn</source>
				<type type="string">racial</type>
			</id-00003>
			<id-00005>
				<actions>
					<id-00001>
						<durmod type="number">1</durmod>
						<durunit type="string">hour</durunit>
						<label type="string">Hex (C); DMG: 1d6 necrotic</label>
						<order type="number">1</order>
						<targeting type="string">self</targeting>
						<type type="string">effect</type>
					</id-00001>
					<id-00003>
						<durmod type="number">1</durmod>
						<durunit type="string">hour</durunit>
						<label type="string">Hex (C); DISCHK: edit</label>
						<order type="number">2</order>
						<type type="string">effect</type>
					</id-00003>
				</actions>
				<cast type="number">0</cast>
				<castingtime type="string">1 bonus action</castingtime>
				<components type="string">V, S, M (the petrified eye of a newt)</components>
				<description type="formattedtext">
					<p>You place a curse on a creature that you can see within range. Until the spell ends, you deal an extra 1d6 necrotic damage to the target whenever you hit it with an attack. Also, choose one ability when you cast the spell. The target has disadvantage on ability checks made with the chosen ability.</p>
					<p>If the target drops to 0 hit points before this spell ends, you can use a bonus action on a subsequent turn of yours to curse a new creature.</p>
					<p>A remove curse cast on the target ends this spell early.</p>
					<p>At Higher Levels.</p>
					<p>When you cast this spell using a spell slot of 3rd or 4th level, you can maintain your concentration on the spell for up to 8 hours. When you use a spell slot of 5th level or higher, you can maintain your concentration on the spell for up to 24 hours.</p>
				</description>
				<duration type="string">Concentration, up to 1 hour</duration>
				<group type="string">Spells</group>
				<level type="number">1</level>
				<locked type="number">1</locked>
				<name type="string">Hex (B) (90) (C)</name>
				<prepared type="number">0</prepared>
				<range type="string">90 feet</range>
				<ritual type="number">0</ritual>
				<school type="string">Enchantment</school>
				<source type="string">Warlock</source>
			</id-00005>
			<id-00006>
				<actions>
					<id-00001>
						<durmod type="number">1</durmod>
						<durunit type="string">hour</durunit>
						<label type="string">Invisibility (C)</label>
						<order type="number">1</order>
						<targeting type="string">self</targeting>
						<type type="string">effect</type>
					</id-00001>
					<id-00002>
						<durmod type="number">1</durmod>
						<durunit type="string">hour</durunit>
						<label type="string">Invisibility (C); Invisible</label>
						<order type="number">2</order>
						<type type="string">effect</type>
					</id-00002>
				</actions>
				<cast type="number">0</cast>
				<castingtime type="string">1 action</castingtime>
				<components type="string">V, S, M (an eyelash encased in gum arabic)</components>
				<description type="formattedtext">
					<p>A creature you touch becomes invisible until the spell ends. Anything the target is wearing or carrying is invisible as long as it is on the target's person. The spell ends for a target that attacks or casts a spell.</p>
					<p>At Higher Levels.</p>
					<p>When you cast this spell using a spell slot of 3rd level or higher, you can target one additional creature for each slot level above 2nd.</p>
				</description>
				<duration type="string">Concentration, up to 1 hour</duration>
				<group type="string">Spells</group>
				<level type="number">2</level>
				<locked type="number">1</locked>
				<name type="string">Invisibility (T) (C)</name>
				<prepared type="number">0</prepared>
				<range type="string">Touch</range>
				<ritual type="number">0</ritual>
				<school type="string">Illusion</school>
				<source type="string">Bard, Druid Grassland Circle, Eldritch Knight, Sorcerer, Warlock, Wizard, Arcane Trickster</source>
			</id-00006>
			<id-00007>
				<actions>
					<id-00001>
						<heallist>
							<id-00001>
								<bonus type="number">10</bonus>
								<dice type="dice"></dice>
							</id-00001>
						</heallist>
						<healtargeting type="string">self</healtargeting>
						<healtype type="string">temp</healtype>
						<order type="number">1</order>
						<type type="string">heal</type>
					</id-00001>
					<id-00002>
						<damagelist>
							<id-00001>
								<bonus type="number">10</bonus>
								<dice type="dice"></dice>
								<type type="string">cold</type>
							</id-00001>
						</damagelist>
						<order type="number">2</order>
						<type type="string">damage</type>
					</id-00002>
					<id-00003>
						<durmod type="number">1</durmod>
						<durunit type="string">hour</durunit>
						<label type="string">Armor of Agathys</label>
						<order type="number">3</order>
						<targeting type="string">self</targeting>
						<type type="string">effect</type>
					</id-00003>
				</actions>
				<cast type="number">0</cast>
				<castingtime type="string">1 action</castingtime>
				<components type="string">V, S, M (a cup of water)</components>
				<description type="formattedtext">
					<p>A protective magical force surrounds you, manifesting as a spectral frost that covers you and your gear. You gain 5 temporary hit points for the duration. If a creature hits you with a melee attack while you have these hit points, the creature takes 5 cold damage.</p>
					<p>At Higher Levels.</p>
					<p>When you cast this spell using a spell slot of 2nd level or higher, both the temporary hit points and the cold damage increase by 5 for each slot level above 1st.</p>
				</description>
				<duration type="string">1 hour</duration>
				<group type="string">Spells</group>
				<level type="number">1</level>
				<locked type="number">1</locked>
				<name type="string">Armor of Agathys (S)</name>
				<prepared type="number">0</prepared>
				<range type="string">Self</range>
				<ritual type="number">0</ritual>
				<school type="string">Abjuration</school>
				<source type="string">Warlock</source>
			</id-00007>
			<id-00008>
				<actions>
				</actions>
				<cast type="number">0</cast>
				<castingtime type="string">1 action</castingtime>
				<components type="string">V, S</components>
				<description type="formattedtext">
					<p>You make yourself-including your clothing, armor, weapons, and other belongings on your person-look different until the spell ends or until you use your action to dismiss it. You can seem 1 foot shorter or taller and can appear thin, fat, or in between. You can't change your body type, so you must adopt a form that has the same basic arrangement of limbs. Otherwise, the extent of the illusion is up to you.</p>
					<p>The changes wrought by this spell fail to hold up to physical inspection. For example, if you use this spell to add a hat to your outfit, objects pass through the hat, and anyone who touches it would feel nothing or would feel your head and hair. If you use this spell to appear thinner than you are, the hand of someone who reaches out to touch you would bump into you while it was seemingly still in midair.</p>
					<p>To discern that you are disguised, a creature can use its action to inspect your appearance and must succeed on an Intelligence (Investigation) check against your spell save DC.</p>
				</description>
				<duration type="string">1 hour</duration>
				<group type="string">Eldritch Invocations</group>
				<level type="number">1</level>
				<locked type="number">1</locked>
				<name type="string">Disguise Self</name>
				<prepared type="number">0</prepared>
				<range type="string">Self</range>
				<school type="string">Illusion</school>
				<source type="string">Bard, Cleric Trickery Domain, Eldritch Knight, Eldritch Invocations, Sorcerer, Wizard, Arcane Trickster</source>
			</id-00008>
			<id-00009>
				<actions>
					<id-00001>
						<atkmod type="number">0</atkmod>
						<atkprof type="number">1</atkprof>
						<atktype type="string">ranged</atktype>
						<order type="number">1</order>
						<savedcmod type="number">0</savedcmod>
						<savedcprof type="number">1</savedcprof>
						<savemagic type="number">0</savemagic>
						<type type="string">cast</type>
					</id-00001>
					<id-00002>
						<damagelist>
							<id-00001>
								<bonus type="number">0</bonus>
								<dice type="dice">d10</dice>
								<type type="string">force</type>
							</id-00001>
						</damagelist>
						<order type="number">2</order>
						<type type="string">damage</type>
					</id-00002>
				</actions>
				<cast type="number">0</cast>
				<castingtime type="string">1 action</castingtime>
				<components type="string">V, S</components>
				<description type="formattedtext">
					<p>A beam of crackling energy streaks toward a creature within range. Make a ranged spell attack against the target. On a hit, the target takes 1d10 force damage.</p>
					<p>The spell creates more than one beam when you reach higher levels: two beams at 5th level, three beams at 11th level, and four beams at 17th level. You can direct the beams at the same target or at different ones. Make a separate attack roll for each beam.</p>
				</description>
				<duration type="string">Instantaneous</duration>
				<group type="string">Spells</group>
				<level type="number">0</level>
				<locked type="number">1</locked>
				<name type="string">Eldritch Blast (120)</name>
				<prepared type="number">0</prepared>
				<range type="string">120 feet</range>
				<ritual type="number">0</ritual>
				<school type="string">Evocation</school>
				<source type="string">Warlock</source>
			</id-00009>
			<id-00010>
				<actions>
					<id-00001>
						<atkmod type="number">0</atkmod>
						<atkprof type="number">1</atkprof>
						<atktype type="string">ranged</atktype>
						<onmissdamage type="string">half</onmissdamage>
						<order type="number">1</order>
						<savedcbase type="string">ability</savedcbase>
						<savedcmod type="number">0</savedcmod>
						<savedcprof type="number">1</savedcprof>
						<savedcstat type="string">constitution</savedcstat>
						<savemagic type="number">0</savemagic>
						<savetype type="string">dexterity</savetype>
						<type type="string">cast</type>
					</id-00001>
					<id-00002>
						<damagelist>
							<id-00001>
								<bonus type="number">0</bonus>
								<dice type="dice">d6,d6</dice>
								<type type="string">Acid</type>
							</id-00001>
						</damagelist>
						<order type="number">2</order>
						<type type="string">damage</type>
					</id-00002>
				</actions>
				<cast type="number">0</cast>
				<description type="formattedtext">
					<p>You can use your action to exhale destructive energy. Your draconic ancestry determines the size, shape, and damage type of the exhalation.</p>
					<p>When you use your breath weapon, each creature in the area of the exhalation must make a saving throw, the type of which is determined by your draconic ancestry. The DC for this saving throw equals 8 + your Constitution modifier + your proficiency bonus. A creature takes 2d6 damage on a failed save, and half as much damage on a successful one. The damage increases to 3d6 at 6th level, 4d6 at 11th level, and 5d6 at 16th level.</p>
					<p>After you use your breath weapon, you can't use it again until you complete a short or long rest.</p>
				</description>
				<group type="string">Racial</group>
				<level type="number">0</level>
				<locked type="number">1</locked>
				<name type="string">Dragonborn: Breath Weapon</name>
				<prepared type="number">1</prepared>
				<ritual type="number">0</ritual>
				<school type="string">Racial</school>
				<source type="string">Dragonborn</source>
				<type type="string">racial</type>
				<usesperiod type="string">enc</usesperiod>
			</id-00010>
			<id-00011>
				<actions>
				</actions>
				<cast type="number">0</cast>
				<description type="formattedtext">
					<p>You can see normally in darkness, both magical and nonmagical, to a distance of 120 feet.</p>
				</description>
				<group type="string">Eldritch Invocations</group>
				<level type="number">0</level>
				<locked type="number">1</locked>
				<name type="string">Devil's Sight</name>
				<prepared type="number">0</prepared>
				<ritual type="number">0</ritual>
				<source type="string">Eldritch Invocations</source>
			</id-00011>
		</powers>
		<profbonus type="number">2</profbonus>
		<proficiencylist>
			<id-00001>
				<name type="string">Weapon: Simple weapons</name>
			</id-00001>
			<id-00002>
				<name type="string">Armor: Light armor</name>
			</id-00002>
			<id-00003>
				<name type="string">Smith tools</name>
			</id-00003>
		</proficiencylist>
		<race type="string">Dragonborn</race>
		<racelink type="windowreference">
			<class>reference_race</class>
			<recordname>reference.racedata.dragonborn@DD PHB Deluxe</recordname>
		</racelink>
		<size type="string">Medium</size>
		<skilllist>
			<id-00001>
				<misc type="number">0</misc>
				<name type="string">Perception</name>
				<prof type="number">0</prof>
				<stat type="string">wisdom</stat>
				<total type="number">2</total>
			</id-00001>
			<id-00002>
				<misc type="number">0</misc>
				<name type="string">Insight</name>
				<prof type="number">1</prof>
				<stat type="string">wisdom</stat>
				<total type="number">4</total>
			</id-00002>
			<id-00003>
				<misc type="number">0</misc>
				<name type="string">Religion</name>
				<prof type="number">1</prof>
				<stat type="string">intelligence</stat>
				<total type="number">3</total>
			</id-00003>
			<id-00004>
				<misc type="number">0</misc>
				<name type="string">Arcana</name>
				<prof type="number">1</prof>
				<stat type="string">intelligence</stat>
				<total type="number">3</total>
			</id-00004>
			<id-00005>
				<misc type="number">0</misc>
				<name type="string">Persuasion</name>
				<prof type="number">0</prof>
				<stat type="string">charisma</stat>
				<total type="number">3</total>
			</id-00005>
			<id-00006>
				<misc type="number">0</misc>
				<name type="string">Nature</name>
				<prof type="number">0</prof>
				<stat type="string">intelligence</stat>
				<total type="number">1</total>
			</id-00006>
			<id-00007>
				<misc type="number">0</misc>
				<name type="string">Medicine</name>
				<prof type="number">0</prof>
				<stat type="string">wisdom</stat>
				<total type="number">2</total>
			</id-00007>
			<id-00008>
				<misc type="number">0</misc>
				<name type="string">Survival</name>
				<prof type="number">0</prof>
				<stat type="string">wisdom</stat>
				<total type="number">2</total>
			</id-00008>
			<id-00009>
				<misc type="number">0</misc>
				<name type="string">Performance</name>
				<prof type="number">0</prof>
				<stat type="string">charisma</stat>
				<total type="number">3</total>
			</id-00009>
			<id-00010>
				<misc type="number">0</misc>
				<name type="string">Acrobatics</name>
				<prof type="number">0</prof>
				<stat type="string">dexterity</stat>
				<total type="number">1</total>
			</id-00010>
			<id-00011>
				<misc type="number">0</misc>
				<name type="string">Athletics</name>
				<prof type="number">0</prof>
				<stat type="string">strength</stat>
				<total type="number">0</total>
			</id-00011>
			<id-00012>
				<misc type="number">0</misc>
				<name type="string">Sleight of Hand</name>
				<prof type="number">0</prof>
				<stat type="string">dexterity</stat>
				<total type="number">1</total>
			</id-00012>
			<id-00013>
				<misc type="number">0</misc>
				<name type="string">Intimidation</name>
				<prof type="number">0</prof>
				<stat type="string">charisma</stat>
				<total type="number">3</total>
			</id-00013>
			<id-00014>
				<misc type="number">0</misc>
				<name type="string">Deception</name>
				<prof type="number">0</prof>
				<stat type="string">charisma</stat>
				<total type="number">3</total>
			</id-00014>
			<id-00015>
				<misc type="number">0</misc>
				<name type="string">Investigation</name>
				<prof type="number">0</prof>
				<stat type="string">intelligence</stat>
				<total type="number">1</total>
			</id-00015>
			<id-00016>
				<misc type="number">0</misc>
				<name type="string">Stealth</name>
				<prof type="number">0</prof>
				<stat type="string">dexterity</stat>
				<total type="number">1</total>
			</id-00016>
			<id-00017>
				<misc type="number">0</misc>
				<name type="string">History</name>
				<prof type="number">0</prof>
				<stat type="string">intelligence</stat>
				<total type="number">1</total>
			</id-00017>
			<id-00018>
				<misc type="number">0</misc>
				<name type="string">Animal Handling</name>
				<prof type="number">0</prof>
				<stat type="string">wisdom</stat>
				<total type="number">2</total>
			</id-00018>
			<id-00019>
				<locked type="number">1</locked>
				<misc type="number">0</misc>
				<name type="string">Smith tools</name>
				<prof type="number">1</prof>
				<stat type="string">wisdom</stat>
				<text type="formattedtext">
					<p>Making Amrmor with the tools a smith would use. Light, Medium, and Heavy armor can be made.</p>
				</text>
				<total type="number">4</total>
			</id-00019>
		</skilllist>
		<speed>
			<armor type="number">0</armor>
			<base type="number">30</base>
			<misc type="number">0</misc>
			<temporary type="number">0</temporary>
			<total type="number">30</total>
		</speed>
		<temp>
		</temp>
		<token type="token">portrait_id-00010_token</token>
		<traitlist>
			<id-00001>
				<locked type="number">1</locked>
				<name type="string">Draconic Ancestry - Black</name>
				<source type="string">Dragonborn</source>
				<text type="formattedtext">
					<p>You have draconic ancestry. Choose one type of dragon from the Draconic Ancestry table. Your breath weapon and damage resistance are determined by the dragon type, as shown in the table.</p>
					<p><b>Draconic Ancestry</b></p>
					<table>
						<tr>
							<td><b>Dragon</b></td>
							<td><b>Damage Type</b></td>
							<td><b>Breath Weapon</b></td>
						</tr>
						<tr>
							<td>Black</td>
							<td>Acid</td>
							<td>5 &#215; 30 ft. line (Dex. save)</td>
						</tr>
						<tr>
							<td>Blue</td>
							<td>Lightning</td>
							<td>5 &#215; 30 ft. line (Dex. save)</td>
						</tr>
						<tr>
							<td>Brass</td>
							<td>Fire</td>
							<td>5 &#215; 30 ft. line (Dex. save)</td>
						</tr>
						<tr>
							<td>Bronze</td>
							<td>Lightning</td>
							<td>5 &#215; 30 ft. line (Dex. save)</td>
						</tr>
						<tr>
							<td>Copper</td>
							<td>Acid</td>
							<td>5 &#215; 30 ft. line (Dex. save)</td>
						</tr>
						<tr>
							<td>Gold</td>
							<td>Fire</td>
							<td>15 ft. cone (Dex. save)</td>
						</tr>
						<tr>
							<td>Green</td>
							<td>Poison</td>
							<td>15 ft. cone (Con. save)</td>
						</tr>
						<tr>
							<td>Red</td>
							<td>Fire</td>
							<td>15 ft. cone (Dex. save)</td>
						</tr>
						<tr>
							<td>Silver</td>
							<td>Cold</td>
							<td>15 ft. cone (Con. save)</td>
						</tr>
						<tr>
							<td>White</td>
							<td>Cold</td>
							<td>15 ft. cone (Con. save)</td>
						</tr>
					</table>
				</text>
				<type type="string">racial</type>
			</id-00001>
			<id-00002>
				<locked type="number">1</locked>
				<name type="string">Breath Weapon</name>
				<source type="string">Dragonborn</source>
				<text type="formattedtext">
					<p>You can use your action to exhale destructive energy. Your draconic ancestry determines the size, shape, and damage type of the exhalation.</p>
					<p>When you use your breath weapon, each creature in the area of the exhalation must make a saving throw, the type of which is determined by your draconic ancestry. The DC for this saving throw equals 8 + your Constitution modifier + your proficiency bonus. A creature takes 2d6 damage on a failed save, and half as much damage on a successful one. The damage increases to 3d6 at 6th level, 4d6 at 11th level, and 5d6 at 16th level.</p>
					<p>After you use your breath weapon, you can't use it again until you complete a short or long rest.</p>
				</text>
				<type type="string">racial</type>
			</id-00002>
			<id-00003>
				<locked type="number">1</locked>
				<name type="string">Damage Resistance</name>
				<source type="string">Dragonborn</source>
				<text type="formattedtext">
					<p>You have resistance to the damage type associated with your draconic ancestry.</p>
				</text>
				<type type="string">racial</type>
			</id-00003>
		</traitlist>
		<weaponlist>
			<id-00001>
				<attackbonus type="number">0</attackbonus>
				<carried type="number">2</carried>
				<damagelist>
					<id-00001>
						<bonus type="number">0</bonus>
						<dice type="dice">d6</dice>
						<stat type="string">base</stat>
						<type type="string">bludgeoning</type>
					</id-00001>
				</damagelist>
				<isidentified type="number">1</isidentified>
				<maxammo type="number">0</maxammo>
				<name type="string">Quarterstaff</name>
				<prof type="number">1</prof>
				<shortcut type="windowreference">
					<class>item</class>
					<recordname>....inventorylist.id-00008</recordname>
				</shortcut>
				<type type="number">0</type>
			</id-00001>
			<id-00002>
				<ammo type="number">0</ammo>
				<attackbonus type="number">0</attackbonus>
				<attackstat type="string">dexterity</attackstat>
				<carried type="number">2</carried>
				<damagelist>
					<id-00001>
						<bonus type="number">0</bonus>
						<dice type="dice">d4</dice>
						<stat type="string">dexterity</stat>
						<type type="string">piercing</type>
					</id-00001>
				</damagelist>
				<isidentified type="number">1</isidentified>
				<maxammo type="number">6</maxammo>
				<name type="string">Dart</name>
				<prof type="number">1</prof>
				<shortcut type="windowreference">
					<class>item</class>
					<recordname>....inventorylist.id-00009</recordname>
				</shortcut>
				<type type="number">2</type>
			</id-00002>
		</weaponlist>
		<weight type="string">213.6llb</weight>
	</character>
</root>
