<?xml version="1.0" encoding="iso-8859-1"?>
<root version="3.3" release="8|CoreRPG:3">
	<character>
		<abilities>
			<charisma>
				<bonus type="number">-1</bonus>
				<save type="number">-1</save>
				<savemodifier type="number">0</savemodifier>
				<saveprof type="number">0</saveprof>
				<score type="number">9</score>
			</charisma>
			<constitution>
				<bonus type="number">3</bonus>
				<save type="number">5</save>
				<savemodifier type="number">0</savemodifier>
				<saveprof type="number">1</saveprof>
				<score type="number">16</score>
			</constitution>
			<dexterity>
				<bonus type="number">3</bonus>
				<save type="number">3</save>
				<savemodifier type="number">0</savemodifier>
				<saveprof type="number">0</saveprof>
				<score type="number">16</score>
			</dexterity>
			<intelligence>
				<bonus type="number">-1</bonus>
				<save type="number">-1</save>
				<savemodifier type="number">0</savemodifier>
				<saveprof type="number">0</saveprof>
				<score type="number">9</score>
			</intelligence>
			<strength>
				<bonus type="number">3</bonus>
				<save type="number">5</save>
				<savemodifier type="number">0</savemodifier>
				<saveprof type="number">1</saveprof>
				<score type="number">16</score>
			</strength>
			<wisdom>
				<bonus type="number">-1</bonus>
				<save type="number">-1</save>
				<savemodifier type="number">0</savemodifier>
				<saveprof type="number">0</saveprof>
				<score type="number">9</score>
			</wisdom>
		</abilities>
		<adventurelist>
		</adventurelist>
		<age type="string">49</age>
		<alignment type="string">Neutral Good</alignment>
		<appearance type="string">Rugged and scarred</appearance>
		<background type="string">Soldier</background>
		<backgroundlink type="windowreference">
			<class>reference_background</class>
			<recordname>reference.backgrounddata.soldier@DD PHB Deluxe</recordname>
		</backgroundlink>
		<bonds type="string">Someone saved my life on the battlefield. To this day, I will never leave a friend behind.</bonds>
		<classes>
			<id-00001>
				<casterlevelinvmult type="number">0</casterlevelinvmult>
				<casterpactmagic type="number">0</casterpactmagic>
				<hddie type="dice">d10</hddie>
				<hdused type="number">0</hdused>
				<level type="number">3</level>
				<name type="string">Fighter</name>
				<shortcut type="windowreference">
					<class>reference_class</class>
					<recordname>reference.classdata.fighter@DD PHB Deluxe</recordname>
				</shortcut>
			</id-00001>
		</classes>
		<coins>
			<slot1>
				<amount type="number">12</amount>
				<name type="string">GP</name>
			</slot1>
			<slot2>
				<amount type="number">0</amount>
				<name type="string">PP</name>
			</slot2>
			<slot3>
				<amount type="number">1</amount>
				<name type="string">SP</name>
			</slot3>
			<slot4>
				<amount type="number">2</amount>
				<name type="string">CP</name>
			</slot4>
			<slot5>
				<amount type="number">0</amount>
				<name type="string">EP</name>
			</slot5>
			<slot6>
				<amount type="number">0</amount>
			</slot6>
		</coins>
		<defenses>
			<ac>
				<armor type="number">6</armor>
				<dexbonus type="string">no</dexbonus>
				<disstealth type="number">1</disstealth>
				<misc type="number">0</misc>
				<prof type="number">1</prof>
				<shield type="number">0</shield>
				<temporary type="number">0</temporary>
				<total type="number">16</total>
			</ac>
		</defenses>
		<deity type="string">Helm</deity>
		<encumbrance>
			<encumbered type="number">80</encumbered>
			<encumberedheavy type="number">160</encumberedheavy>
			<liftpushdrag type="number">480</liftpushdrag>
			<load type="number">140.5</load>
			<max type="number">240</max>
		</encumbrance>
		<exp type="number">312</exp>
		<expneeded type="number">400</expneeded>
		<featlist>
		</featlist>
		<featurelist>
			<id-00001>
				<level type="number">1</level>
				<locked type="number">1</locked>
				<name type="string">Second Wind</name>
				<source type="string">Fighter</source>
				<text type="formattedtext">
					<p>You have a limited well of stamina that you can draw on to protect yourself from harm. On your turn, you can use a bonus action to regain hit points equal to 1d10 + your fighter level.</p>
					<p>Once you use this feature, you must finish a short or long rest before you can use it again.</p>
				</text>
			</id-00001>
			<id-00002>
				<level type="number">1</level>
				<locked type="number">1</locked>
				<name type="string">Fighting Style (Great Weapon Fighting)</name>
				<source type="string">Fighter</source>
				<text type="formattedtext">
					<p>You adopt a particular style of fighting as your specialty. Choose one of the following options. You can't take a Fighting Style option more than once, even if you later get to choose again.</p>
					<p><b>Archery</b></p>
					<p>You gain a +2 bonus to attack rolls you make with ranged weapons.</p>
					<p><b>Defense</b></p>
					<p>While you are wearing armor, you gain a +1 bonus to AC.</p>
					<p><b>Dueling</b></p>
					<p>When you are wielding a melee weapon in one hand and no other weapons, you gain a +2 bonus to damage rolls with that weapon.</p>
					<p><b>Great Weapon Fighting</b></p>
					<p>When you roll a 1 or 2 on a damage die for an attack you make with a melee weapon that you are wielding with two hands, you can reroll the die and must use the new roll, even if the new roll is a 1 or a 2. The weapon must have the two-handed or versatile property for you to gain this benefit.</p>
					<p><b>Protection</b></p>
					<p>When a creature you can see attacks a target other than you that is within 5 feet of you, you can use your reaction to impose disadvantage on the attack roll. You must be wielding a shield.</p>
					<p><b>Two-Weapon Fighting</b></p>
					<p>When you engage in two-weapon fighting, you can add your ability modifier to the damage of the second attack.</p>
				</text>
			</id-00002>
			<id-00003>
				<locked type="number">1</locked>
				<name type="string">Military Rank</name>
				<source type="string">Soldier</source>
				<text type="formattedtext">
					<p>You have a military rank from your career as a soldier.</p>
					<p>Soldiers loyal to your former military organization still recognize your authority and influence, and they defer to you if they are of a lower rank. You can invoke your rank to exert influence over other soldiers and requisition simple equipment or horses for temporary use. You can also usually gain access to friendly military encampments and fortresses where your rank is recognized.</p>
				</text>
			</id-00003>
			<id-00004>
				<level type="number">1</level>
				<locked type="number">1</locked>
				<name type="string">Champion</name>
				<source type="string">Fighter</source>
				<text type="formattedtext">
					<p>The archetypal Champion focuses on the development of raw physical power honed to deadly perfection. Those who model themselves on this archetype combine rigorous training with physical excellence to deal devastating blows.</p>
					<h>Features</h>
					<linklist>
						<link class="reference_classfeature" recordname="reference.classdata.fighter.features.improvedcritical3@DD PHB Deluxe">Improved Critical</link>
						<link class="reference_classfeature" recordname="reference.classdata.fighter.features.remarkableathlete7@DD PHB Deluxe">Remarkable Athlete</link>
						<link class="reference_classfeature" recordname="reference.classdata.fighter.features.additionalfightingstyle10@DD PHB Deluxe">Additional Fighting Style</link>
						<link class="reference_classfeature" recordname="reference.classdata.fighter.features.superiorcritical15@DD PHB Deluxe">Superior Critical</link>
						<link class="reference_classfeature" recordname="reference.classdata.fighter.features.survivor18@DD PHB Deluxe">Survivor</link>
					</linklist>
				</text>
			</id-00004>
			<id-00005>
				<level type="number">3</level>
				<locked type="number">1</locked>
				<name type="string">Improved Critical</name>
				<source type="string">Fighter</source>
				<specialization type="string">Champion</specialization>
				<text type="formattedtext">
					<p>Beginning when you choose this archetype at 3rd level, your weapon attacks score a critical hit on a roll of 19 or 20.</p>
				</text>
			</id-00005>
			<id-00006>
				<level type="number">2</level>
				<locked type="number">1</locked>
				<name type="string">Action Surge</name>
				<source type="string">Fighter</source>
				<text type="formattedtext">
					<p>Starting at 2nd level, you can push yourself beyond your normal limits for a moment. On your turn, you can take one additional action on top of your regular action and a possible bonus action.</p>
					<p>Once you use this feature, you must finish a short or long rest before you can use it again. Starting at 17th level, you can use it twice before a rest, but only once on the same turn.</p>
				</text>
			</id-00006>
		</featurelist>
		<flaws type="string">My hatred of my enemies is blind and unreasoning.</flaws>
		<gender type="string">Male</gender>
		<height type="string">5'8&#34;</height>
		<hp>
			<deathsavefail type="number">0</deathsavefail>
			<deathsavesuccess type="number">0</deathsavesuccess>
			<temporary type="number">0</temporary>
			<total type="number">31</total>
			<wounds type="number">0</wounds>
		</hp>
		<ideals type="string">Nation. My city, nation, or people are all that matter. (Any)</ideals>
		<initiative>
			<misc type="number">0</misc>
			<temporary type="number">0</temporary>
			<total type="number">3</total>
		</initiative>
		<inventorylist>
			<id-00001>
				<carried type="number">1</carried>
				<cost type="string">5 sp</cost>
				<count type="number">1</count>
				<description type="formattedtext">
					<p>A cloth or leather pouch can hold up to 20 sling bullets or 50 blowgun needles, among other things. A compartmentalized pouch for holding spell components is called a component pouch (described earlier in this section).</p>
				</description>
				<isidentified type="number">1</isidentified>
				<locked type="number">1</locked>
				<name type="string">Pouch</name>
				<subtype type="string">Standard</subtype>
				<type type="string">Adventuring Gear</type>
				<weight type="number">1</weight>
			</id-00001>
			<id-00002>
				<carried type="number">1</carried>
				<cost type="string">5 sp</cost>
				<count type="number">1</count>
				<description type="formattedtext">
					<p></p>
				</description>
				<isidentified type="number">1</isidentified>
				<locked type="number">1</locked>
				<name type="string">Clothes, Common</name>
				<subtype type="string">Standard</subtype>
				<type type="string">Adventuring Gear</type>
				<weight type="number">3</weight>
			</id-00002>
			<id-00003>
				<carried type="number">1</carried>
				<count type="number">1</count>
				<isidentified type="number">1</isidentified>
				<name type="string">Rank Insignia</name>
				<weight type="number">0</weight>
			</id-00003>
			<id-00004>
				<carried type="number">1</carried>
				<count type="number">1</count>
				<isidentified type="number">1</isidentified>
				<name type="string">Trophy</name>
				<weight type="number">0</weight>
			</id-00004>
			<id-00005>
				<carried type="number">1</carried>
				<cost type="string">1 sp</cost>
				<count type="number">1</count>
				<description type="formattedtext">
					<p>This item encompasses a wide range of game pieces, including dice and decks of cards (for games such as Three-Dragon Ante). A few common examples appear on the Tools table, but other kinds of gaming sets exist. If you are proficient with a gaming set, you can add your proficiency bonus to ability checks you make to play a game with that set. Each type of gaming set requires a separate proficiency.</p>
				</description>
				<isidentified type="number">1</isidentified>
				<locked type="number">1</locked>
				<name type="string">Dice Set</name>
				<subtype type="string">Gaming Set</subtype>
				<type type="string">Tools</type>
				<weight type="number">0</weight>
			</id-00005>
			<id-00007>
				<ac type="number">16</ac>
				<bonus type="number">0</bonus>
				<carried type="number">2</carried>
				<cost type="string">75 gp</cost>
				<count type="number">1</count>
				<description type="formattedtext">
					<p>Of all the armor categories, heavy armor offers the best protection. These suits of armor cover the entire body and are designed to stop a wide range of attacks. Only proficient warriors can manage their weight and bulk.</p>
					<p>Made of interlocking metal rings, chain mail includes a layer of quilted fabric worn underneath the mail to prevent chafing and to cushion the impact of blows. The suit includes gauntlets.</p>
				</description>
				<dexbonus type="string">-</dexbonus>
				<isidentified type="number">1</isidentified>
				<locked type="number">1</locked>
				<name type="string">Chain Mail</name>
				<stealth type="string">Disadvantage</stealth>
				<strength type="string">Str 13</strength>
				<subtype type="string">Heavy Armor</subtype>
				<type type="string">Armor</type>
				<weight type="number">55</weight>
			</id-00007>
			<id-00008>
				<ac type="number">0</ac>
				<bonus type="number">0</bonus>
				<carried type="number">2</carried>
				<cost type="string">50 gp</cost>
				<count type="number">1</count>
				<damage type="string">2d6 slashing</damage>
				<description type="formattedtext">
					<p></p>
				</description>
				<isidentified type="number">1</isidentified>
				<locked type="number">1</locked>
				<name type="string">Greatsword</name>
				<properties type="string">Heavy, two-handed</properties>
				<subtype type="string">Martial Weapons</subtype>
				<type type="string">Weapon</type>
				<weight type="number">6</weight>
			</id-00008>
			<id-00009>
				<ac type="number">0</ac>
				<bonus type="number">0</bonus>
				<carried type="number">2</carried>
				<cost type="string">10 gp</cost>
				<count type="number">1</count>
				<damage type="string">2d6 bludgeoning</damage>
				<description type="formattedtext">
					<p></p>
				</description>
				<isidentified type="number">1</isidentified>
				<locked type="number">1</locked>
				<name type="string">Maul</name>
				<properties type="string">Heavy, two-handed</properties>
				<subtype type="string">Martial Weapons</subtype>
				<type type="string">Weapon</type>
				<weight type="number">10</weight>
			</id-00009>
			<id-00010>
				<carried type="number">2</carried>
				<cost type="string">25 gp</cost>
				<count type="number">1</count>
				<damage type="string">1d8 piercing</damage>
				<isidentified type="number">1</isidentified>
				<locked type="number">1</locked>
				<name type="string">Crossbow, Light</name>
				<properties type="string">Ammunition (range 80/320), loading, two-handed</properties>
				<subtype type="string">Simple Ranged Weapons</subtype>
				<type type="string">Weapon</type>
				<weight type="number">5</weight>
			</id-00010>
			<id-00011>
				<carried type="number">1</carried>
				<cost type="string">1 gp</cost>
				<count type="number">1</count>
				<isidentified type="number">1</isidentified>
				<locked type="number">1</locked>
				<name type="string">Crossbow Bolts (20)</name>
				<subtype type="string">Ammunition</subtype>
				<type type="string">Adventuring Gear</type>
				<weight type="number">1.5</weight>
			</id-00011>
			<id-00012>
				<carried type="number">1</carried>
				<cost type="string">1 gp</cost>
				<count type="number">1</count>
				<isidentified type="number">1</isidentified>
				<locked type="number">1</locked>
				<name type="string">Bedroll</name>
				<subtype type="string">Standard Adventuring Gear</subtype>
				<type type="string">Adventuring Gear</type>
				<weight type="number">7</weight>
			</id-00012>
			<id-00013>
				<carried type="number">1</carried>
				<cost type="string">5 sp</cost>
				<count type="number">10</count>
				<description type="formattedtext">
					<p>Rations consist of dry foods suitable for extended travel, including jerky, dried fruit, hardtack, and nuts.</p>
				</description>
				<isidentified type="number">1</isidentified>
				<locked type="number">1</locked>
				<name type="string">Rations (1 Day)</name>
				<subtype type="string">Standard Adventuring Gear</subtype>
				<type type="string">Adventuring Gear</type>
				<weight type="number">2</weight>
			</id-00013>
			<id-00014>
				<carried type="number">1</carried>
				<cost type="string">1 cp</cost>
				<count type="number">10</count>
				<description type="formattedtext">
					<p>A torch burns for 1 hour, providing bright light in a 20-foot radius and dim light for an additional 20 feet. If you make a melee attack with a burning torch and hit, it deals 1 fire damage.</p>
				</description>
				<isidentified type="number">1</isidentified>
				<locked type="number">1</locked>
				<name type="string">Torch</name>
				<subtype type="string">Standard Adventuring Gear</subtype>
				<type type="string">Adventuring Gear</type>
				<weight type="number">1</weight>
			</id-00014>
			<id-00015>
				<carried type="number">1</carried>
				<cost type="string">5 sp</cost>
				<count type="number">1</count>
				<description type="formattedtext">
					<p>This small container holds flint, fire steel, and tinder (usually dry cloth soaked in light oil) used to kindle a fire. Using it to light a torchor anything else with abundant, exposed fueltakes an action. Lighting any other fire takes 1 minute.</p>
				</description>
				<isidentified type="number">1</isidentified>
				<locked type="number">1</locked>
				<name type="string">Tinderbox</name>
				<subtype type="string">Standard Adventuring Gear</subtype>
				<type type="string">Adventuring Gear</type>
				<weight type="number">1</weight>
			</id-00015>
			<id-00016>
				<carried type="number">1</carried>
				<cost type="string">2 sp</cost>
				<count type="number">1</count>
				<isidentified type="number">1</isidentified>
				<locked type="number">1</locked>
				<name type="string">Waterskin</name>
				<subtype type="string">Standard Adventuring Gear</subtype>
				<type type="string">Adventuring Gear</type>
				<weight type="number">5</weight>
			</id-00016>
			<id-00017>
				<carried type="number">1</carried>
				<cost type="string">2 sp</cost>
				<count type="number">1</count>
				<description type="formattedtext">
					<p>This tin box contains a cup and simple cutlery. The box clamps together, and one side can be used as a cooking pan and the other as a plate or shallow bowl.</p>
				</description>
				<isidentified type="number">1</isidentified>
				<locked type="number">1</locked>
				<name type="string">Mess Kit</name>
				<subtype type="string">Standard Adventuring Gear</subtype>
				<type type="string">Adventuring Gear</type>
				<weight type="number">1</weight>
			</id-00017>
			<id-00018>
				<carried type="number">1</carried>
				<cost type="string">1 gp</cost>
				<count type="number">1</count>
				<description type="formattedtext">
					<p>Rope, whether made of hemp or silk, has 2 hit points and can be burst with a DC 17 Strength check.</p>
				</description>
				<isidentified type="number">1</isidentified>
				<locked type="number">1</locked>
				<name type="string">Rope, Hempen (50 Feet)</name>
				<subtype type="string">Standard Adventuring Gear</subtype>
				<type type="string">Adventuring Gear</type>
				<weight type="number">10</weight>
			</id-00018>
			<id-00019>
				<carried type="number">1</carried>
				<cost type="string">2 gp</cost>
				<count type="number">1</count>
				<isidentified type="number">1</isidentified>
				<locked type="number">1</locked>
				<name type="string">Backpack (Empty)</name>
				<subtype type="string">Standard</subtype>
				<type type="string">Adventuring Gear</type>
				<weight type="number">5</weight>
			</id-00019>
		</inventorylist>
		<languagelist>
			<id-00001>
				<name type="string">Common</name>
			</id-00001>
			<id-00002>
				<name type="string">Dwarvish</name>
			</id-00002>
		</languagelist>
		<level type="number">3</level>
		<name type="string">Borlin</name>
		<notes type="string">Infantry</notes>
		<perception type="number">11</perception>
		<perceptionmodifier type="number">0</perceptionmodifier>
		<personalitytraits type="string">I have a crude sense of humor.</personalitytraits>
		<powerdisplaymode type="string">action</powerdisplaymode>
		<powergroup>
			<id-00001>
				<atkmod type="number">0</atkmod>
				<atkprof type="number">1</atkprof>
				<name type="string">Fighter</name>
				<prepared type="number">0</prepared>
				<savemod type="number">0</savemod>
				<saveprof type="number">1</saveprof>
				<uses type="number">1</uses>
				<usesperiod type="string">enc</usesperiod>
			</id-00001>
			<id-00002>
				<atkmod type="number">0</atkmod>
				<atkprof type="number">1</atkprof>
				<name type="string">Action Surge</name>
				<prepared type="number">0</prepared>
				<savemod type="number">0</savemod>
				<saveprof type="number">1</saveprof>
				<uses type="number">1</uses>
				<usesperiod type="string">enc</usesperiod>
			</id-00002>
		</powergroup>
		<powermeta>
			<pactmagicslots1>
				<max type="number">0</max>
				<used type="number">0</used>
			</pactmagicslots1>
			<pactmagicslots2>
				<max type="number">0</max>
				<used type="number">0</used>
			</pactmagicslots2>
			<pactmagicslots3>
				<max type="number">0</max>
				<used type="number">0</used>
			</pactmagicslots3>
			<pactmagicslots4>
				<max type="number">0</max>
				<used type="number">0</used>
			</pactmagicslots4>
			<pactmagicslots5>
				<max type="number">0</max>
				<used type="number">0</used>
			</pactmagicslots5>
			<pactmagicslots6>
				<max type="number">0</max>
				<used type="number">0</used>
			</pactmagicslots6>
			<pactmagicslots7>
				<max type="number">0</max>
				<used type="number">0</used>
			</pactmagicslots7>
			<pactmagicslots8>
				<max type="number">0</max>
				<used type="number">0</used>
			</pactmagicslots8>
			<pactmagicslots9>
				<max type="number">0</max>
				<used type="number">0</used>
			</pactmagicslots9>
			<spellslots1>
				<max type="number">0</max>
			</spellslots1>
			<spellslots2>
				<max type="number">0</max>
			</spellslots2>
			<spellslots3>
				<max type="number">0</max>
			</spellslots3>
			<spellslots4>
				<max type="number">0</max>
			</spellslots4>
			<spellslots5>
				<max type="number">0</max>
			</spellslots5>
			<spellslots6>
				<max type="number">0</max>
			</spellslots6>
			<spellslots7>
				<max type="number">0</max>
			</spellslots7>
			<spellslots8>
				<max type="number">0</max>
			</spellslots8>
			<spellslots9>
				<max type="number">0</max>
			</spellslots9>
		</powermeta>
		<powermode type="string">combat</powermode>
		<powers>
			<id-00001>
				<actions>
					<id-00001>
						<heallist>
							<id-00001>
								<bonus type="number">0</bonus>
								<dice type="dice">d10</dice>
								<stat type="string">fighter</stat>
							</id-00001>
						</heallist>
						<healtargeting type="string">self</healtargeting>
						<order type="number">1</order>
						<type type="string">heal</type>
					</id-00001>
				</actions>
				<cast type="number">0</cast>
				<description type="formattedtext">
					<p>You have a limited well of stamina that you can draw on to protect yourself from harm. On your turn, you can use a bonus action to regain hit points equal to 1d10 + your fighter level.</p>
					<p>Once you use this feature, you must finish a short or long rest before you can use it again.</p>
				</description>
				<group type="string">Fighter</group>
				<level type="number">0</level>
				<locked type="number">1</locked>
				<name type="string">Second Wind</name>
				<prepared type="number">0</prepared>
				<ritual type="number">0</ritual>
				<shortdescription type="string">Bonus Action to Heal Self</shortdescription>
			</id-00001>
			<id-00002>
				<actions>
				</actions>
				<cast type="number">1</cast>
				<group type="string">Action Surge</group>
				<level type="number">0</level>
				<name type="string">Action Surge</name>
				<prepared type="number">0</prepared>
			</id-00002>
		</powers>
		<profbonus type="number">2</profbonus>
		<proficiencylist>
			<id-00001>
				<name type="string">Weapon: Simple weapons, martial weapons</name>
			</id-00001>
			<id-00002>
				<name type="string">Armor: All armor, shields</name>
			</id-00002>
			<id-00003>
				<name type="string">Tool: Dice set, vehicles (land)</name>
			</id-00003>
		</proficiencylist>
		<race type="string">Human</race>
		<racelink type="windowreference">
			<class>reference_race</class>
			<recordname>reference.racedata.human@DD PHB Deluxe</recordname>
		</racelink>
		<size type="string">Medium</size>
		<skilllist>
			<id-00001>
				<misc type="number">0</misc>
				<name type="string">Perception</name>
				<prof type="number">1</prof>
				<stat type="string">wisdom</stat>
				<total type="number">1</total>
			</id-00001>
			<id-00002>
				<misc type="number">0</misc>
				<name type="string">Athletics</name>
				<prof type="number">1</prof>
				<stat type="string">strength</stat>
				<total type="number">5</total>
			</id-00002>
			<id-00003>
				<misc type="number">0</misc>
				<name type="string">Intimidation</name>
				<prof type="number">1</prof>
				<stat type="string">charisma</stat>
				<total type="number">1</total>
			</id-00003>
			<id-00004>
				<misc type="number">0</misc>
				<name type="string">Arcana</name>
				<prof type="number">0</prof>
				<stat type="string">intelligence</stat>
				<total type="number">-1</total>
			</id-00004>
			<id-00005>
				<misc type="number">0</misc>
				<name type="string">Persuasion</name>
				<prof type="number">0</prof>
				<stat type="string">charisma</stat>
				<total type="number">-1</total>
			</id-00005>
			<id-00006>
				<misc type="number">0</misc>
				<name type="string">Nature</name>
				<prof type="number">0</prof>
				<stat type="string">intelligence</stat>
				<total type="number">-1</total>
			</id-00006>
			<id-00007>
				<misc type="number">0</misc>
				<name type="string">Medicine</name>
				<prof type="number">0</prof>
				<stat type="string">wisdom</stat>
				<total type="number">-1</total>
			</id-00007>
			<id-00008>
				<misc type="number">0</misc>
				<name type="string">Survival</name>
				<prof type="number">0</prof>
				<stat type="string">wisdom</stat>
				<total type="number">-1</total>
			</id-00008>
			<id-00009>
				<misc type="number">0</misc>
				<name type="string">Performance</name>
				<prof type="number">0</prof>
				<stat type="string">charisma</stat>
				<total type="number">-1</total>
			</id-00009>
			<id-00010>
				<misc type="number">0</misc>
				<name type="string">Acrobatics</name>
				<prof type="number">1</prof>
				<stat type="string">dexterity</stat>
				<total type="number">5</total>
			</id-00010>
			<id-00011>
				<misc type="number">0</misc>
				<name type="string">Religion</name>
				<prof type="number">0</prof>
				<stat type="string">intelligence</stat>
				<total type="number">-1</total>
			</id-00011>
			<id-00012>
				<misc type="number">0</misc>
				<name type="string">Sleight of Hand</name>
				<prof type="number">0</prof>
				<stat type="string">dexterity</stat>
				<total type="number">3</total>
			</id-00012>
			<id-00013>
				<misc type="number">0</misc>
				<name type="string">Insight</name>
				<prof type="number">0</prof>
				<stat type="string">wisdom</stat>
				<total type="number">-1</total>
			</id-00013>
			<id-00014>
				<misc type="number">0</misc>
				<name type="string">Deception</name>
				<prof type="number">0</prof>
				<stat type="string">charisma</stat>
				<total type="number">-1</total>
			</id-00014>
			<id-00015>
				<misc type="number">0</misc>
				<name type="string">Investigation</name>
				<prof type="number">0</prof>
				<stat type="string">intelligence</stat>
				<total type="number">-1</total>
			</id-00015>
			<id-00016>
				<misc type="number">0</misc>
				<name type="string">Stealth</name>
				<prof type="number">0</prof>
				<stat type="string">dexterity</stat>
				<total type="number">3</total>
			</id-00016>
			<id-00017>
				<misc type="number">0</misc>
				<name type="string">History</name>
				<prof type="number">0</prof>
				<stat type="string">intelligence</stat>
				<total type="number">-1</total>
			</id-00017>
			<id-00018>
				<misc type="number">0</misc>
				<name type="string">Animal Handling</name>
				<prof type="number">0</prof>
				<stat type="string">wisdom</stat>
				<total type="number">-1</total>
			</id-00018>
		</skilllist>
		<speed>
			<armor type="number">0</armor>
			<base type="number">30</base>
			<misc type="number">0</misc>
			<temporary type="number">0</temporary>
			<total type="number">30</total>
		</speed>
		<temp>
		</temp>
		<token type="token">portrait_id-00007_token</token>
		<traitlist>
		</traitlist>
		<weapon>
			<critdicebonus>
				<melee type="number">0</melee>
				<ranged type="number">0</ranged>
			</critdicebonus>
			<critrange>
				<melee type="number">19</melee>
				<ranged type="number">19</ranged>
			</critrange>
		</weapon>
		<weaponlist>
			<id-00002>
				<attackbonus type="number">0</attackbonus>
				<carried type="number">2</carried>
				<damagelist>
					<id-00001>
						<bonus type="number">-1</bonus>
						<dice type="dice">d6,d6</dice>
						<stat type="string">base</stat>
						<type type="string">slashing</type>
					</id-00001>
				</damagelist>
				<isidentified type="number">1</isidentified>
				<maxammo type="number">0</maxammo>
				<name type="string">Greatsword</name>
				<prof type="number">1</prof>
				<properties type="string">REROLL 2</properties>
				<shortcut type="windowreference">
					<class>item</class>
					<recordname>....inventorylist.id-00008</recordname>
				</shortcut>
				<type type="number">0</type>
			</id-00002>
			<id-00003>
				<attackbonus type="number">0</attackbonus>
				<carried type="number">2</carried>
				<damagelist>
					<id-00001>
						<bonus type="number">-3</bonus>
						<dice type="dice">d6,d6</dice>
						<stat type="string">base</stat>
						<type type="string">bludgeoning</type>
					</id-00001>
				</damagelist>
				<isidentified type="number">1</isidentified>
				<maxammo type="number">0</maxammo>
				<name type="string">Maul</name>
				<prof type="number">1</prof>
				<properties type="string">REROLL 2</properties>
				<shortcut type="windowreference">
					<class>item</class>
					<recordname>....inventorylist.id-00009</recordname>
				</shortcut>
				<type type="number">0</type>
			</id-00003>
			<id-00004>
				<carried type="number">2</carried>
				<damagelist>
					<id-00001>
						<dice type="dice">d8</dice>
						<stat type="string">base</stat>
						<type type="string">piercing</type>
					</id-00001>
				</damagelist>
				<isidentified type="number">1</isidentified>
				<maxammo type="number">20</maxammo>
				<name type="string">Crossbow, Light</name>
				<prof type="number">1</prof>
				<shortcut type="windowreference">
					<class>item</class>
					<recordname>....inventorylist.id-00010</recordname>
				</shortcut>
				<type type="number">1</type>
			</id-00004>
		</weaponlist>
		<weight type="string">14st</weight>
	</character>
</root>
