<?xml version="1.0" encoding="iso-8859-1"?>
<root version="3.3" release="7|CoreRPG:3">
	<character>
		<abilities>
			<charisma>
				<bonus type="number">0</bonus>
				<save type="number">0</save>
				<savemodifier type="number">0</savemodifier>
				<saveprof type="number">0</saveprof>
				<score type="number">11</score>
			</charisma>
			<constitution>
				<bonus type="number">2</bonus>
				<save type="number">2</save>
				<savemodifier type="number">0</savemodifier>
				<saveprof type="number">0</saveprof>
				<score type="number">15</score>
			</constitution>
			<dexterity>
				<bonus type="number">4</bonus>
				<save type="number">6</save>
				<savemodifier type="number">0</savemodifier>
				<saveprof type="number">1</saveprof>
				<score type="number">18</score>
			</dexterity>
			<intelligence>
				<bonus type="number">1</bonus>
				<save type="number">1</save>
				<savemodifier type="number">0</savemodifier>
				<saveprof type="number">0</saveprof>
				<score type="number">12</score>
			</intelligence>
			<strength>
				<bonus type="number">1</bonus>
				<save type="number">3</save>
				<savemodifier type="number">0</savemodifier>
				<saveprof type="number">1</saveprof>
				<score type="number">13</score>
			</strength>
			<wisdom>
				<bonus type="number">2</bonus>
				<save type="number">2</save>
				<savemodifier type="number">0</savemodifier>
				<saveprof type="number">0</saveprof>
				<score type="number">15</score>
			</wisdom>
		</abilities>
		<adventurelist>
		</adventurelist>
		<age type="string">45</age>
		<alignment type="string">Chaotic Good</alignment>
		<background type="string">Outlander</background>
		<backgroundlink type="windowreference">
			<class>reference_background</class>
			<recordname>reference.backgrounddata.outlander@DD PHB Deluxe</recordname>
		</backgroundlink>
		<bonds type="string">I will bring terrible wrath down on the evildoers who destroyed my homeland.</bonds>
		<classes>
			<id-00001>
				<casterlevelinvmult type="number">2</casterlevelinvmult>
				<hddie type="dice">d10</hddie>
				<hdused type="number">0</hdused>
				<level type="number">3</level>
				<name type="string">Ranger</name>
				<shortcut type="windowreference">
					<class>reference_class</class>
					<recordname>reference.classdata.ranger@DD PHB Deluxe</recordname>
				</shortcut>
			</id-00001>
		</classes>
		<coins>
			<slot1>
				<amount type="number">10</amount>
				<name type="string">GP</name>
			</slot1>
			<slot2>
				<amount type="number">0</amount>
			</slot2>
			<slot3>
				<amount type="number">0</amount>
			</slot3>
			<slot4>
				<amount type="number">0</amount>
			</slot4>
			<slot5>
				<amount type="number">0</amount>
			</slot5>
			<slot6>
				<amount type="number">0</amount>
			</slot6>
		</coins>
		<defenses>
			<ac>
				<armor type="number">1</armor>
				<misc type="number">0</misc>
				<prof type="number">1</prof>
				<shield type="number">0</shield>
				<temporary type="number">0</temporary>
				<total type="number">15</total>
			</ac>
		</defenses>
		<encumbrance>
			<encumbered type="number">65</encumbered>
			<encumberedheavy type="number">130</encumberedheavy>
			<liftpushdrag type="number">390</liftpushdrag>
			<load type="number">110</load>
			<max type="number">195</max>
		</encumbrance>
		<exp type="number">0</exp>
		<expneeded type="number">0</expneeded>
		<featlist>
		</featlist>
		<featurelist>
			<id-00001>
				<locked type="number">1</locked>
				<name type="string">Wanderer</name>
				<source type="string">Outlander</source>
				<text type="formattedtext">
					<p>You have an excellent memory for maps and geography, and you can always recall the general layout of terrain, settlements, and other features around you. In addition, you can find food and fresh water for yourself and up to five other people each day, provided that the land offers berries, small game, water, and so forth.</p>
				</text>
			</id-00001>
			<id-00002>
				<level type="number">1</level>
				<locked type="number">1</locked>
				<name type="string">Natural Explorer</name>
				<source type="string">Ranger</source>
				<text type="formattedtext">
					<p>You are particularly familiar with one type of natural environment and are adept at traveling and surviving in such regions. Choose one type of favored terrain: arctic, coast, desert, forest, grassland, mountain, swamp, or the Underdark. When you make an Intelligence or Wisdom check related to your favored terrain, your proficiency bonus is doubled if you are using a skill that you're proficient in.</p>
					<p>While traveling for an hour or m ore in your favored terrain, you gain the following benefits:</p>
					<list>
						<li>Difficult terrain doesn't slow your group's travel.</li>
						<li>Your group can't become lost except by magical means.</li>
						<li>Even when you are engaged in another activity while traveling (such as foraging, navigating, or tracking), you remain alert to danger.</li>
						<li>If you are traveling alone, you can move stealthily at a normal pace.</li>
						<li>When you forage, you find twice as much food as you normally would.</li>
						<li>While tracking other creatures, you also learn their exact number, their sizes, and how long ago they passed through the area.</li>
					</list>
					<p>You choose additional favored terrain types at 6th and 10th level.</p>
				</text>
			</id-00002>
			<id-00003>
				<level type="number">1</level>
				<locked type="number">1</locked>
				<name type="string">Favored Enemy (Goblins)</name>
				<source type="string">Ranger</source>
				<text type="formattedtext">
					<p>Beginning at 1st level, you have significant experience studying, tracking, hunting, and even talking to a certain type of enemy.</p>
					<p>Choose a type of favored enemy: aberrations, beasts, celestials, constructs, dragons, elementals, fey, fiends, giants, monstrosities, oozes, plants, or undead. Alternatively, you can select two races of humanoid (such as gnolls and orcs) as favored enemies.</p>
					<p>You have advantage on Wisdom(Survival) checks to track your favored enemies, as well as on Intelligence checks to recall information about them.</p>
					<p>When you gain this feature, you also learn one language of your choice that is spoken by your favored enemies, if they speak one at all.</p>
					<p>You choose one additional favored enemy, as well as an associated language, at 6th and 14th level. As you gain levels, your choices should reflect the types of monsters you have encountered on your adventures.</p>
				</text>
			</id-00003>
			<id-00004>
				<level type="number">2</level>
				<locked type="number">1</locked>
				<name type="string">Fighting Style (Archery)</name>
				<source type="string">Ranger</source>
				<text type="formattedtext">
					<p>At 2nd level, you adopt a particular style of fighting as your specialty. Choose one of the following options. You can't take a Fighting Style option more than once, even if you later get to choose again.</p>
					<p><b>Archery</b></p>
					<p>You gain a +2 bonus to attack rolls you make with ranged weapons.</p>
					<p><b>Defense</b></p>
					<p>While you are wearing armor, you gain a +1 bonus to AC.</p>
					<p><b>Dueling</b></p>
					<p>When you are wielding a melee weapon in one hand and no other weapons, you gain a +2 bonus to damage rolls with that weapon.</p>
					<p><b>Two-Weapon Fighting</b></p>
					<p>When you engage in two-weapon fighting, you can add your ability modifier to the damage of the second attack.</p>
				</text>
			</id-00004>
			<id-00005>
				<level type="number">2</level>
				<locked type="number">1</locked>
				<name type="string">Spellcasting</name>
				<source type="string">Ranger</source>
				<text type="formattedtext">
					<p>By the time you reach 2nd level, you have learned to use the magical essence of nature to cast spells, much as a druid does. See chapter 10 for the general rules of spellcasting and chapter 11 for the ranger spell list.</p>
					<linklist>
						<link class="reference_colindex" recordname="reference.spelllists.ranger@DD PHB Deluxe">Ranger Spells</link>
					</linklist>
					<p><b>Spell Slots</b></p>
					<p>The Ranger table shows how many spell slots you have to cast your spells of 1st level and higher. To cast one of these spells, you must expend a slot of the spell's level or higher. You regain all expended spell slots when you finish a long rest.</p>
					<p>For example, if you know the 1st-level spell animal friendship and have a 1st-level and a 2nd-level spell slot available, you can cast animal friendship using either slot.</p>
					<p><b>Spells Known of 1st Level and Higher</b></p>
					<p>You know two 1st-level spells of your choice from the ranger spell list.</p>
					<p>The Spells Known column of the Ranger table shows when you learn more ranger spells of your choice. Each of these spells must be of a level for which you have spell slots. For instance, when you reach 5th level in this class, you can learn one new spell of 1st or 2nd level. Additionally, when you gain a level in this class, you can choose one of the ranger spells you know and replace it with another spell from the ranger spell list, which also must be of a level for which you have spell slots.</p>
					<p><b>Spellcasting Ability</b></p>
					<p>Wisdom is your spellcasting ability for your ranger spells, since your magic draws on your attunement to nature. You use your Wisdom whenever a spell refers to your spellcasting ability. In addition, you use your Wisdom modifier when setting the saving throw DC for a ranger spell you cast and when making an attack roll with one.</p>
					<p><b>Spell save DC </b>= 8 + your proficiency bonus + your Wisdom modifier</p>
					<p><b>Spell attack modifier </b>= your proficiency bonus + your Wisdom modifier</p>
				</text>
			</id-00005>
			<id-00006>
				<level type="number">1</level>
				<locked type="number">1</locked>
				<name type="string">Hunter</name>
				<source type="string">Ranger</source>
				<text type="formattedtext">
					<p>Emulating the Hunter archetype means accepting your place as a bulwark between civilization and the terrors of the wilderness. As you walk the Hunter's path, you learn specialized techniques for fighting the threats you face, from rampaging ogres and hordes of orcs to towering giants and terrifying dragons.</p>
					<h>Features</h>
					<linklist>
						<link class="reference_classfeature" recordname="reference.classdata.ranger.features.hunter_sprey3@DD PHB Deluxe">Hunter's Prey</link>
						<link class="reference_classfeature" recordname="reference.classdata.ranger.features.defensivetactics7@DD PHB Deluxe">Defensive Tactics</link>
						<link class="reference_classfeature" recordname="reference.classdata.ranger.features.multiattack11@DD PHB Deluxe">Multiattack</link>
						<link class="reference_classfeature" recordname="reference.classdata.ranger.features.superiorhunter_sdefense15@DD PHB Deluxe">Superior Hunter's Defense</link>
					</linklist>
				</text>
			</id-00006>
			<id-00007>
				<level type="number">3</level>
				<locked type="number">1</locked>
				<name type="string">Hunter's Prey (Horde Breaker)</name>
				<source type="string">Ranger</source>
				<specialization type="string">Hunter</specialization>
				<text type="formattedtext">
					<p>At 3rd level, you gain one of the following features of your choice.</p>
					<p><b>Colossus Slayer. </b>Your tenacity can wear down the most potent foes. When you hit a creature with a weapon attack, the creature takes an extra 1d8 damage if it's below its hit point maximum. You can deal this extra damage only once per turn.</p>
					<p><b>Giant Killer. </b>When a Large or larger creature within 5 feet of you hits or misses you with an attack, you can use your reaction to attack that creature immediately after its attack, provided that you can see the creature.</p>
					<p><b>Horde Breaker. </b>Once on each of your turns when you make a weapon attack, you can make another attack with the same weapon against a different creature that is within 5 feet of the original target and within range of your weapon.</p>
				</text>
			</id-00007>
			<id-00008>
				<level type="number">3</level>
				<locked type="number">1</locked>
				<name type="string">Primeval Awareness</name>
				<source type="string">Ranger</source>
				<text type="formattedtext">
					<p>Beginning at 3rd level, you can use your action and expend one ranger spell slot to focus your awareness on the region around you. For 1 minute per level of the spell slot you expend, you can sense whether the following types of creatures are present within 1 mile of you (or within up to 6 miles if you are in your favored terrain): aberrations, celestials, dragons, elementals, fey, fiends, and undead. This feature doesn't reveal the creatures' location or number.</p>
				</text>
			</id-00008>
		</featurelist>
		<flaws type="string">Don't expect me to save those who can't save themselves. It is nature's way that the strong thrive and the weak perish.</flaws>
		<gender type="string">Female</gender>
		<height type="string">5' 8&#34;</height>
		<hp>
			<deathsavefail type="number">0</deathsavefail>
			<deathsavesuccess type="number">0</deathsavesuccess>
			<temporary type="number">0</temporary>
			<total type="number">28</total>
			<wounds type="number">0</wounds>
		</hp>
		<ideals type="string">Glory. I must earn glory in battle, for myself and my clan. (Any)</ideals>
		<initiative>
			<misc type="number">0</misc>
			<temporary type="number">0</temporary>
			<total type="number">4</total>
		</initiative>
		<inventorylist>
			<id-00001>
				<ac type="number">11</ac>
				<carried type="number">2</carried>
				<cost type="string">10 gp</cost>
				<count type="number">1</count>
				<description type="formattedtext">
					<p>Made from supple and thin materials, light armor favors agile adventurers since it offers some protection without sacrificing mobility. If you wear light armor, you add your Dexterity modifier to the base number from your armor type to determine your Armor Class.</p>
					<p>The breastplate and shoulder protectors of this armor are made of leather that has been stiffened by being boiled in oil. The rest of the armor is made of softer and more flexible materials.</p>
				</description>
				<dexbonus type="string">Yes</dexbonus>
				<isidentified type="number">1</isidentified>
				<locked type="number">1</locked>
				<name type="string">Leather</name>
				<stealth type="string">-</stealth>
				<strength type="string">-</strength>
				<subtype type="string">Light Armor</subtype>
				<type type="string">Armor</type>
				<weight type="number">10</weight>
			</id-00001>
			<id-00002>
				<carried type="number">2</carried>
				<cost type="string">10 gp</cost>
				<count type="number">2</count>
				<damage type="string">1d6 piercing</damage>
				<isidentified type="number">1</isidentified>
				<locked type="number">1</locked>
				<name type="string">Shortsword</name>
				<properties type="string">Finesse, light</properties>
				<subtype type="string">Martial Weapons</subtype>
				<type type="string">Weapon</type>
				<weight type="number">2</weight>
			</id-00002>
			<id-00003>
				<carried type="number">1</carried>
				<cost type="string">1 gp</cost>
				<count type="number">1</count>
				<isidentified type="number">1</isidentified>
				<location type="string">Backpack</location>
				<locked type="number">1</locked>
				<name type="string">Bedroll</name>
				<subtype type="string">Standard</subtype>
				<type type="string">Adventuring Gear</type>
				<weight type="number">7</weight>
			</id-00003>
			<id-00004>
				<carried type="number">1</carried>
				<cost type="string">5 sp</cost>
				<count type="number">10</count>
				<description type="formattedtext">
					<p>Rations consist of dry foods suitable for extended travel, including jerky, dried fruit, hardtack, and nuts.</p>
				</description>
				<isidentified type="number">1</isidentified>
				<location type="string">Backpack</location>
				<locked type="number">1</locked>
				<name type="string">Rations (1 Day)</name>
				<subtype type="string">Standard</subtype>
				<type type="string">Adventuring Gear</type>
				<weight type="number">2</weight>
			</id-00004>
			<id-00005>
				<carried type="number">1</carried>
				<cost type="string">1 cp</cost>
				<count type="number">10</count>
				<description type="formattedtext">
					<p>A torch burns for 1 hour, providing bright light in a 20-foot radius and dim light for an additional 20 feet. If you make a melee attack with a burning torch and hit, it deals 1 fire damage.</p>
				</description>
				<isidentified type="number">1</isidentified>
				<location type="string">Backpack</location>
				<locked type="number">1</locked>
				<name type="string">Torch</name>
				<subtype type="string">Standard</subtype>
				<type type="string">Adventuring Gear</type>
				<weight type="number">1</weight>
			</id-00005>
			<id-00006>
				<carried type="number">1</carried>
				<cost type="string">5 sp</cost>
				<count type="number">1</count>
				<description type="formattedtext">
					<p>This small container holds flint, fire steel, and tinder (usually dry cloth soaked in light oil) used to kindle a fire. Using it to light a torch-or anything else with abundant, exposed fuel-takes an action. Lighting any other fire takes 1 minute.</p>
				</description>
				<isidentified type="number">1</isidentified>
				<location type="string">Backpack</location>
				<locked type="number">1</locked>
				<name type="string">Tinderbox</name>
				<subtype type="string">Standard</subtype>
				<type type="string">Adventuring Gear</type>
				<weight type="number">1</weight>
			</id-00006>
			<id-00007>
				<carried type="number">1</carried>
				<cost type="string">2 sp</cost>
				<count type="number">1</count>
				<isidentified type="number">1</isidentified>
				<location type="string">Backpack</location>
				<locked type="number">1</locked>
				<name type="string">Waterskin</name>
				<subtype type="string">Standard</subtype>
				<type type="string">Adventuring Gear</type>
				<weight type="number">5</weight>
			</id-00007>
			<id-00008>
				<carried type="number">1</carried>
				<cost type="string">2 sp</cost>
				<count type="number">1</count>
				<description type="formattedtext">
					<p>This tin box contains a cup and simple cutlery. The box clamps together, and one side can be used as a cooking pan and the other as a plate or shallow bowl.</p>
				</description>
				<isidentified type="number">1</isidentified>
				<location type="string">Backpack</location>
				<locked type="number">1</locked>
				<name type="string">Mess Kit</name>
				<subtype type="string">Equipment Kits</subtype>
				<type type="string">Adventuring Gear</type>
				<weight type="number">1</weight>
			</id-00008>
			<id-00009>
				<carried type="number">1</carried>
				<cost type="string">1 gp</cost>
				<count type="number">1</count>
				<isidentified type="number">1</isidentified>
				<location type="string">Backpack</location>
				<locked type="number">1</locked>
				<name type="string">Rope, Hempen (50 Feet)</name>
				<subtype type="string">Standard</subtype>
				<type type="string">Adventuring Gear</type>
				<weight type="number">10</weight>
			</id-00009>
			<id-00010>
				<carried type="number">1</carried>
				<cost type="string">2 gp</cost>
				<count type="number">1</count>
				<isidentified type="number">1</isidentified>
				<locked type="number">1</locked>
				<name type="string">Backpack</name>
				<subtype type="string">Standard</subtype>
				<type type="string">Adventuring Gear</type>
				<weight type="number">5</weight>
			</id-00010>
			<id-00011>
				<carried type="number">2</carried>
				<cost type="string">50 gp</cost>
				<count type="number">1</count>
				<damage type="string">1d8 piercing</damage>
				<isidentified type="number">1</isidentified>
				<locked type="number">1</locked>
				<name type="string">Longbow</name>
				<properties type="string">Ammunition (range 150/600), heavy, two-handed</properties>
				<subtype type="string">Martial Ranged Weapons</subtype>
				<type type="string">Weapon</type>
				<weight type="number">2</weight>
			</id-00011>
			<id-00012>
				<carried type="number">1</carried>
				<cost type="string">1 gp</cost>
				<count type="number">1</count>
				<description type="formattedtext">
					<p>A quiver can hold up to 20 arrows.</p>
				</description>
				<isidentified type="number">1</isidentified>
				<locked type="number">1</locked>
				<name type="string">Quiver</name>
				<subtype type="string">Standard</subtype>
				<type type="string">Adventuring Gear</type>
				<weight type="number">1</weight>
			</id-00012>
			<id-00013>
				<carried type="number">1</carried>
				<cost type="string">5 cp</cost>
				<count type="number">20</count>
				<isidentified type="number">1</isidentified>
				<location type="string">Quiver</location>
				<locked type="number">1</locked>
				<name type="string">Arrow</name>
				<subtype type="string">Ammunition</subtype>
				<type type="string">Adventuring Gear</type>
				<weight type="number">0.05</weight>
			</id-00013>
			<id-00015>
				<carried type="number">1</carried>
				<cost type="string">5 gp</cost>
				<count type="number">1</count>
				<description type="formattedtext">
					<p>When you use your action to set it, this trap forms a saw-toothed steel ring that snaps shut when a creature steps on a pressure plate in the center. The trap is affixed by a heavy chain to an immobile object, such as a tree or a spike driven into the ground. A creature that steps on the plate must succeed on a DC 13 Dexterity saving throw or take 1d4 piercing damage and stop moving. Thereafter, until the creature breaks free of the trap, its movement is limited by the length of the chain (typically 3 feet long). A creature can use its action to make a DC 13 Strength check, freeing itself or another creature within its reach on a success. Each failed check deals 1 piercing damage to the trapped creature.</p>
				</description>
				<isidentified type="number">1</isidentified>
				<location type="string">Backpack</location>
				<locked type="number">1</locked>
				<name type="string">Hunting Trap</name>
				<subtype type="string">Standard</subtype>
				<type type="string">Adventuring Gear</type>
				<weight type="number">25</weight>
			</id-00015>
			<id-00016>
				<carried type="number">1</carried>
				<cost type="string">2 gp</cost>
				<count type="number">1</count>
				<isidentified type="number">1</isidentified>
				<locked type="number">1</locked>
				<name type="string">Clothes, Traveler's</name>
				<subtype type="string">Standard</subtype>
				<type type="string">Adventuring Gear</type>
				<weight type="number">4</weight>
			</id-00016>
			<id-00017>
				<carried type="number">1</carried>
				<count type="number">1</count>
				<isidentified type="number">1</isidentified>
				<location type="string">Backpack</location>
				<name type="string">Wolf's Paw</name>
				<weight type="number">0</weight>
			</id-00017>
			<id-00018>
				<carried type="number">1</carried>
				<cost type="string">5 gp</cost>
				<count type="number">1</count>
				<description type="formattedtext">
					<p>An arcane focus is a special item-an orb, a crystal, a rod, a specially constructed staff, a wand-like length of wood, or some similar item-designed to channel the power of arcane spells. A sorcerer, warlock, or wizard can use such an item as a spellcasting focus, as described in chapter 10.</p>
				</description>
				<isidentified type="number">1</isidentified>
				<location type="string">Backpack</location>
				<locked type="number">1</locked>
				<name type="string">Staff</name>
				<subtype type="string">Arcane Focus</subtype>
				<type type="string">Adventuring Gear</type>
				<weight type="number">4</weight>
			</id-00018>
		</inventorylist>
		<languagelist>
			<id-00001>
				<name type="string">Common</name>
			</id-00001>
			<id-00002>
				<name type="string">Elvish</name>
			</id-00002>
			<id-00003>
				<name type="string">Dwarvish</name>
			</id-00003>
			<id-00004>
				<name type="string">Goblin</name>
			</id-00004>
		</languagelist>
		<level type="number">3</level>
		<name type="string">Half Elf Ranger (Ranged Hunter)</name>
		<perception type="number">14</perception>
		<perceptionmodifier type="number">0</perceptionmodifier>
		<personalitytraits type="string">I watch over my friends as if they were a litter of newborn pups.\n\nI once ran twenty-five miles without stopping to warn to my clan of an approaching orc horde. I'd do it again if I had to.</personalitytraits>
		<powerdisplaymode type="string">action</powerdisplaymode>
		<powergroup>
			<id-00001>
				<castertype type="string">memorization</castertype>
				<name type="string">Spells</name>
			</id-00001>
			<id-00002>
				<castertype type="string">memorization</castertype>
				<name type="string">Spells</name>
			</id-00002>
		</powergroup>
		<powermeta>
			<pactmagicslots1>
				<max type="number">0</max>
			</pactmagicslots1>
			<pactmagicslots2>
				<max type="number">0</max>
			</pactmagicslots2>
			<pactmagicslots3>
				<max type="number">0</max>
			</pactmagicslots3>
			<pactmagicslots4>
				<max type="number">0</max>
			</pactmagicslots4>
			<pactmagicslots5>
				<max type="number">0</max>
			</pactmagicslots5>
			<pactmagicslots6>
				<max type="number">0</max>
			</pactmagicslots6>
			<pactmagicslots7>
				<max type="number">0</max>
			</pactmagicslots7>
			<pactmagicslots8>
				<max type="number">0</max>
			</pactmagicslots8>
			<pactmagicslots9>
				<max type="number">0</max>
			</pactmagicslots9>
			<spellslots1>
				<max type="number">3</max>
			</spellslots1>
			<spellslots2>
				<max type="number">0</max>
			</spellslots2>
			<spellslots3>
				<max type="number">0</max>
			</spellslots3>
			<spellslots4>
				<max type="number">0</max>
			</spellslots4>
			<spellslots5>
				<max type="number">0</max>
			</spellslots5>
			<spellslots6>
				<max type="number">0</max>
			</spellslots6>
			<spellslots7>
				<max type="number">0</max>
			</spellslots7>
			<spellslots8>
				<max type="number">0</max>
			</spellslots8>
			<spellslots9>
				<max type="number">0</max>
			</spellslots9>
		</powermeta>
		<powermode type="string">standard</powermode>
		<powers>
			<id-00002>
				<actions>
					<id-00001>
						<apply type="string">roll</apply>
						<durmod type="number">1</durmod>
						<durunit type="string">hour</durunit>
						<label type="string">DMG: 1d6; (C)</label>
						<order type="number">1</order>
						<targeting type="string">self</targeting>
						<type type="string">effect</type>
					</id-00001>
					<id-00002>
						<durmod type="number">1</durmod>
						<durunit type="string">hour</durunit>
						<label type="string">MARKED</label>
						<order type="number">2</order>
						<type type="string">effect</type>
					</id-00002>
				</actions>
				<cast type="number">0</cast>
				<castingtime type="string">1 bonus action</castingtime>
				<components type="string">V</components>
				<description type="formattedtext">
					<p>You choose a creature you can see within range and mystically mark it as your quarry. Until the spell ends, you deal an extra 1d6 damage to the target whenever you hit it with a weapon attack, and you have advantage on any Wisdom (Perception) or Wisdom (Survival) check you make to find it. If the target drops to 0 hit points before this spell ends, you can use a bonus action on a subsequent turn of yours to mark a new creature.</p>
					<p><b>At Higher Levels. </b>When you cast this spell using a spell slot of 3rd or 4th level, you can maintain your concentration on the spell for up to 8 hours. When you use a spell slot of 5th level or higher, you can maintain your concentration on the spell for up to 24 hours.</p>
				</description>
				<duration type="string">Concentration, up to 1 hour</duration>
				<group type="string">Spells</group>
				<level type="number">1</level>
				<locked type="number">1</locked>
				<name type="string">Hunter's Mark</name>
				<prepared type="number">0</prepared>
				<range type="string">90 feet</range>
				<school type="string">Divination</school>
				<source type="string">Ranger</source>
			</id-00002>
			<id-00003>
				<actions>
					<id-00001>
						<heallist>
							<id-00001>
								<dice type="dice">d8</dice>
								<stat type="string">base</stat>
							</id-00001>
						</heallist>
						<order type="number">1</order>
						<type type="string">heal</type>
					</id-00001>
				</actions>
				<cast type="number">0</cast>
				<castingtime type="string">1 action</castingtime>
				<components type="string">V, S</components>
				<description type="formattedtext">
					<p>A creature you touch regains a number of hit points equal to 1d8 + your spellcasting ability modifier. This spell has no effect on undead or constructs.</p>
					<p><b>At Higher Levels. </b>When you cast this spell using a spell slot of 2nd level or higher, the healing increases by 1d8 for each slot level above 1st.</p>
				</description>
				<duration type="string">Instantaneous</duration>
				<group type="string">Spells</group>
				<level type="number">1</level>
				<locked type="number">1</locked>
				<name type="string">Cure Wounds</name>
				<prepared type="number">0</prepared>
				<range type="string">Touch</range>
				<school type="string">Evocation</school>
				<source type="string">Bard, Cleric, Cleric Life Domain, Druid, Paladin, Ranger</source>
			</id-00003>
			<id-00004>
				<actions>
					<id-00001>
						<order type="number">1</order>
						<savetype type="string">strength</savetype>
						<type type="string">cast</type>
					</id-00001>
					<id-00002>
						<durmod type="number">1</durmod>
						<durunit type="string">minute</durunit>
						<label type="string">Restrained; (C)</label>
						<order type="number">2</order>
						<type type="string">effect</type>
					</id-00002>
					<id-00003>
						<durmod type="number">1</durmod>
						<durunit type="string">minute</durunit>
						<label type="string">DMGO: 1d6 piercing; (C)</label>
						<order type="number">3</order>
						<type type="string">effect</type>
					</id-00003>
				</actions>
				<cast type="number">0</cast>
				<castingtime type="string">1 bonus action</castingtime>
				<components type="string">V</components>
				<description type="formattedtext">
					<p>The next time you hit a creature with a weapon attack before this spell ends, a writhing mass of thorny vines appears at the point of impact, and the target must succeed on a Strength saving throw or be restrained by the magical vines until the spell ends. A Large or larger creature has advantage on this saving throw. If the target succeeds on the save, the vines shrivel away.</p>
					<p>While restrained by this spell, the target takes 1d6 piercing damage at the start of each of its turns. A creature restrained by the vines or one that can touch the creature can use its action to make a Strength check against your spell save DC. On a success, the target is freed.</p>
					<p><b>At Higher Levels. </b>If you cast this spell using a spell slot of 2nd level or higher, the damage increases by 1d6 for each slot level above 1st.</p>
				</description>
				<duration type="string">Concentration, up to 1 minute</duration>
				<group type="string">Spells</group>
				<level type="number">1</level>
				<locked type="number">1</locked>
				<name type="string">Ensnaring Strike</name>
				<prepared type="number">0</prepared>
				<range type="string">Self</range>
				<ritual type="number">0</ritual>
				<school type="string">Conjuration</school>
				<source type="string">Ranger</source>
			</id-00004>
		</powers>
		<profbonus type="number">2</profbonus>
		<proficiencylist>
			<id-00001>
				<name type="string">Tool: Panpipes</name>
			</id-00001>
			<id-00002>
				<name type="string">Weapon: Simple weapons, martial weapons</name>
			</id-00002>
			<id-00003>
				<name type="string">Armor: Light armor, medium armor, shields</name>
			</id-00003>
		</proficiencylist>
		<race type="string">Half-Elf</race>
		<racelink type="windowreference">
			<class>reference_race</class>
			<recordname>reference.racedata.half_elf@DD PHB Deluxe</recordname>
		</racelink>
		<senses type="string">Darkvision 60</senses>
		<size type="string">Medium</size>
		<skilllist>
			<id-00001>
				<name type="string">Perception</name>
				<prof type="number">1</prof>
				<stat type="string">wisdom</stat>
				<total type="number">4</total>
			</id-00001>
			<id-00002>
				<name type="string">Animal Handling</name>
				<prof type="number">1</prof>
				<stat type="string">wisdom</stat>
				<total type="number">4</total>
			</id-00002>
			<id-00003>
				<name type="string">Survival</name>
				<prof type="number">1</prof>
				<stat type="string">wisdom</stat>
				<total type="number">4</total>
			</id-00003>
			<id-00004>
				<name type="string">Athletics</name>
				<prof type="number">1</prof>
				<stat type="string">strength</stat>
				<total type="number">3</total>
			</id-00004>
			<id-00005>
				<name type="string">Investigation</name>
				<prof type="number">1</prof>
				<stat type="string">intelligence</stat>
				<total type="number">3</total>
			</id-00005>
			<id-00006>
				<name type="string">Stealth</name>
				<prof type="number">1</prof>
				<stat type="string">dexterity</stat>
				<total type="number">6</total>
			</id-00006>
			<id-00007>
				<name type="string">Arcana</name>
				<stat type="string">intelligence</stat>
				<total type="number">1</total>
			</id-00007>
			<id-00008>
				<name type="string">Persuasion</name>
				<stat type="string">charisma</stat>
				<total type="number">0</total>
			</id-00008>
			<id-00009>
				<name type="string">Nature</name>
				<stat type="string">intelligence</stat>
				<total type="number">1</total>
			</id-00009>
			<id-00010>
				<name type="string">Medicine</name>
				<stat type="string">wisdom</stat>
				<total type="number">2</total>
			</id-00010>
			<id-00011>
				<name type="string">Performance</name>
				<stat type="string">charisma</stat>
				<total type="number">0</total>
			</id-00011>
			<id-00012>
				<name type="string">Acrobatics</name>
				<stat type="string">dexterity</stat>
				<total type="number">4</total>
			</id-00012>
			<id-00013>
				<name type="string">Religion</name>
				<stat type="string">intelligence</stat>
				<total type="number">1</total>
			</id-00013>
			<id-00014>
				<name type="string">Sleight of Hand</name>
				<stat type="string">dexterity</stat>
				<total type="number">4</total>
			</id-00014>
			<id-00015>
				<name type="string">Insight</name>
				<stat type="string">wisdom</stat>
				<total type="number">2</total>
			</id-00015>
			<id-00016>
				<name type="string">Intimidation</name>
				<stat type="string">charisma</stat>
				<total type="number">0</total>
			</id-00016>
			<id-00017>
				<name type="string">Deception</name>
				<stat type="string">charisma</stat>
				<total type="number">0</total>
			</id-00017>
			<id-00018>
				<name type="string">History</name>
				<stat type="string">intelligence</stat>
				<total type="number">1</total>
			</id-00018>
		</skilllist>
		<speed>
			<armor type="number">0</armor>
			<base type="number">30</base>
			<misc type="number">0</misc>
			<temporary type="number">0</temporary>
			<total type="number">30</total>
		</speed>
		<temp>
		</temp>
		<token type="token">portrait_id-00005_token</token>
		<traitlist>
			<id-00001>
				<locked type="number">1</locked>
				<name type="string">Skill Versatility</name>
				<source type="string">Half-Elf</source>
				<text type="formattedtext">
					<p>You gain proficiency in two skills of your choice.</p>
				</text>
				<type type="string">racial</type>
			</id-00001>
			<id-00002>
				<locked type="number">1</locked>
				<name type="string">Fey Ancestry</name>
				<source type="string">Half-Elf</source>
				<text type="formattedtext">
					<p>You have advantage on saving throws against being charmed, and magic can't put you to sleep.</p>
				</text>
				<type type="string">racial</type>
			</id-00002>
		</traitlist>
		<weaponlist>
			<id-00001>
				<attackstat type="string">dexterity</attackstat>
				<carried type="number">2</carried>
				<damagelist>
					<id-00001>
						<dice type="dice">d6</dice>
						<stat type="string">dexterity</stat>
						<type type="string">piercing</type>
					</id-00001>
				</damagelist>
				<isidentified type="number">1</isidentified>
				<maxammo type="number">0</maxammo>
				<name type="string">Shortsword</name>
				<prof type="number">1</prof>
				<shortcut type="windowreference">
					<class>item</class>
					<recordname>....inventorylist.id-00002</recordname>
				</shortcut>
				<type type="number">0</type>
			</id-00001>
			<id-00002>
				<ammo type="number">0</ammo>
				<carried type="number">2</carried>
				<damagelist>
					<id-00001>
						<bonus type="number">2</bonus>
						<dice type="dice">d8</dice>
						<stat type="string">base</stat>
						<type type="string">piercing</type>
					</id-00001>
				</damagelist>
				<isidentified type="number">1</isidentified>
				<maxammo type="number">20</maxammo>
				<name type="string">Longbow</name>
				<prof type="number">1</prof>
				<shortcut type="windowreference">
					<class>item</class>
					<recordname>....inventorylist.id-00011</recordname>
				</shortcut>
				<type type="number">1</type>
			</id-00002>
			<id-00003>
				<attackstat type="string">dexterity</attackstat>
				<carried type="number">2</carried>
				<damagelist>
					<id-00001>
						<dice type="dice">d6</dice>
						<type type="string">piercing</type>
					</id-00001>
				</damagelist>
				<maxammo type="number">0</maxammo>
				<name type="string">Shortsword (Offhand)</name>
				<prof type="number">1</prof>
				<shortcut type="windowreference">
					<class></class>
					<recordname></recordname>
				</shortcut>
				<type type="number">0</type>
			</id-00003>
		</weaponlist>
		<weight type="string">135 lbs</weight>
	</character>
</root>
