<?xml version="1.0" encoding="iso-8859-1"?>
<root version="3.3" release="7|CoreRPG:3">
	<character>
		<abilities>
			<charisma>
				<bonus type="number">0</bonus>
				<save type="number">2</save>
				<savemodifier type="number">0</savemodifier>
				<saveprof type="number">1</saveprof>
				<score type="number">10</score>
			</charisma>
			<constitution>
				<bonus type="number">2</bonus>
				<save type="number">2</save>
				<savemodifier type="number">0</savemodifier>
				<saveprof type="number">0</saveprof>
				<score type="number">15</score>
			</constitution>
			<dexterity>
				<bonus type="number">2</bonus>
				<save type="number">2</save>
				<savemodifier type="number">0</savemodifier>
				<saveprof type="number">0</saveprof>
				<score type="number">15</score>
			</dexterity>
			<intelligence>
				<bonus type="number">1</bonus>
				<save type="number">1</save>
				<savemodifier type="number">0</savemodifier>
				<saveprof type="number">0</saveprof>
				<score type="number">12</score>
			</intelligence>
			<strength>
				<bonus type="number">2</bonus>
				<save type="number">2</save>
				<savemodifier type="number">0</savemodifier>
				<saveprof type="number">0</saveprof>
				<score type="number">15</score>
			</strength>
			<wisdom>
				<bonus type="number">3</bonus>
				<save type="number">5</save>
				<savemodifier type="number">0</savemodifier>
				<saveprof type="number">1</saveprof>
				<score type="number">16</score>
			</wisdom>
		</abilities>
		<adventurelist>
		</adventurelist>
		<age type="string">23</age>
		<alignment type="string">Lawful Neutral</alignment>
		<background type="string">Acolyte</background>
		<backgroundlink type="windowreference">
			<class>reference_background</class>
			<recordname>reference.backgrounddata.acolyte@DD PHB Deluxe</recordname>
		</backgroundlink>
		<bonds type="string">My Twin Brother.</bonds>
		<classes>
			<id-00001>
				<casterlevelinvmult type="number">1</casterlevelinvmult>
				<hddie type="dice">d8</hddie>
				<hdused type="number">0</hdused>
				<level type="number">3</level>
				<name type="string">Cleric</name>
				<shortcut type="windowreference">
					<class>reference_class</class>
					<recordname>reference.classdata.cleric@DD PHB Deluxe</recordname>
				</shortcut>
			</id-00001>
		</classes>
		<coins>
			<slot1>
				<amount type="number">15</amount>
				<name type="string">GP</name>
			</slot1>
			<slot2>
			</slot2>
			<slot3>
			</slot3>
			<slot4>
			</slot4>
			<slot5>
			</slot5>
			<slot6>
			</slot6>
		</coins>
		<defenses>
			<ac>
				<armor type="number">4</armor>
				<dexbonus type="string">max2</dexbonus>
				<disstealth type="number">1</disstealth>
				<misc type="number">0</misc>
				<prof type="number">1</prof>
				<shield type="number">2</shield>
				<temporary type="number">0</temporary>
				<total type="number">18</total>
			</ac>
		</defenses>
		<encumbrance>
			<encumbered type="number">75</encumbered>
			<encumberedheavy type="number">150</encumberedheavy>
			<liftpushdrag type="number">450</liftpushdrag>
			<load type="number">86.31</load>
			<max type="number">225</max>
		</encumbrance>
		<featlist>
		</featlist>
		<featurelist>
			<id-00001>
				<locked type="number">1</locked>
				<name type="string">Shelter of the Faithful</name>
				<source type="string">Acolyte</source>
				<text type="formattedtext">
					<p>As an acolyte, you command the respect of those who share your faith, and you can perform the religious ceremonies of your deity. You and your adventuring companions can expect to receive free healing and care at a temple, shrine, or other established presence of your faith, though you must provide any material components needed for spells. Those who share your religion will support you (but only you) at a modest lifestyle.</p>
					<p>You might also have ties to a specific temple dedicated to your chosen deity or pantheon, and you have a residence there. This could be the temple where you used to serve, if you remain on good terms with it, or a temple where you have found a new home. While near your temple, you can call upon the priests for assistance, provided the assistance you ask for is not hazardous and you remain in good standing with your temple.</p>
				</text>
			</id-00001>
			<id-00002>
				<level type="number">1</level>
				<locked type="number">1</locked>
				<name type="string">Knowledge Domain</name>
				<source type="string">Cleric</source>
				<text type="formattedtext">
					<p>The gods of knowledge-including Oghma, Boccob, Gilean, Aureon, and Thoth-value learning and understanding above all. Some teach that knowledge is to be gathered and shared in libraries and universities, or promote the practical knowledge of craft and invention. Some deities hoard knowledge and keep its secrets to themselves. And some promise their followers that they will gain tremendous power if they unlock the secrets of the multiverse. Followers of these gods study esoteric lore, collect old tomes, delve into the secret places of the earth, and learn all they can. Some gods of knowledge promote the practical knowledge of craft and invention, including smith deities like Gond, Reorx, Onatar, Moradin, Hephaestus, and Goibhniu.</p>
					<h>Knowledge Domain Spells</h>
					<p><b>Cleric Level - Spell</b></p>
					<linklist>
						<link class="reference_spell" recordname="reference.spelldata.command@DD PHB Deluxe"><b>Spell: </b></link>1st - Command</linklist>
						<link class="reference_spell" recordname="reference.spelldata.identify@DD PHB Deluxe"><b>Spell: </b></link>1st - Identify
						<link class="reference_spell" recordname="reference.spelldata.augury@DD PHB Deluxe"><b>Spell: </b></link>3rd - Augury
						<link class="reference_spell" recordname="reference.spelldata.suggestion@DD PHB Deluxe"><b>Spell: </b></link>3rd - Suggestion
						<link class="reference_spell" recordname="reference.spelldata.nondetection@DD PHB Deluxe"><b>Spell: </b></link>5th - Nondetection
						<link class="reference_spell" recordname="reference.spelldata.speakwithdead@DD PHB Deluxe"><b>Spell: </b></link>5th - Speak with Dead
						<link class="reference_spell" recordname="reference.spelldata.arcaneeye@DD PHB Deluxe"><b>Spell: </b></link>7th - Arcane Eye
						<link class="reference_spell" recordname="reference.spelldata.confusion@DD PHB Deluxe"><b>Spell: </b></link>7th - Confusion
						<link class="reference_spell" recordname="reference.spelldata.legendlore@DD PHB Deluxe"><b>Spell: </b></link>9th - Legend Lore
						<link class="reference_spell" recordname="reference.spelldata.scrying@DD PHB Deluxe"><b>Spell: </b></link>9th - Scrying
					<h>Features</h>
					<linklist>
						<link class="reference_classfeature" recordname="reference.classdata.cleric.features.blessingsofknowledge1@DD PHB Deluxe">Blessings of Knowledge</link>
						<link class="reference_classfeature" recordname="reference.classdata.cleric.features.channeldivinity_knowledgeoftheages2@DD PHB Deluxe"><b>Channel Divinity: </b></link>Knowledge of the Ages</linklist>
						<link class="reference_classfeature" recordname="reference.classdata.cleric.features.channeldivinity_readthoughts6@DD PHB Deluxe"><b>Channel Divinity: </b></link>Read Thoughts
						<link class="reference_classfeature" recordname="reference.classdata.cleric.features.potentspellcasting8@DD PHB Deluxe">Potent Spellcasting</link>
						<link class="reference_classfeature" recordname="reference.classdata.cleric.features.visionsofthepast17@DD PHB Deluxe">Visions of the Past</link>
				</text>
			</id-00002>
			<id-00003>
				<level type="number">1</level>
				<locked type="number">1</locked>
				<name type="string">Blessings of Knowledge</name>
				<source type="string">Cleric</source>
				<specialization type="string">Knowledge Domain</specialization>
				<text type="formattedtext">
					<p>At 1st level, you learn two languages of your choice. You also become proficient in your choice of two of the following skills: Arcana, History, Nature, or Religion.</p>
					<p>Your proficiency bonus is doubled for any ability check you make that uses either of those skills.</p>
				</text>
			</id-00003>
			<id-00004>
				<level type="number">1</level>
				<locked type="number">1</locked>
				<name type="string">Spellcasting</name>
				<source type="string">Cleric</source>
				<text type="formattedtext">
					<p>As a conduit for divine power, you can cast cleric spells. See chapter 10 for the general rules of spellcasting and chapter 11 for a selection of cleric spells.</p>
					<linklist>
						<link class="reference_colindex" recordname="reference.spelllists.cleric@DD PHB Deluxe">Cleric Spells</link>
					</linklist>
					<p><b>Cantrips</b></p>
					<p>At 1st level, you know three cantrips of your choice from the cleric spell list. You learn additional cleric cantrips of your choice at higher levels, as shown in the Cantrips Known column of the Cleric table.</p>
					<p><b>Preparing and Casting Spells</b></p>
					<p>The Cleric table shows how many spell slots you have to cast your spells of 1st level and higher. To cast one of these spells, you must expend a slot of the spell's level or higher. You regain all expended spell slots when you finish a long rest.</p>
					<p>You prepare the list of cleric spells that are available for you to cast, choosing from the cleric spell list. When you do so, choose a number of cleric spells equal to your Wisdom modifier + your cleric level (minimum of one spell). The spells must be of a level for which you have spell slots.</p>
					<p>For example, if you are a 3rd-level cleric, you have four 1st-level and two 2nd-level spell slots. With a Wisdom of 16, your list of prepared spells can include six spells of 1st or 2nd level, in any combination. If you prepare the 1st-level spell cure wounds, you can cast it using a 1st-level or 2nd-level slot. Casting the spell doesn't remove it from your list of prepared spells.</p>
					<p>You can change your list of prepared spells when you finish a long rest. Preparing a new list of cleric spells requires time spent in prayer and meditation: at least 1 minute per spell level for each spell on your list.</p>
					<p><b>Spellcasting Ability</b></p>
					<p>Wisdom is your spellcasting ability for your cleric spells. The power of your spells comes from your devotion to your deity. You use your Wisdom whenever a cleric spell refers to your spellcasting ability. In addition, you use your Wisdom modifier when setting the saving throw DC for a cleric spell you cast and when making an attack roll with one.</p>
					<p><b>Spell save DC </b>= 8 + your proficiency bonus + your Wisdom modifier</p>
					<p><b>Spell attack modifier </b>= your proficiency bonus + your Wisdom modifier</p>
					<p><b>Ritual Casting</b></p>
					<p>You can cast a cleric spell as a ritual if that spell has the ritual tag and you have the spell prepared.</p>
					<p><b>Spellcasting Focus</b></p>
					<p>You can use a holy symbol (found in chapter 5) as a spellcasting focus for your cleric spells.</p>
				</text>
			</id-00004>
			<id-00005>
				<level type="number">2</level>
				<locked type="number">1</locked>
				<name type="string">Channel Divinity</name>
				<source type="string">Cleric</source>
				<text type="formattedtext">
					<p>At 2nd level, you gain the ability to channel divine energy directly from your deity, using that energy to fuel magical effects. You start with two such effects - Turn Undead and an effect determined by your domain. Some domains grant you additional effects as you advance in levels, as noted in the domain description.</p>
					<p>When you use your Channel Divinity, you choose which effect to create. You must then finish a short or long rest to use your Channel Divinity again.</p>
					<p>Some Channel Divinity effects require saving throws. When you use such an effect from this class, the DC equals your cleric spell save DC.</p>
					<p>Beginning at 6th level, you can use your Channel Divinity twice between rests, and beginning at 18th level, you can use it three times between rests. When you finish a short or long rest, you regain your expended uses.</p>
					<p><b>Channel Divinity: </b>Turn Undead</p>
					<p>As an action, you present your holy symbol and speak a prayer censuring the undead. Each undead that can see or hear you within 30 feet of you must make a Wisdom saving throw. If the creature fails its saving throw, it is turned for 1 minute or until it takes any damage.</p>
					<p>A turned creature must spend its turns trying to move as far away from you as it can, and it can't willingly move to a space within 30 feet of you. It also can't take reactions. For its action, it can use only the Dash action or try to escape from an effect that prevents it from moving. If there's nowhere to move, the creature can use the Dodge action.</p>
				</text>
			</id-00005>
			<id-00006>
				<level type="number">2</level>
				<locked type="number">1</locked>
				<name type="string">Channel Divinity: Knowledge of the Ages</name>
				<source type="string">Cleric</source>
				<specialization type="string">Knowledge Domain</specialization>
				<text type="formattedtext">
					<p>Starting at 2nd level, you can use your Channel Divinity to tap into a divine well of knowledge. As an action, you choose one skill or tool. For 10 minutes, you have proficiency with the chosen skill or tool.</p>
				</text>
			</id-00006>
		</featurelist>
		<flaws type="string">I put too much trust in those who wield power within my temple's hierarchy.</flaws>
		<gender type="string">Female</gender>
		<height type="string">3' 5&#34;</height>
		<hp>
			<temporary type="number">0</temporary>
			<total type="number">24</total>
			<wounds type="number">0</wounds>
		</hp>
		<ideals type="string">Tradition. The ancient traditions of worship and sacrifice must be preserved and upheld. (Lawful)</ideals>
		<initiative>
			<misc type="number">0</misc>
			<temporary type="number">0</temporary>
			<total type="number">2</total>
		</initiative>
		<inventorylist>
			<id-00002>
				<carried type="number">1</carried>
				<count type="number">1</count>
				<isidentified type="number">1</isidentified>
				<location type="string">Backpack</location>
				<name type="string">Prayer Book</name>
			</id-00002>
			<id-00005>
				<carried type="number">1</carried>
				<cost type="string">5 sp</cost>
				<count type="number">1</count>
				<isidentified type="number">1</isidentified>
				<location type="string">Backpack</location>
				<locked type="number">1</locked>
				<name type="string">Clothes, Common</name>
				<subtype type="string">Standard</subtype>
				<type type="string">Adventuring Gear</type>
				<weight type="number">3</weight>
			</id-00005>
			<id-00006>
				<carried type="number">2</carried>
				<cost type="string">5 gp</cost>
				<count type="number">1</count>
				<damage type="string">1d6 bludgeoning</damage>
				<isidentified type="number">1</isidentified>
				<locked type="number">1</locked>
				<name type="string">Mace</name>
				<properties type="string">-</properties>
				<subtype type="string">Simple Melee Weapons</subtype>
				<type type="string">Weapon</type>
				<weight type="number">4</weight>
			</id-00006>
			<id-00007>
				<ac type="number">14</ac>
				<carried type="number">2</carried>
				<cost type="string">50 gp</cost>
				<count type="number">1</count>
				<description type="formattedtext">
					<p>Medium armor offers more protection than light armor, but it also impairs movement more. If you wear medium armor, you add your Dexterity modifier, to a maximum of +2, to the base number from your armor type to determine your Armor Class.</p>
					<p>This armor consists of a coat and leggings (and perhaps a separate skirt) of leather covered with overlapping pieces of metal, much like the scales of a fish. The suit includes gauntlets.</p>
				</description>
				<dexbonus type="string">Yes (max 2)</dexbonus>
				<isidentified type="number">1</isidentified>
				<locked type="number">1</locked>
				<name type="string">Scale Mail</name>
				<stealth type="string">Disadvantage</stealth>
				<strength type="string">-</strength>
				<subtype type="string">Medium Armor</subtype>
				<type type="string">Armor</type>
				<weight type="number">45</weight>
			</id-00007>
			<id-00008>
				<carried type="number">2</carried>
				<cost type="string">2 gp</cost>
				<count type="number">1</count>
				<damage type="string">1d4 piercing</damage>
				<isidentified type="number">1</isidentified>
				<locked type="number">1</locked>
				<name type="string">Dagger</name>
				<properties type="string">Finesse, light, thrown (range 20/60)</properties>
				<subtype type="string">Simple Melee Weapons</subtype>
				<type type="string">Weapon</type>
				<weight type="number">1</weight>
			</id-00008>
			<id-00009>
				<ac type="number">2</ac>
				<carried type="number">2</carried>
				<cost type="string">10 gp</cost>
				<count type="number">1</count>
				<description type="formattedtext">
					<p>A shield is made from wood or metal and is carried in one hand. Wielding a shield increases your Armor Class by 2. You can benefit from only one shield at a time.</p>
				</description>
				<dexbonus type="string">-</dexbonus>
				<isidentified type="number">1</isidentified>
				<locked type="number">1</locked>
				<name type="string">Shield</name>
				<stealth type="string">-</stealth>
				<strength type="string">-</strength>
				<subtype type="string">Shield</subtype>
				<type type="string">Armor</type>
				<weight type="number">6</weight>
			</id-00009>
			<id-00010>
				<carried type="number">1</carried>
				<cost type="string">2 gp</cost>
				<count type="number">1</count>
				<isidentified type="number">1</isidentified>
				<location type="string">Backpack</location>
				<locked type="number">1</locked>
				<name type="string">Censer</name>
				<subtype type="string">Standard</subtype>
				<type type="string">Adventuring Gear</type>
				<weight type="number">1</weight>
			</id-00010>
			<id-00011>
				<carried type="number">1</carried>
				<cost type="string">2 sp</cost>
				<count type="number">1</count>
				<isidentified type="number">1</isidentified>
				<location type="string">Backpack</location>
				<locked type="number">1</locked>
				<name type="string">Waterskin</name>
				<subtype type="string">Standard</subtype>
				<type type="string">Adventuring Gear</type>
				<weight type="number">5</weight>
			</id-00011>
			<id-00012>
				<carried type="number">1</carried>
				<cost type="string">2 gp</cost>
				<count type="number">1</count>
				<isidentified type="number">1</isidentified>
				<locked type="number">1</locked>
				<name type="string">Backpack</name>
				<subtype type="string">Standard</subtype>
				<type type="string">Adventuring Gear</type>
				<weight type="number">5</weight>
			</id-00012>
			<id-00013>
				<carried type="number">1</carried>
				<cost type="string">1 gp</cost>
				<count type="number">7</count>
				<isidentified type="number">1</isidentified>
				<location type="string">Backpack</location>
				<locked type="number">1</locked>
				<name type="string">Incense (One Block)</name>
				<subtype type="string">Standard</subtype>
				<type type="string">Adventuring Gear</type>
				<weight type="number">0.03</weight>
			</id-00013>
			<id-00014>
				<carried type="number">1</carried>
				<cost type="string">5 sp</cost>
				<count type="number">1</count>
				<description type="formattedtext">
					<p>This small container holds flint, fire steel, and tinder (usually dry cloth soaked in light oil) used to kindle a fire. Using it to light a torch-or anything else with abundant, exposed fuel-takes an action. Lighting any other fire takes 1 minute.</p>
				</description>
				<isidentified type="number">1</isidentified>
				<location type="string">Backpack</location>
				<locked type="number">1</locked>
				<name type="string">Tinderbox</name>
				<subtype type="string">Standard</subtype>
				<type type="string">Adventuring Gear</type>
				<weight type="number">1</weight>
			</id-00014>
			<id-00015>
				<carried type="number">1</carried>
				<cost type="string">5 sp</cost>
				<count type="number">1</count>
				<isidentified type="number">1</isidentified>
				<location type="string">Backpack (Empty)</location>
				<locked type="number">1</locked>
				<name type="string">Alms Box</name>
				<subtype type="string">Standard</subtype>
				<type type="string">Adventuring Gear</type>
				<weight type="number">1</weight>
			</id-00015>
			<id-00016>
				<carried type="number">1</carried>
				<cost type="string">1 cp</cost>
				<count type="number">10</count>
				<description type="formattedtext">
					<p>For 1 hour, a candle sheds bright light in a 5-foot radius and dim light for an additional 5 feet.</p>
				</description>
				<isidentified type="number">1</isidentified>
				<location type="string">Backpack</location>
				<locked type="number">1</locked>
				<name type="string">Candle</name>
				<subtype type="string">Standard</subtype>
				<type type="string">Adventuring Gear</type>
				<weight type="number">0.01</weight>
			</id-00016>
			<id-00017>
				<carried type="number">1</carried>
				<cost type="string">5 sp</cost>
				<count type="number">2</count>
				<description type="formattedtext">
					<p>Rations consist of dry foods suitable for extended travel, including jerky, dried fruit, hardtack, and nuts.</p>
				</description>
				<isidentified type="number">1</isidentified>
				<location type="string">Backpack</location>
				<locked type="number">1</locked>
				<name type="string">Rations (1 Day)</name>
				<subtype type="string">Standard</subtype>
				<type type="string">Adventuring Gear</type>
				<weight type="number">2</weight>
			</id-00017>
			<id-00018>
				<carried type="number">1</carried>
				<cost type="string">5 sp</cost>
				<count type="number">1</count>
				<isidentified type="number">1</isidentified>
				<location type="string">Backpack</location>
				<locked type="number">1</locked>
				<name type="string">Blanket</name>
				<subtype type="string">Standard</subtype>
				<type type="string">Adventuring Gear</type>
				<weight type="number">3</weight>
			</id-00018>
			<id-00019>
				<carried type="number">1</carried>
				<cost type="string">15 gp</cost>
				<count type="number">1</count>
				<isidentified type="number">1</isidentified>
				<location type="string">Backpack</location>
				<locked type="number">1</locked>
				<name type="string">Clothes, Vestments</name>
				<subtype type="string">Standard</subtype>
				<type type="string">Adventuring Gear</type>
				<weight type="number">6</weight>
			</id-00019>
			<id-00020>
				<carried type="number">1</carried>
				<cost type="string">5 gp</cost>
				<count type="number">1</count>
				<description type="formattedtext">
					<p>A holy symbol is a representation of a god or pantheon. It might be an amulet depicting a symbol representing a deity, the same symbol carefully engraved or inlaid as an emblem on a shield, or a tiny box holding a fragment of a sacred relic. The Player's Handbook lists many gods in the multiverse and their typical symbols. A cleric or paladin can use a holy symbol as a spellcasting focus, as described in chapter To use the symbol in this way, the caster must hold it in hand, wear it visibly, or bear it on a shield.</p>
				</description>
				<isidentified type="number">1</isidentified>
				<locked type="number">1</locked>
				<name type="string">Amulet</name>
				<subtype type="string">Holy Symbol</subtype>
				<type type="string">Adventuring Gear</type>
				<weight type="number">1</weight>
			</id-00020>
		</inventorylist>
		<languagelist>
			<id-00001>
				<name type="string">Common </name>
			</id-00001>
			<id-00002>
				<name type="string">Halfling</name>
			</id-00002>
			<id-00003>
				<name type="string">Draconic</name>
			</id-00003>
			<id-00004>
				<name type="string">Dwarvish</name>
			</id-00004>
		</languagelist>
		<level type="number">3</level>
		<name type="string">Halfling Stout (Knowledge Cleric)</name>
		<notes type="string">Twin Sister of Lightfoot Halfling (Shadow Monk)</notes>
		<perception type="number">13</perception>
		<perceptionmodifier type="number">0</perceptionmodifier>
		<personalitytraits type="string">Nothing can shake my optimistic attitude.\n\nI've enjoyed fine food, drink, and high society among my temple's elite. Rough living grates on me.</personalitytraits>
		<powergroup>
			<id-00001>
				<castertype type="string">memorization</castertype>
				<name type="string">Spells</name>
				<prepared type="number">4</prepared>
				<stat type="string">wisdom</stat>
			</id-00001>
			<id-00002>
				<atkprof type="number">1</atkprof>
				<name type="string">Channel Divinity</name>
				<saveprof type="number">1</saveprof>
				<uses type="number">1</uses>
				<usesperiod type="string">enc</usesperiod>
			</id-00002>
		</powergroup>
		<powermeta>
			<pactmagicslots1>
				<max type="number">0</max>
			</pactmagicslots1>
			<pactmagicslots2>
				<max type="number">0</max>
			</pactmagicslots2>
			<pactmagicslots3>
				<max type="number">0</max>
			</pactmagicslots3>
			<pactmagicslots4>
				<max type="number">0</max>
			</pactmagicslots4>
			<pactmagicslots5>
				<max type="number">0</max>
			</pactmagicslots5>
			<pactmagicslots6>
				<max type="number">0</max>
			</pactmagicslots6>
			<pactmagicslots7>
				<max type="number">0</max>
			</pactmagicslots7>
			<pactmagicslots8>
				<max type="number">0</max>
			</pactmagicslots8>
			<pactmagicslots9>
				<max type="number">0</max>
			</pactmagicslots9>
			<spellslots1>
				<max type="number">4</max>
			</spellslots1>
			<spellslots2>
				<max type="number">2</max>
			</spellslots2>
			<spellslots3>
				<max type="number">0</max>
			</spellslots3>
			<spellslots4>
				<max type="number">0</max>
			</spellslots4>
			<spellslots5>
				<max type="number">0</max>
			</spellslots5>
			<spellslots6>
				<max type="number">0</max>
			</spellslots6>
			<spellslots7>
				<max type="number">0</max>
			</spellslots7>
			<spellslots8>
				<max type="number">0</max>
			</spellslots8>
			<spellslots9>
				<max type="number">0</max>
			</spellslots9>
		</powermeta>
		<powermode type="string">standard</powermode>
		<powers>
			<id-00001>
				<actions>
					<id-00001>
						<atkmod type="number">0</atkmod>
						<atkprof type="number">1</atkprof>
						<order type="number">1</order>
						<savedcmod type="number">0</savedcmod>
						<savedcprof type="number">1</savedcprof>
						<savetype type="string">wisdom</savetype>
						<type type="string">cast</type>
					</id-00001>
					<id-00002>
						<durmod type="number">1</durmod>
						<durunit type="string">minute</durunit>
						<label type="string">turned</label>
						<order type="number">2</order>
						<type type="string">effect</type>
					</id-00002>
				</actions>
				<cast type="number">0</cast>
				<description type="formattedtext">
					<p></p>
				</description>
				<group type="string">Channel Divinity</group>
				<level type="number">0</level>
				<locked type="number">1</locked>
				<name type="string">Turn Undead</name>
				<prepared type="number">0</prepared>
				<ritual type="number">0</ritual>
			</id-00001>
			<id-00002>
				<actions>
					<id-00001>
						<order type="number">1</order>
						<savetype type="string">wisdom</savetype>
						<type type="string">cast</type>
					</id-00001>
					<id-00002>
						<label type="string">Prone</label>
						<order type="number">2</order>
						<type type="string">effect</type>
					</id-00002>
				</actions>
				<cast type="number">0</cast>
				<castingtime type="string">1 action</castingtime>
				<components type="string">V</components>
				<description type="formattedtext">
					<p>You speak a one-word command to a creature you can see within range. The target must succeed on a Wisdom saving throw or follow the command on its next turn. The spell has no effect if the target is undead, if it doesn't understand your language, or if your command is directly harmful to it.</p>
					<p>Some typical commands and their effects follow. You might issue a command other than one described here. If you do so, the DM determines how the target behaves. If the target can't follow your command, the spell ends.</p>
					<p><b>Approach. </b>The target moves toward you by the shortest and most direct route, ending its turn if it moves within 5 feet of you.</p>
					<p><b>Drop. </b>The target drops whatever it is holding and then ends its turn.</p>
					<p><b>Flee. </b>The target spends its turn moving away from you by the fastest available means.</p>
					<p><b>Grovel. </b>The target falls prone and then ends its turn.</p>
					<p><b>Halt. </b>The target doesn't move and takes no actions. A flying creature stays aloft, provided that it is able to do so. If it must move to stay aloft, it flies the minimum distance needed to remain in the air.</p>
					<p><b>At Higher Levels. </b>When you cast this spell using a spell slot of 2nd level or higher, you can affect one additional creature for each slot level above 1st. The creatures must be within 30 feet of each other when you target them.</p>
				</description>
				<duration type="string">1 round</duration>
				<group type="string">Spells</group>
				<level type="number">1</level>
				<locked type="number">1</locked>
				<name type="string">Command</name>
				<prepared type="number">0</prepared>
				<range type="string">60 feet</range>
				<school type="string">Enchantment</school>
				<source type="string">Cleric, Cleric Knowledge Domain, Warlock (Fiend), Paladin</source>
			</id-00002>
			<id-00003>
				<actions>
				</actions>
				<cast type="number">0</cast>
				<castingtime type="string">1 minute</castingtime>
				<components type="string">V, S, M (a pearl worth at least 100 gp and an owl feather)</components>
				<description type="formattedtext">
					<p>You choose one object that you must touch throughout the casting of the spell. If it is a magic item or some other magic-imbued object, you learn its properties and how to use them, whether it requires attunement to use, and how many charges it has, if any. You learn whether any spells are affecting the item and what they are. If the item was created by a spell, you learn which spell created it.</p>
					<p>If you instead touch a creature throughout the casting, you learn what spells, if any, are currently affecting it.</p>
				</description>
				<duration type="string">Instantaneous</duration>
				<group type="string">Spells</group>
				<level type="number">1</level>
				<locked type="number">1</locked>
				<name type="string">Identify</name>
				<prepared type="number">0</prepared>
				<range type="string">Touch</range>
				<ritual type="number">1</ritual>
				<school type="string">Divination</school>
				<source type="string">Bard, Cleric Knowledge Domain, Eldritch Knight, Wizard, Arcane Trickster</source>
			</id-00003>
			<id-00004>
				<actions>
				</actions>
				<cast type="number">0</cast>
				<castingtime type="string">1 minute</castingtime>
				<components type="string">V, S, M (specially marked sticks, bones, or similar tokens worth at least 25 gp)</components>
				<description type="formattedtext">
					<p>By casting gem-inlaid sticks, rolling dragon bones, laying out ornate cards, or employing some other divining tool, you receive an omen from an otherworldly entity about the results of a specific course of action that you plan to take within the next 30 minutes. The DM chooses from the following possible omens:</p>
					<list>
						<li>Weal, for good results</li>
						<li>Woe, for bad results</li>
						<li>Weal and woe, for both good and bad results</li>
						<li>Nothing, for results that aren't especially good or bad</li>
					</list>
					<p>The spell doesn't take into account any possible circumstances that might change the outcome, such as the casting of additional spells or the loss or gain of a companion.</p>
					<p>If you cast the spell two or more times before completing your next long rest, there is a cumulative 25 percent chance for each casting after the first that you get a random reading. The DM makes this roll in secret.</p>
				</description>
				<duration type="string">Instantaneous</duration>
				<group type="string">Spells</group>
				<level type="number">2</level>
				<locked type="number">1</locked>
				<name type="string">Augury</name>
				<prepared type="number">0</prepared>
				<range type="string">Self</range>
				<ritual type="number">1</ritual>
				<school type="string">Divination</school>
				<source type="string">Cleric, Cleric Knowledge Domain</source>
			</id-00004>
			<id-00005>
				<actions>
					<id-00001>
						<order type="number">1</order>
						<savetype type="string">wisdom</savetype>
						<type type="string">cast</type>
					</id-00001>
				</actions>
				<cast type="number">0</cast>
				<castingtime type="string">1 action</castingtime>
				<components type="string">V, M (a snake's tongue and either a bit of honeycomb or a drop of sweet oil)</components>
				<description type="formattedtext">
					<p>You suggest a course of activity (limited to a sentence or two) and magically influence a creature you can see within range that can hear and understand you.</p>
					<p>Creatures that can't be charmed are immune to this effect. The suggestion must be worded in such a manner as to make the course of action sound reasonable.</p>
					<p>Asking the creature to stab itself, throw itself onto a spear, immolate itself, or do some other obviously harmful act ends the spell.</p>
					<p>The target must make a Wisdom saving throw. On a failed save, it pursues the course of action you described to the best of its ability. The suggested course of action can continue for the entire duration. If the suggested activity can be completed in a shorter time, the spell ends when the subject finishes what it was asked to do. You can also specify conditions that will trigger a special activity during the duration. For example, you might suggest that a knight give her warhorse to the first beggar she meets. If the condition isn't met before the spell expires, the activity isn't performed.</p>
					<p>If you or any of your companions damage the target, the spell ends.</p>
				</description>
				<duration type="string">Concentration, up to 8 hours</duration>
				<group type="string">Spells</group>
				<level type="number">2</level>
				<locked type="number">1</locked>
				<name type="string">Suggestion</name>
				<prepared type="number">0</prepared>
				<range type="string">30 feet</range>
				<school type="string">Enchantment</school>
				<source type="string">Bard, Cleric Knowledge Domain, Eldritch Knight, Sorcerer, Warlock, Wizard, Arcane Trickster</source>
			</id-00005>
			<id-00006>
				<actions>
					<id-00001>
						<order type="number">1</order>
						<savetype type="string">charisma</savetype>
						<type type="string">cast</type>
					</id-00001>
					<id-00002>
						<durmod type="number">1</durmod>
						<durunit type="string">minute</durunit>
						<label type="string">ATK: -1d4; SAVE: -1d4; (C)</label>
						<order type="number">2</order>
						<type type="string">effect</type>
					</id-00002>
				</actions>
				<cast type="number">0</cast>
				<castingtime type="string">1 action</castingtime>
				<components type="string">V, S, M (a drop of blood)</components>
				<description type="formattedtext">
					<p>Up to three creatures of your choice that you can see within range must make Charisma saving throws. Whenever a target that fails this saving throw makes an attack roll or a saving throw before the spell ends, the target must roll a d4 and subtract the number rolled from the attack roll or saving throw.</p>
					<p><b>At Higher Levels. </b>When you cast this spell using a spell slot of 2nd level or higher, you can target one additional creature for each slot level above 1st.</p>
				</description>
				<duration type="string">Concentration, up to 1 minute</duration>
				<group type="string">Spells</group>
				<level type="number">1</level>
				<locked type="number">1</locked>
				<name type="string">Bane</name>
				<prepared type="number">0</prepared>
				<range type="string">30 feet</range>
				<ritual type="number">0</ritual>
				<school type="string">Enchantment</school>
				<source type="string">Bard, Cleric, Eldritch Invocations</source>
			</id-00006>
			<id-00007>
				<actions>
					<id-00001>
						<heallist>
							<id-00001>
								<dice type="dice">d4</dice>
								<stat type="string">base</stat>
							</id-00001>
						</heallist>
						<order type="number">1</order>
						<type type="string">heal</type>
					</id-00001>
				</actions>
				<cast type="number">0</cast>
				<castingtime type="string">1 bonus action</castingtime>
				<components type="string">V</components>
				<description type="formattedtext">
					<p>A creature of your choice that you can see within range regains hit points equal to 1d4 + your spellcasting ability modifier. This spell has no effect on undead or constructs.</p>
					<p><b>At Higher Levels. </b>When you cast this spell using a spell slot of 2nd level or higher, the healing increases by 1d4 for each slot level above 1st.</p>
				</description>
				<duration type="string">Instantaneous</duration>
				<group type="string">Spells</group>
				<level type="number">1</level>
				<locked type="number">1</locked>
				<name type="string">Healing Word</name>
				<prepared type="number">0</prepared>
				<range type="string">60 feet</range>
				<ritual type="number">0</ritual>
				<school type="string">Evocation</school>
				<source type="string">Bard, Cleric, Druid</source>
			</id-00007>
			<id-00008>
				<actions>
					<id-00001>
						<durmod type="number">10</durmod>
						<durunit type="string">minute</durunit>
						<label type="string">AC: 2; (C)</label>
						<order type="number">1</order>
						<type type="string">effect</type>
					</id-00001>
				</actions>
				<cast type="number">0</cast>
				<castingtime type="string">1 bonus action</castingtime>
				<components type="string">V, S, M (a small parchment with a bit of holy text written on it)</components>
				<description type="formattedtext">
					<p>A shimmering field appears and surrounds a creature of your choice within range, granting it a +2 bonus to AC for the duration.</p>
				</description>
				<duration type="string">Concentration, up to 10 minutes</duration>
				<group type="string">Spells</group>
				<level type="number">1</level>
				<locked type="number">1</locked>
				<name type="string">Shield of Faith</name>
				<prepared type="number">0</prepared>
				<range type="string">60 feet</range>
				<ritual type="number">0</ritual>
				<school type="string">Abjuration</school>
				<source type="string">Cleric, Cleric War Domain, Paladin</source>
			</id-00008>
			<id-00009>
				<actions>
					<id-00001>
						<heallist>
							<id-00001>
								<dice type="dice">d8</dice>
								<stat type="string">base</stat>
							</id-00001>
						</heallist>
						<order type="number">1</order>
						<type type="string">heal</type>
					</id-00001>
				</actions>
				<cast type="number">0</cast>
				<castingtime type="string">1 action</castingtime>
				<components type="string">V, S</components>
				<description type="formattedtext">
					<p>A creature you touch regains a number of hit points equal to 1d8 + your spellcasting ability modifier. This spell has no effect on undead or constructs.</p>
					<p><b>At Higher Levels. </b>When you cast this spell using a spell slot of 2nd level or higher, the healing increases by 1d8 for each slot level above 1st.</p>
				</description>
				<duration type="string">Instantaneous</duration>
				<group type="string">Spells</group>
				<level type="number">1</level>
				<locked type="number">1</locked>
				<name type="string">Cure Wounds</name>
				<prepared type="number">0</prepared>
				<range type="string">Touch</range>
				<school type="string">Evocation</school>
				<source type="string">Bard, Cleric, Cleric Life Domain, Druid, Paladin, Ranger</source>
			</id-00009>
			<id-00010>
				<actions>
					<id-00001>
						<atktype type="string">ranged</atktype>
						<order type="number">1</order>
						<type type="string">cast</type>
					</id-00001>
					<id-00002>
						<damagelist>
							<id-00001>
								<dice type="dice">d6,d6,d6,d6</dice>
								<type type="string">radiant</type>
							</id-00001>
						</damagelist>
						<order type="number">2</order>
						<type type="string">damage</type>
					</id-00002>
					<id-00003>
						<apply type="string">roll</apply>
						<durmod type="number">1</durmod>
						<label type="string">GRANTADVATK</label>
						<order type="number">3</order>
						<type type="string">effect</type>
					</id-00003>
				</actions>
				<cast type="number">0</cast>
				<castingtime type="string">1 action</castingtime>
				<components type="string">V, S</components>
				<description type="formattedtext">
					<p>A flash of light streaks toward a creature of your choice within range. Make a ranged spell attack against the target. On a hit, the target takes 4d6 radiant damage, and the next attack roll made against this target before the end of your next turn has advantage, thanks to the mystical dim light glittering on the target until then.</p>
					<p><b>At Higher Levels. </b>When you cast this spell using a spell slot of 2nd level or higher, the damage increases by</p>
					<p>1d6 for each slot level above 1st.</p>
				</description>
				<duration type="string">1 round</duration>
				<group type="string">Spells</group>
				<level type="number">1</level>
				<locked type="number">1</locked>
				<name type="string">Guiding Bolt</name>
				<prepared type="number">0</prepared>
				<range type="string">120 feet</range>
				<ritual type="number">0</ritual>
				<school type="string">Evocation</school>
				<source type="string">Cleric</source>
			</id-00010>
			<id-00011>
				<actions>
					<id-00001>
						<atktype type="string">melee</atktype>
						<order type="number">1</order>
						<type type="string">cast</type>
					</id-00001>
					<id-00002>
						<damagelist>
							<id-00001>
								<dice type="dice">d8</dice>
								<stat type="string">base</stat>
								<type type="string">force</type>
							</id-00001>
						</damagelist>
						<order type="number">2</order>
						<type type="string">damage</type>
					</id-00002>
				</actions>
				<cast type="number">0</cast>
				<castingtime type="string">1 bonus action</castingtime>
				<components type="string">V, S</components>
				<description type="formattedtext">
					<p>You create a floating, spectral weapon within range that lasts for the duration or until you cast this spell again. When you cast the spell, you can make a melee spell attack against a creature within 5 feet of the weapon. On a hit, the target takes force damage equal to 1d8 + your spellcasting ability modifier.</p>
					<p>As a bonus action on your turn, you can move the weapon up to 20 feet and repeat the attack against a creature within 5 feet of it.</p>
					<p>The weapon can take whatever form you choose. Clerics of deities who are associated with a particular weapon (as St. Cuthbert is known for his mace and Thor for his hammer) make this spell's effect resemble that weapon.</p>
					<p><b>At Higher Levels. </b>When you cast this spell using a spell slot of 3rd level or higher, the damage increases by 1d8 for every two slot levels above the 2nd.</p>
				</description>
				<duration type="string">1 minute</duration>
				<group type="string">Spells</group>
				<level type="number">2</level>
				<locked type="number">1</locked>
				<name type="string">Spiritual Weapon</name>
				<prepared type="number">0</prepared>
				<range type="string">60 feet</range>
				<ritual type="number">0</ritual>
				<school type="string">Evocation</school>
				<source type="string">Cleric, Cleric Life Domain, Cleric War Domain</source>
			</id-00011>
			<id-00012>
				<actions>
					<id-00001>
						<order type="number">1</order>
						<savetype type="string">dexterity</savetype>
						<type type="string">cast</type>
					</id-00001>
					<id-00002>
						<damagelist>
							<id-00001>
								<dice type="dice">d8</dice>
								<type type="string">radiant</type>
							</id-00001>
						</damagelist>
						<order type="number">2</order>
						<type type="string">damage</type>
					</id-00002>
				</actions>
				<cast type="number">0</cast>
				<castingtime type="string">1 action</castingtime>
				<components type="string">V, S</components>
				<description type="formattedtext">
					<p>Flame-like radiance descends on a creature that you can see within range. The target must succeed on a Dexterity saving throw or take 1d8 radiant damage. The target gains no benefit from cover for this saving throw. The spell's damage increases by 1d8 when you reach 5th level (2d8), 11th level (3d8), and 17th level (4d8).</p>
				</description>
				<duration type="string">Instantaneous</duration>
				<group type="string">Spells</group>
				<level type="number">0</level>
				<locked type="number">1</locked>
				<name type="string">Sacred Flame</name>
				<prepared type="number">0</prepared>
				<range type="string">60 feet</range>
				<ritual type="number">0</ritual>
				<school type="string">Evocation</school>
				<source type="string">Cleric</source>
			</id-00012>
			<id-00013>
				<actions>
				</actions>
				<cast type="number">0</cast>
				<castingtime type="string">1 action</castingtime>
				<components type="string">V, S</components>
				<description type="formattedtext">
					<p>You touch a living creature that has 0 hit points. The creature becomes stable. This spell has no effect on undead or constructs.</p>
				</description>
				<duration type="string">Instantaneous</duration>
				<group type="string">Spells</group>
				<level type="number">0</level>
				<locked type="number">1</locked>
				<name type="string">Spare the Dying</name>
				<prepared type="number">0</prepared>
				<range type="string">Touch</range>
				<ritual type="number">0</ritual>
				<school type="string">Necromancy</school>
				<source type="string">Cleric</source>
			</id-00013>
			<id-00014>
				<actions>
					<id-00001>
						<order type="number">1</order>
						<savetype type="string">dexterity</savetype>
						<type type="string">cast</type>
					</id-00001>
				</actions>
				<cast type="number">0</cast>
				<castingtime type="string">1 action</castingtime>
				<components type="string">V, M (a firefly or phosphorescent moss)</components>
				<description type="formattedtext">
					<p>You touch one object that is no larger than 10 feet in any dimension. Until the spell ends, the object sheds bright light in a 20-foot radius and dim light for an additional 20 feet. The light can be colored as you like. Completely covering the object with something opaque blocks the light. The spell ends if you cast it again or dismiss it as an action.</p>
					<p>If you target an object held or worn by a hostile creature, that creature must succeed on a Dexterity saving throw to avoid the spell.</p>
				</description>
				<duration type="string">1 hour</duration>
				<group type="string">Spells</group>
				<level type="number">0</level>
				<locked type="number">1</locked>
				<name type="string">Light</name>
				<prepared type="number">0</prepared>
				<range type="string">Touch</range>
				<ritual type="number">0</ritual>
				<school type="string">Evocation</school>
				<source type="string">Bard, Cleric, Eldritch Knight, Sorcerer, Wizard, Arcane Trickster</source>
			</id-00014>
		</powers>
		<profbonus type="number">2</profbonus>
		<proficiencylist>
			<id-00001>
				<name type="string">Weapon: All simple weapons</name>
			</id-00001>
			<id-00002>
				<name type="string">Armor: Light armor, medium armor, shields</name>
			</id-00002>
		</proficiencylist>
		<race type="string">Halfling (Stout)</race>
		<racelink type="windowreference">
			<class>reference_race</class>
			<recordname>reference.racedata.halfling@DD PHB Deluxe</recordname>
		</racelink>
		<size type="string">Small</size>
		<skilllist>
			<id-00001>
				<name type="string">Perception</name>
				<stat type="string">wisdom</stat>
				<total type="number">3</total>
			</id-00001>
			<id-00002>
				<name type="string">Arcana</name>
				<prof type="number">2</prof>
				<stat type="string">intelligence</stat>
				<total type="number">5</total>
			</id-00002>
			<id-00003>
				<name type="string">Persuasion</name>
				<prof type="number">1</prof>
				<stat type="string">charisma</stat>
				<total type="number">2</total>
			</id-00003>
			<id-00004>
				<name type="string">Nature</name>
				<stat type="string">intelligence</stat>
				<total type="number">1</total>
			</id-00004>
			<id-00005>
				<name type="string">Medicine</name>
				<prof type="number">1</prof>
				<stat type="string">wisdom</stat>
				<total type="number">5</total>
			</id-00005>
			<id-00006>
				<name type="string">Survival</name>
				<stat type="string">wisdom</stat>
				<total type="number">3</total>
			</id-00006>
			<id-00007>
				<name type="string">Performance</name>
				<stat type="string">charisma</stat>
			</id-00007>
			<id-00008>
				<name type="string">Acrobatics</name>
				<stat type="string">dexterity</stat>
				<total type="number">2</total>
			</id-00008>
			<id-00009>
				<name type="string">Religion</name>
				<prof type="number">1</prof>
				<stat type="string">intelligence</stat>
				<total type="number">3</total>
			</id-00009>
			<id-00010>
				<name type="string">Athletics</name>
				<stat type="string">strength</stat>
				<total type="number">2</total>
			</id-00010>
			<id-00011>
				<name type="string">Sleight of Hand</name>
				<stat type="string">dexterity</stat>
				<total type="number">2</total>
			</id-00011>
			<id-00012>
				<name type="string">Insight</name>
				<prof type="number">1</prof>
				<stat type="string">wisdom</stat>
				<total type="number">5</total>
			</id-00012>
			<id-00013>
				<name type="string">Intimidation</name>
				<stat type="string">charisma</stat>
			</id-00013>
			<id-00014>
				<name type="string">Deception</name>
				<stat type="string">charisma</stat>
			</id-00014>
			<id-00015>
				<name type="string">Investigation</name>
				<stat type="string">intelligence</stat>
				<total type="number">1</total>
			</id-00015>
			<id-00016>
				<name type="string">Stealth</name>
				<stat type="string">dexterity</stat>
				<total type="number">2</total>
			</id-00016>
			<id-00017>
				<name type="string">History</name>
				<prof type="number">2</prof>
				<stat type="string">intelligence</stat>
				<total type="number">5</total>
			</id-00017>
			<id-00018>
				<name type="string">Animal Handling</name>
				<stat type="string">wisdom</stat>
				<total type="number">3</total>
			</id-00018>
		</skilllist>
		<speed>
			<armor type="number">0</armor>
			<base type="number">25</base>
			<misc type="number">0</misc>
			<temporary type="number">0</temporary>
			<total type="number">25</total>
		</speed>
		<temp>
		</temp>
		<token type="token"></token>
		<traitlist>
			<id-00001>
				<locked type="number">1</locked>
				<name type="string">Lucky</name>
				<source type="string">Halfling</source>
				<text type="formattedtext">
					<p>When you roll a 1 on an attack roll, ability check, or saving throw, you can reroll the die and must use the new roll.</p>
				</text>
				<type type="string">racial</type>
			</id-00001>
			<id-00002>
				<locked type="number">1</locked>
				<name type="string">Halfling Nimbleness</name>
				<source type="string">Halfling</source>
				<text type="formattedtext">
					<p>You can move through the space of any creature that is of a size larger than yours.</p>
				</text>
				<type type="string">racial</type>
			</id-00002>
			<id-00003>
				<locked type="number">1</locked>
				<name type="string">Brave</name>
				<source type="string">Halfling</source>
				<text type="formattedtext">
					<p>You have advantage on saving throws against being frightened.</p>
				</text>
				<type type="string">racial</type>
			</id-00003>
			<id-00004>
				<locked type="number">1</locked>
				<name type="string">Stout Resilience</name>
				<source type="string">Stout</source>
				<text type="formattedtext">
					<p>You have advantage on saving throws against poison, and you have resistance against poison damage.</p>
				</text>
				<type type="string">subracial</type>
			</id-00004>
		</traitlist>
		<weaponlist>
			<id-00001>
				<carried type="number">2</carried>
				<damagelist>
					<id-00001>
						<dice type="dice">d6</dice>
						<stat type="string">base</stat>
						<type type="string">bludgeoning</type>
					</id-00001>
				</damagelist>
				<isidentified type="number">1</isidentified>
				<maxammo type="number">0</maxammo>
				<name type="string">Mace</name>
				<prof type="number">1</prof>
				<shortcut type="windowreference">
					<class>item</class>
					<recordname>....inventorylist.id-00006</recordname>
				</shortcut>
				<type type="number">0</type>
			</id-00001>
			<id-00002>
				<carried type="number">2</carried>
				<damagelist>
					<id-00001>
						<dice type="dice">d4</dice>
						<stat type="string">base</stat>
						<type type="string">piercing</type>
					</id-00001>
				</damagelist>
				<isidentified type="number">1</isidentified>
				<maxammo type="number">0</maxammo>
				<name type="string">Dagger</name>
				<prof type="number">1</prof>
				<shortcut type="windowreference">
					<class>item</class>
					<recordname>....inventorylist.id-00008</recordname>
				</shortcut>
				<type type="number">0</type>
			</id-00002>
			<id-00003>
				<carried type="number">2</carried>
				<damagelist>
					<id-00001>
						<dice type="dice">d4</dice>
						<stat type="string">base</stat>
						<type type="string">piercing</type>
					</id-00001>
				</damagelist>
				<isidentified type="number">1</isidentified>
				<maxammo type="number">0</maxammo>
				<name type="string">Dagger</name>
				<prof type="number">1</prof>
				<shortcut type="windowreference">
					<class>item</class>
					<recordname>....inventorylist.id-00008</recordname>
				</shortcut>
				<type type="number">2</type>
			</id-00003>
		</weaponlist>
		<weight type="string">20 lbs</weight>
	</character>
</root>
