<?xml version="1.0" encoding="iso-8859-1"?>
<root version="3.3" release="7|CoreRPG:3">
	<character>
		<abilities>
			<charisma>
				<bonus type="number">2</bonus>
				<save type="number">4</save>
				<savemodifier type="number">0</savemodifier>
				<saveprof type="number">1</saveprof>
				<score type="number">15</score>
			</charisma>
			<constitution>
				<bonus type="number">2</bonus>
				<save type="number">2</save>
				<savemodifier type="number">0</savemodifier>
				<saveprof type="number">0</saveprof>
				<score type="number">15</score>
			</constitution>
			<dexterity>
				<bonus type="number">1</bonus>
				<save type="number">1</save>
				<savemodifier type="number">0</savemodifier>
				<saveprof type="number">0</saveprof>
				<score type="number">13</score>
			</dexterity>
			<intelligence>
				<bonus type="number">0</bonus>
				<save type="number">0</save>
				<savemodifier type="number">0</savemodifier>
				<saveprof type="number">0</saveprof>
				<score type="number">10</score>
			</intelligence>
			<strength>
				<bonus type="number">4</bonus>
				<save type="number">4</save>
				<savemodifier type="number">0</savemodifier>
				<saveprof type="number">0</saveprof>
				<score type="number">18</score>
			</strength>
			<wisdom>
				<bonus type="number">1</bonus>
				<save type="number">3</save>
				<savemodifier type="number">0</savemodifier>
				<saveprof type="number">1</saveprof>
				<score type="number">12</score>
			</wisdom>
		</abilities>
		<adventurelist>
		</adventurelist>
		<age type="string">24</age>
		<alignment type="string">Lawful Good</alignment>
		<background type="string">Noble Knight</background>
		<backgroundlink type="windowreference">
			<class>reference_background</class>
			<recordname>reference.backgrounddata.nobleknight@DD PHB Deluxe</recordname>
		</backgroundlink>
		<bonds type="string">My house's alliance with another noble family must be sustained at all costs.</bonds>
		<classes>
			<id-00002>
				<casterlevelinvmult type="number">2</casterlevelinvmult>
				<hddie type="dice">d10</hddie>
				<hdused type="number">0</hdused>
				<level type="number">3</level>
				<name type="string">Paladin</name>
				<shortcut type="windowreference">
					<class>reference_class</class>
					<recordname>reference.classdata.paladin@DD PHB Deluxe</recordname>
				</shortcut>
			</id-00002>
		</classes>
		<coins>
			<slot1>
				<amount type="number">25</amount>
				<name type="string">GP</name>
			</slot1>
			<slot2>
				<amount type="number">0</amount>
			</slot2>
			<slot3>
				<amount type="number">0</amount>
			</slot3>
			<slot4>
				<amount type="number">0</amount>
			</slot4>
			<slot5>
				<amount type="number">0</amount>
			</slot5>
			<slot6>
				<amount type="number">0</amount>
			</slot6>
		</coins>
		<defenses>
			<ac>
				<armor type="number">6</armor>
				<dexbonus type="string">no</dexbonus>
				<disstealth type="number">1</disstealth>
				<misc type="number">0</misc>
				<prof type="number">1</prof>
				<shield type="number">2</shield>
				<temporary type="number">0</temporary>
				<total type="number">18</total>
			</ac>
		</defenses>
		<deity type="string">Bahamut</deity>
		<encumbrance>
			<encumbered type="number">90</encumbered>
			<encumberedheavy type="number">180</encumberedheavy>
			<liftpushdrag type="number">540</liftpushdrag>
			<load type="number">99.28</load>
			<max type="number">270</max>
		</encumbrance>
		<featlist>
		</featlist>
		<featurelist>
			<id-00002>
				<locked type="number">1</locked>
				<name type="string">Retainers</name>
				<source type="string">Noble Knight</source>
				<text type="formattedtext">
					<p>If your character has a noble background, you may select this background feature instead of Position of Privilege.</p>
					<p>You have the service of three retainers loyal to your family. These retainers can be attendants or messengers, and one might be a majordomo. Your retainers are commoners who can perform mundane tasks for you, but they do not fight for you, will not follow you into obviously dangerous areas (such as dungeons), and will leave if they are frequently endangered or abused.</p>
				</text>
			</id-00002>
			<id-00005>
				<level type="number">1</level>
				<locked type="number">1</locked>
				<name type="string">Divine Sense</name>
				<source type="string">Paladin</source>
				<text type="formattedtext">
					<p>The presence of strong evil registers on your senses like a noxious odor, and powerful good rings like heavenly music in your ears. As an action, you can open your awareness to detect such forces. Until the end of your next turn, you know the location of any celestial, fiend, or undead within 60 feet of you that is not behind total cover. You know the type (celestial, fiend, or undead) of any being whose presence you sense, but not its identity (the vampire Count Strahd von Zarovich, for instance).</p>
					<p>Within the same radius, you also detect the presence of any place or object that has been consecrated or desecrated, as with the hallow spell.</p>
					<p>You can use this feature a number of times equal to 1 + your Charisma modifier. When you finish a long rest, you regain all expended uses.</p>
				</text>
			</id-00005>
			<id-00006>
				<level type="number">1</level>
				<locked type="number">1</locked>
				<name type="string">Lay on Hands</name>
				<source type="string">Paladin</source>
				<text type="formattedtext">
					<p>Your blessed touch can heal wounds. You have a pool of healing power that replenishes when you take a long rest. With that pool, you can restore a total number of hit points equal to your paladin level x5. As an action, you can touch a creature and draw power from the pool to restore a number of hit points to that creature, up to the maximum amount remaining in your pool.</p>
					<p>Alternatively, you can expend 5 hit points from your pool of healing to cure the target of one disease or neutralize one poison affecting it. You can cure multiple diseases and neutralize multiple poisons with a single use of Lay on Hands, expending hit points separately for each one.</p>
					<p>This feature has no effect on undead and constructs.</p>
				</text>
			</id-00006>
			<id-00007>
				<level type="number">2</level>
				<locked type="number">1</locked>
				<name type="string">Fighting Style (Protection)</name>
				<source type="string">Paladin</source>
				<text type="formattedtext">
					<p>At 2nd level, you adopt a style of fighting as your specialty. Choose one of the following options. You can't take a Fighting Style option more than once, even if you later get to choose again.</p>
					<p><b>Defense</b></p>
					<p>While you are wearing armor, you gain a +1 bonus to AC.</p>
					<p><b>Dueling</b></p>
					<p>When you are wielding a melee weapon in one hand and no other weapons, you gain a +2 bonus to damage rolls with that weapon.</p>
					<p><b>Great Weapon Fighting</b></p>
					<p>When you roll a 1 or 2 on a damage die for an attack you make with a melee weapon that you are wielding with two hands, you can reroll the die and must use the new roll. The weapon must have the two-handed or versatile property for you to gain this benefit.</p>
					<p><b>Protection</b></p>
					<p>When a creature you can see attacks a target other than you that is within 5 feet of you, you can use your reaction to impose disadvantage on the attack roll. You must be wielding a shield.</p>
				</text>
			</id-00007>
			<id-00008>
				<level type="number">2</level>
				<locked type="number">1</locked>
				<name type="string">Divine Smite</name>
				<source type="string">Paladin</source>
				<text type="formattedtext">
					<p>Starting at 2nd level, when you hit a creature with a melee weapon attack, you can expend one spell slot to deal radiant damage to the target, in addition to the weapon's damage. The extra damage is 2d8 for a 1st-level spell slot, plus 1d8 for each spell level higher than 1st, to a maximum of 5d8. The damage increases by 1d8 if the target is an undead or a fiend.</p>
				</text>
			</id-00008>
			<id-00009>
				<level type="number">2</level>
				<locked type="number">1</locked>
				<name type="string">Spellcasting</name>
				<source type="string">Paladin</source>
				<text type="formattedtext">
					<p>By 2nd level, you have learned to draw on divine magic through meditation and prayer to cast spells as a cleric does. See chapter 10 for the general rules of spellcasting and chapter 11 for the paladin spell list.</p>
					<linklist>
						<link class="reference_colindex" recordname="reference.spelllists.paladin@DD PHB Deluxe">Paladin Spells</link>
					</linklist>
					<p><b>Preparing and Casting Spells</b></p>
					<p>The Paladin table shows how many spell slots you have to cast your spells. To cast one of your paladin spells of 1st level or higher, you must expend a slot of the spell's level or higher. You regain all expended spell slots when you finish a long rest.</p>
					<p>You prepare the list of paladin spells that are available for you to cast, choosing from the paladin spell list. When you do so, choose a number of paladin spells equal to your Charisma modifier + half your paladin level, rounded down (minimum of one spell). The spells must be of a level for which you have spell slots. For example, if you are a 5th-level paladin, you have four 1st-level and two 2nd-level spell slots. With a Charisma of 14, your list of prepared spells can include four spells of 1st or 2nd level, in any combination. If you prepare the 1st-level spell cure wounds, you can cast it using a 1st-level or a 2nd-level slot. Casting the spell doesn't remove it from your list of prepared spells. You can change your list of prepared spells when you finish a long rest. Preparing a new list of paladin spells requires time spent in prayer and meditation: at least 1 minute per spell level for each spell on your list.</p>
					<p><b>Spellcasting Ability</b></p>
					<p>Charisma is your spellcasting ability for your paladin spells, since their power derives from the strength of your convictions. You use your Charisma whenever a spell refers to your spellcasting ability. In addition, you use your Charisma modifier when setting the saving throw DC for a paladin spell you cast and when making an attack roll with one.</p>
					<p><b>Spell save DC </b>= 8 + your proficiency bonus + your Charisma modifier</p>
					<p><b>Spell attack modifier </b>= your proficiency bonus + your Charisma modifier</p>
					<p><b>Spellcasting Focus</b></p>
					<p>You can use a holy symbol (found in chapter 5) as a spellcasting focus for your paladin spells.</p>
				</text>
			</id-00009>
			<id-00010>
				<level type="number">1</level>
				<locked type="number">1</locked>
				<name type="string">Oath of Vengeance</name>
				<source type="string">Paladin</source>
				<text type="formattedtext">
					<p>The Oath of Vengeance is a solemn commitment to punish those who have committed a grievous sin. When evil forces slaughter helpless villagers, when an entire people turns against the will of the gods, when a thieves' guild grows too violent and powerful, when a dragon rampages through the countryside-at times like these, paladins arise and swear an Oath of Vengeance to set right that which has gone wrong. To these paladins-sometimes called avengers or dark knights-their own purity is not as important as delivering justice.</p>
					<h>Features</h>
					<linklist>
						<link class="reference_classfeature" recordname="reference.classdata.paladin.features.tenetsofvengeance3@DD PHB Deluxe">Tenets of Vengeance</link>
						<link class="reference_classfeature" recordname="reference.classdata.paladin.features.oathspells_vengeance_3@DD PHB Deluxe">Oath Spells (Vengeance)</link>
						<link class="reference_classfeature" recordname="reference.classdata.paladin.features.channeldivinity_vengeance_3@DD PHB Deluxe">Channel Divinity (Vengeance)</link>
						<link class="reference_classfeature" recordname="reference.classdata.paladin.features.relentlessavenger7@DD PHB Deluxe">Relentless Avenger</link>
						<link class="reference_classfeature" recordname="reference.classdata.paladin.features.soulofvengeance15@DD PHB Deluxe">Soul of Vengeance</link>
						<link class="reference_classfeature" recordname="reference.classdata.paladin.features.avengingangel20@DD PHB Deluxe">Avenging Angel</link>
					</linklist>
				</text>
			</id-00010>
			<id-00011>
				<level type="number">3</level>
				<locked type="number">1</locked>
				<name type="string">Divine Health</name>
				<source type="string">Paladin</source>
				<text type="formattedtext">
					<p>By 3rd level, the divine magic flowing through you makes you immune to disease.</p>
				</text>
			</id-00011>
			<id-00012>
				<level type="number">3</level>
				<locked type="number">1</locked>
				<name type="string">Tenets of Vengeance</name>
				<source type="string">Paladin</source>
				<specialization type="string">Oath of Vengeance</specialization>
				<text type="formattedtext">
					<p>The tenets of the Oath of Vengeance vary by paladin, but all the tenets revolve around punishing wrongdoers by any means necessary. Paladins who uphold these tenets are willing to sacrifice even their own righteousness to mete out justice upon those who do evil, so the paladins are often neutral or lawful neutral in alignment. The core principles of the tenets are brutally simple.</p>
					<p><b>Fight the Greater Evil. </b>Faced with a choice of fighting my sworn foes or combating a lesser evil. I choose the greater evil.</p>
					<p><b>No Mercy for the Wicked. </b>Ordinary foes might win my mercy, but my sworn enemies do not.</p>
					<p><b>By Any Means Necessary. </b>My qualms can't get in the way of exterminating my foes.</p>
					<p><b>Restitution. </b>If my foes wreak ruin on the world, it is because I failed to stop them. I must help those harmed by their misdeeds.</p>
				</text>
			</id-00012>
			<id-00013>
				<level type="number">3</level>
				<locked type="number">1</locked>
				<name type="string">Oath Spells (Vengeance)</name>
				<source type="string">Paladin</source>
				<specialization type="string">Oath of Vengeance</specialization>
				<text type="formattedtext">
					<p>You gain oath spells at the paladin levels listed.</p>
					<h>Oath of Vengeance Spells</h>
					<p><b>Paladin Level - Spell</b></p>
					<linklist>
						<link class="reference_spell" recordname="reference.spelldata.bane@DD PHB Deluxe"><b>Spell: </b></link>3rd - Bane</linklist>
						<link class="reference_spell" recordname="reference.spelldata.hunter_smark@DD PHB Deluxe"><b>Spell: </b></link>3rd - Hunter's Mark
						<link class="reference_spell" recordname="reference.spelldata.holdperson@DD PHB Deluxe"><b>Spell: </b></link>5th - Hold Person
						<link class="reference_spell" recordname="reference.spelldata.mistystep@DD PHB Deluxe"><b>Spell: </b></link>5th - Misty Step
						<link class="reference_spell" recordname="reference.spelldata.haste@DD PHB Deluxe"><b>Spell: </b></link>9th - Haste
						<link class="reference_spell" recordname="reference.spelldata.protectionfromenergy@DD PHB Deluxe"><b>Spell: </b></link>9th - Protection from Energy
						<link class="reference_spell" recordname="reference.spelldata.banishment@DD PHB Deluxe"><b>Spell: </b></link>13th - Banishment
						<link class="reference_spell" recordname="reference.spelldata.dimensiondoor@DD PHB Deluxe"><b>Spell: </b></link>13th - Dimension Door
						<link class="reference_spell" recordname="reference.spelldata.holdmonster@DD PHB Deluxe"><b>Spell: </b></link>17th - Hold Monster
						<link class="reference_spell" recordname="reference.spelldata.scrying@DD PHB Deluxe"><b>Spell: </b></link>17th - Scrying
				</text>
			</id-00013>
			<id-00014>
				<level type="number">3</level>
				<locked type="number">1</locked>
				<name type="string">Channel Divinity (Vengeance)</name>
				<source type="string">Paladin</source>
				<specialization type="string">Oath of Vengeance</specialization>
				<text type="formattedtext">
					<p>When you take this oath at 3rd level, you gain the following two Channel Divinity options.</p>
					<p><b>Abjure Enemy. </b>As an action, you present your holy symbol and speak a prayer of denunciation, using your Channel Divinity. Choose one creature within 60 feet of you that you can see. That creature must make a Wisdom saving throw, unless it is immune to being frightened. Fiends and undead have disadvantage on this saving throw.</p>
					<p>On a failed save, the creature is frightened for 1 minute or until it takes any damage. While frightened, the creature's speed is 0, and it can't benefit from any bonus to its speed.</p>
					<p>On a successful save, the creature's speed is halved for 1 minute or until the creature takes any damage.</p>
					<p><b>Vow of Enmity. </b>As a bonus action, you can utter a vow of enmity against a creature you can see within 10 feet of you, using your Channel Divinity. You gain advantage on attack rolls against the creature for 1 minute or until it drops to 0 hit points or falls unconscious.</p>
				</text>
			</id-00014>
		</featurelist>
		<flaws type="string">I secretly believe that everyone is beneath me.</flaws>
		<gender type="string">Male</gender>
		<height type="string">5' 10&#34;</height>
		<hp>
			<temporary type="number">0</temporary>
			<total type="number">40</total>
			<wounds type="number">0</wounds>
		</hp>
		<ideals type="string">Responsibility. It is my duty to respect the authority of those above me, just as those below me must respect mine. (Lawful)</ideals>
		<initiative>
			<misc type="number">0</misc>
			<temporary type="number">0</temporary>
			<total type="number">1</total>
		</initiative>
		<inventorylist>
			<id-00001>
				<carried type="number">1</carried>
				<cost type="string">15 gp</cost>
				<count type="number">1</count>
				<isidentified type="number">1</isidentified>
				<locked type="number">1</locked>
				<name type="string">Clothes, Fine</name>
				<subtype type="string">Standard</subtype>
				<type type="string">Adventuring Gear</type>
				<weight type="number">6</weight>
			</id-00001>
			<id-00002>
				<carried type="number">1</carried>
				<cost type="string">5 gp</cost>
				<count type="number">1</count>
				<isidentified type="number">1</isidentified>
				<locked type="number">1</locked>
				<name type="string">Signet Ring</name>
				<subtype type="string">Standard</subtype>
				<type type="string">Adventuring Gear</type>
				<weight type="number">0.01</weight>
			</id-00002>
			<id-00003>
				<ac type="number">2</ac>
				<carried type="number">2</carried>
				<cost type="string">10 gp</cost>
				<count type="number">1</count>
				<description type="formattedtext">
					<p>A shield is made from wood or metal and is carried in one hand. Wielding a shield increases your Armor Class by 2. You can benefit from only one shield at a time.</p>
				</description>
				<dexbonus type="string">-</dexbonus>
				<isidentified type="number">1</isidentified>
				<locked type="number">1</locked>
				<name type="string">Shield</name>
				<stealth type="string">-</stealth>
				<strength type="string">-</strength>
				<subtype type="string">Shield</subtype>
				<type type="string">Armor</type>
				<weight type="number">6</weight>
			</id-00003>
			<id-00004>
				<ac type="number">16</ac>
				<carried type="number">2</carried>
				<cost type="string">75 gp</cost>
				<count type="number">1</count>
				<description type="formattedtext">
					<p>Of all the armor categories, heavy armor offers the best protection. These suits of armor cover the entire body and are designed to stop a wide range of attacks. Only proficient warriors can manage their weight and bulk.</p>
					<p>Made of interlocking metal rings, chain mail includes a layer of quilted fabric worn underneath the mail to prevent chafing and to cushion the impact of blows. The suit includes gauntlets.</p>
				</description>
				<dexbonus type="string">-</dexbonus>
				<isidentified type="number">1</isidentified>
				<locked type="number">1</locked>
				<name type="string">Chain Mail</name>
				<stealth type="string">Disadvantage</stealth>
				<strength type="string">Str 13</strength>
				<subtype type="string">Heavy Armor</subtype>
				<type type="string">Armor</type>
				<weight type="number">55</weight>
			</id-00004>
			<id-00005>
				<carried type="number">2</carried>
				<cost type="string">15 gp</cost>
				<count type="number">1</count>
				<damage type="string">1d8 slashing</damage>
				<isidentified type="number">1</isidentified>
				<locked type="number">1</locked>
				<name type="string">Longsword</name>
				<properties type="string">Versatile (1d10)</properties>
				<subtype type="string">Martial Weapons</subtype>
				<type type="string">Weapon</type>
				<weight type="number">3</weight>
			</id-00005>
			<id-00006>
				<carried type="number">2</carried>
				<cost type="string">1 gp</cost>
				<count type="number">1</count>
				<damage type="string">1d6 piercing</damage>
				<isidentified type="number">1</isidentified>
				<locked type="number">1</locked>
				<name type="string">Spear</name>
				<properties type="string">Thrown (range 20/60), versatile (1d8)</properties>
				<subtype type="string">Simple Melee Weapons</subtype>
				<type type="string">Weapon</type>
				<weight type="number">3</weight>
			</id-00006>
			<id-00007>
				<carried type="number">1</carried>
				<count type="number">1</count>
				<isidentified type="number">1</isidentified>
				<location type="string">Backpack</location>
				<name type="string">Scroll of Pedigree</name>
				<weight type="number">0.1</weight>
			</id-00007>
			<id-00008>
				<carried type="number">1</carried>
				<count type="number">1</count>
				<isidentified type="number">1</isidentified>
				<name type="string">Holy Symbol</name>
				<weight type="number">0.01</weight>
			</id-00008>
			<id-00009>
				<carried type="number">1</carried>
				<cost type="string">2 gp</cost>
				<count type="number">1</count>
				<isidentified type="number">1</isidentified>
				<location type="string">Backpack</location>
				<locked type="number">1</locked>
				<name type="string">Censer</name>
				<subtype type="string">Standard</subtype>
				<type type="string">Adventuring Gear</type>
				<weight type="number">1</weight>
			</id-00009>
			<id-00010>
				<carried type="number">1</carried>
				<cost type="string">2 sp</cost>
				<count type="number">1</count>
				<isidentified type="number">1</isidentified>
				<location type="string">Backpack</location>
				<locked type="number">1</locked>
				<name type="string">Waterskin</name>
				<subtype type="string">Standard</subtype>
				<type type="string">Adventuring Gear</type>
				<weight type="number">5</weight>
			</id-00010>
			<id-00011>
				<carried type="number">1</carried>
				<cost type="string">2 gp</cost>
				<count type="number">1</count>
				<isidentified type="number">1</isidentified>
				<locked type="number">1</locked>
				<name type="string">Backpack</name>
				<subtype type="string">Standard</subtype>
				<type type="string">Adventuring Gear</type>
				<weight type="number">5</weight>
			</id-00011>
			<id-00012>
				<carried type="number">1</carried>
				<cost type="string">1 gp</cost>
				<count type="number">2</count>
				<isidentified type="number">1</isidentified>
				<location type="string">Backpack</location>
				<locked type="number">1</locked>
				<name type="string">Incense (One Block)</name>
				<subtype type="string">Standard</subtype>
				<type type="string">Adventuring Gear</type>
				<weight type="number">0.03</weight>
			</id-00012>
			<id-00013>
				<carried type="number">1</carried>
				<cost type="string">5 sp</cost>
				<count type="number">1</count>
				<description type="formattedtext">
					<p>This small container holds flint, fire steel, and tinder (usually dry cloth soaked in light oil) used to kindle a fire. Using it to light a torch-or anything else with abundant, exposed fuel-takes an action. Lighting any other fire takes 1 minute.</p>
				</description>
				<isidentified type="number">1</isidentified>
				<location type="string">Backpack</location>
				<locked type="number">1</locked>
				<name type="string">Tinderbox</name>
				<subtype type="string">Standard</subtype>
				<type type="string">Adventuring Gear</type>
				<weight type="number">1</weight>
			</id-00013>
			<id-00014>
				<carried type="number">1</carried>
				<cost type="string">5 sp</cost>
				<count type="number">1</count>
				<isidentified type="number">1</isidentified>
				<location type="string">Backpack</location>
				<locked type="number">1</locked>
				<name type="string">Alms Box</name>
				<subtype type="string">Standard</subtype>
				<type type="string">Adventuring Gear</type>
				<weight type="number">1</weight>
			</id-00014>
			<id-00015>
				<carried type="number">1</carried>
				<cost type="string">1 cp</cost>
				<count type="number">10</count>
				<description type="formattedtext">
					<p>For 1 hour, a candle sheds bright light in a 5-foot radius and dim light for an additional 5 feet.</p>
				</description>
				<isidentified type="number">1</isidentified>
				<location type="string">Backpack</location>
				<locked type="number">1</locked>
				<name type="string">Candle</name>
				<subtype type="string">Standard</subtype>
				<type type="string">Adventuring Gear</type>
				<weight type="number">0.01</weight>
			</id-00015>
			<id-00016>
				<carried type="number">1</carried>
				<cost type="string">5 sp</cost>
				<count type="number">2</count>
				<description type="formattedtext">
					<p>Rations consist of dry foods suitable for extended travel, including jerky, dried fruit, hardtack, and nuts.</p>
				</description>
				<isidentified type="number">1</isidentified>
				<location type="string">Backpack</location>
				<locked type="number">1</locked>
				<name type="string">Rations (1 Day)</name>
				<subtype type="string">Standard</subtype>
				<type type="string">Adventuring Gear</type>
				<weight type="number">2</weight>
			</id-00016>
			<id-00017>
				<carried type="number">1</carried>
				<cost type="string">5 sp</cost>
				<count type="number">1</count>
				<isidentified type="number">1</isidentified>
				<location type="string">Backpack</location>
				<locked type="number">1</locked>
				<name type="string">Blanket</name>
				<subtype type="string">Standard</subtype>
				<type type="string">Adventuring Gear</type>
				<weight type="number">3</weight>
			</id-00017>
			<id-00018>
				<carried type="number">1</carried>
				<cost type="string">15 gp</cost>
				<count type="number">1</count>
				<isidentified type="number">1</isidentified>
				<location type="string">Backpack</location>
				<locked type="number">1</locked>
				<name type="string">Clothes, Vestments</name>
				<subtype type="string">Standard</subtype>
				<type type="string">Adventuring Gear</type>
				<weight type="number">6</weight>
			</id-00018>
		</inventorylist>
		<languagelist>
			<id-00001>
				<name type="string">Common</name>
			</id-00001>
			<id-00002>
				<name type="string">Orc</name>
			</id-00002>
		</languagelist>
		<level type="number">3</level>
		<name type="string">Half-Orc Paladin (Vengeance)</name>
		<perception type="number">11</perception>
		<perceptionmodifier type="number">0</perceptionmodifier>
		<personalitytraits type="string">I don't like to get my hands dirty, and I won't be caught dead in unsuitable accommodations.\n\nDespite my noble birth, I do not place myself above other folk. We all have the same blood.</personalitytraits>
		<powergroup>
			<id-00002>
				<name type="string">Oath Spell</name>
			</id-00002>
			<id-00004>
				<name type="string">Paladin</name>
			</id-00004>
			<id-00005>
				<castertype type="string">memorization</castertype>
				<name type="string">Spells</name>
			</id-00005>
		</powergroup>
		<powermeta>
			<pactmagicslots1>
				<max type="number">0</max>
			</pactmagicslots1>
			<pactmagicslots2>
				<max type="number">0</max>
			</pactmagicslots2>
			<pactmagicslots3>
				<max type="number">0</max>
			</pactmagicslots3>
			<pactmagicslots4>
				<max type="number">0</max>
			</pactmagicslots4>
			<pactmagicslots5>
				<max type="number">0</max>
			</pactmagicslots5>
			<pactmagicslots6>
				<max type="number">0</max>
			</pactmagicslots6>
			<pactmagicslots7>
				<max type="number">0</max>
			</pactmagicslots7>
			<pactmagicslots8>
				<max type="number">0</max>
			</pactmagicslots8>
			<pactmagicslots9>
				<max type="number">0</max>
			</pactmagicslots9>
			<spellslots1>
				<max type="number">3</max>
				<used type="number">0</used>
			</spellslots1>
			<spellslots2>
				<max type="number">0</max>
			</spellslots2>
			<spellslots3>
				<max type="number">0</max>
			</spellslots3>
			<spellslots4>
				<max type="number">0</max>
			</spellslots4>
			<spellslots5>
				<max type="number">0</max>
			</spellslots5>
			<spellslots6>
				<max type="number">0</max>
			</spellslots6>
			<spellslots7>
				<max type="number">0</max>
			</spellslots7>
			<spellslots8>
				<max type="number">0</max>
			</spellslots8>
			<spellslots9>
				<max type="number">0</max>
			</spellslots9>
		</powermeta>
		<powers>
			<id-00001>
				<actions>
					<id-00001>
						<order type="number">1</order>
						<savetype type="string">charisma</savetype>
						<type type="string">cast</type>
					</id-00001>
					<id-00002>
						<durmod type="number">1</durmod>
						<durunit type="string">minute</durunit>
						<label type="string">ATK: -1d4; SAVE: -1d4; (C)</label>
						<order type="number">2</order>
						<type type="string">effect</type>
					</id-00002>
				</actions>
				<cast type="number">0</cast>
				<castingtime type="string">1 action</castingtime>
				<components type="string">V, S, M (a drop of blood)</components>
				<description type="formattedtext">
					<p>Up to three creatures of your choice that you can see within range must make Charisma saving throws. Whenever a target that fails this saving throw makes an attack roll or a saving throw before the spell ends, the target must roll a d4 and subtract the number rolled from the attack roll or saving throw.</p>
					<p><b>At Higher Levels. </b>When you cast this spell using a spell slot of 2nd level or higher, you can target one additional creature for each slot level above 1st.</p>
				</description>
				<duration type="string">Concentration, up to 1 minute</duration>
				<group type="string">Oath Spell</group>
				<level type="number">1</level>
				<locked type="number">1</locked>
				<name type="string">Bane</name>
				<prepared type="number">3</prepared>
				<range type="string">30 feet</range>
				<school type="string">Enchantment</school>
				<source type="string">Bard, Cleric, Eldritch Invocations</source>
				<usesperiod type="string">enc</usesperiod>
			</id-00001>
			<id-00002>
				<actions>
					<id-00001>
						<apply type="string">roll</apply>
						<durmod type="number">1</durmod>
						<durunit type="string">hour</durunit>
						<label type="string">DMG: 1d6; (C)</label>
						<order type="number">1</order>
						<targeting type="string">self</targeting>
						<type type="string">effect</type>
					</id-00001>
					<id-00002>
						<apply type="string">roll</apply>
						<durmod type="number">1</durmod>
						<durunit type="string">hour</durunit>
						<label type="string">MARKED</label>
						<order type="number">2</order>
						<type type="string">effect</type>
					</id-00002>
				</actions>
				<cast type="number">0</cast>
				<castingtime type="string">1 bonus action</castingtime>
				<components type="string">V</components>
				<description type="formattedtext">
					<p>You choose a creature you can see within range and mystically mark it as your quarry. Until the spell ends, you deal an extra 1d6 damage to the target whenever you hit it with a weapon attack, and you have advantage on any Wisdom (Perception) or Wisdom (Survival) check you make to find it. If the target drops to 0 hit points before this spell ends, you can use a bonus action on a subsequent turn of yours to mark a new creature.</p>
					<p><b>At Higher Levels. </b>When you cast this spell using a spell slot of 3rd or 4th level, you can maintain your concentration on the spell for up to 8 hours. When you use a spell slot of 5th level or higher, you can maintain your concentration on the spell for up to 24 hours.</p>
				</description>
				<duration type="string">Concentration, up to 1 hour</duration>
				<group type="string">Oath Spell</group>
				<level type="number">1</level>
				<locked type="number">1</locked>
				<name type="string">Hunter's Mark</name>
				<prepared type="number">3</prepared>
				<range type="string">90 feet</range>
				<school type="string">Divination</school>
				<source type="string">Ranger</source>
				<usesperiod type="string">enc</usesperiod>
			</id-00002>
			<id-00003>
				<actions>
					<id-00001>
						<heallist>
							<id-00001>
								<bonus type="number">1</bonus>
							</id-00001>
						</heallist>
						<order type="number">1</order>
						<type type="string">heal</type>
					</id-00001>
				</actions>
				<cast type="number">0</cast>
				<group type="string">Paladin</group>
				<level type="number">0</level>
				<name type="string">Lay on Hands</name>
				<prepared type="number">15</prepared>
				<range type="string">Touch</range>
				<usesperiod type="string">enc</usesperiod>
			</id-00003>
			<id-00004>
				<actions>
					<id-00001>
						<order type="number">1</order>
						<savetype type="string">wisdom</savetype>
						<type type="string">cast</type>
					</id-00001>
				</actions>
				<cast type="number">0</cast>
				<castingtime type="string">1 bonus action</castingtime>
				<components type="string">V</components>
				<description type="formattedtext">
					<p>You attempt to compel a creature into a duel. One creature that you can see within range must make a Wisdom saving throw. On a failed save, the creature is drawn to you, compelled by your divine demand. For the duration, it has disadvantage on attack rolls against creatures other than you, and must make a Wisdom saving throw each time it attempts to move to a space that is more than 30 feet away from you; if it succeeds on this saving throw, this spell doesn't restrict the target's movement for that turn.</p>
					<p>The spell ends if you attack any other creature, if you cast a spell that targets a hostile creature other than the target, if a creature friendly to you damages the target or casts a harmful spell on it, or if you end your turn more than 30 feet away from the target.</p>
				</description>
				<duration type="string">Concentration, up to 1 minute</duration>
				<group type="string">Spells</group>
				<level type="number">1</level>
				<locked type="number">1</locked>
				<name type="string">Compelled Duel</name>
				<prepared type="number">1</prepared>
				<range type="string">30 feet</range>
				<school type="string">Enchantment</school>
				<source type="string">Paladin</source>
			</id-00004>
			<id-00005>
				<actions>
					<id-00001>
						<durmod type="number">10</durmod>
						<durunit type="string">minute</durunit>
						<label type="string">AC: 2; (C)</label>
						<order type="number">1</order>
						<type type="string">effect</type>
					</id-00001>
				</actions>
				<cast type="number">0</cast>
				<castingtime type="string">1 bonus action</castingtime>
				<components type="string">V, S, M (a small parchment with a bit of holy text written on it)</components>
				<description type="formattedtext">
					<p>A shimmering field appears and surrounds a creature of your choice within range, granting it a +2 bonus to AC for the duration.</p>
				</description>
				<duration type="string">Concentration, up to 10 minutes</duration>
				<group type="string">Spells</group>
				<level type="number">1</level>
				<locked type="number">1</locked>
				<name type="string">Shield of Faith</name>
				<prepared type="number">1</prepared>
				<range type="string">60 feet</range>
				<ritual type="number">0</ritual>
				<school type="string">Abjuration</school>
				<source type="string">Cleric, Cleric War Domain, Paladin</source>
			</id-00005>
			<id-00006>
				<actions>
					<id-00001>
						<order type="number">1</order>
						<savetype type="string">wisdom</savetype>
						<type type="string">cast</type>
					</id-00001>
					<id-00002>
						<label type="string">Prone</label>
						<order type="number">2</order>
						<type type="string">effect</type>
					</id-00002>
				</actions>
				<cast type="number">0</cast>
				<castingtime type="string">1 action</castingtime>
				<components type="string">V</components>
				<description type="formattedtext">
					<p>You speak a one-word command to a creature you can see within range. The target must succeed on a Wisdom saving throw or follow the command on its next turn. The spell has no effect if the target is undead, if it doesn't understand your language, or if your command is directly harmful to it.</p>
					<p>Some typical commands and their effects follow. You might issue a command other than one described here. If you do so, the DM determines how the target behaves. If the target can't follow your command, the spell ends.</p>
					<p><b>Approach. </b>The target moves toward you by the shortest and most direct route, ending its turn if it moves within 5 feet of you.</p>
					<p><b>Drop. </b>The target drops whatever it is holding and then ends its turn.</p>
					<p><b>Flee. </b>The target spends its turn moving away from you by the fastest available means.</p>
					<p><b>Grovel. </b>The target falls prone and then ends its turn.</p>
					<p><b>Halt. </b>The target doesn't move and takes no actions. A flying creature stays aloft, provided that it is able to do so. If it must move to stay aloft, it flies the minimum distance needed to remain in the air.</p>
					<p><b>At Higher Levels. </b>When you cast this spell using a spell slot of 2nd level or higher, you can affect one additional creature for each slot level above 1st. The creatures must be within 30 feet of each other when you target them.</p>
				</description>
				<duration type="string">1 round</duration>
				<group type="string">Spells</group>
				<level type="number">1</level>
				<locked type="number">1</locked>
				<name type="string">Command</name>
				<prepared type="number">1</prepared>
				<range type="string">60 feet</range>
				<school type="string">Enchantment</school>
				<source type="string">Cleric, Cleric Knowledge Domain, Warlock (Fiend), Paladin</source>
			</id-00006>
			<id-00007>
				<actions>
					<id-00002>
						<apply type="string">action</apply>
						<label type="string">DMG: 2d8 radiant; IFT: TYPE(fiend,undead);DMG:1d8 radiant</label>
						<order type="number">1</order>
						<targeting type="string">self</targeting>
						<type type="string">effect</type>
					</id-00002>
				</actions>
				<cast type="number">0</cast>
				<description type="formattedtext">
					<p></p>
				</description>
				<group type="string">Spells</group>
				<level type="number">1</level>
				<locked type="number">1</locked>
				<name type="string">Divine Smite</name>
				<prepared type="number">1</prepared>
				<ritual type="number">0</ritual>
				<shortdescription type="string">Bonus Action\n\nStarting at 2nd level, when you hit a creature with a melee weapon attack, you can expend one spell slot to deal radiant damage to the target, in addition to the weapon's damage. The extra damage is 2d8 for a 1st-level spell slot, plus 1d8 for each spell level higher than 1st, to a maximum of 5d8. The damage increases by 1d8 if the target is an undead or a fiend.</shortdescription>
				<usesperiod type="string">enc</usesperiod>
			</id-00007>
			<id-00009>
				<actions>
					<id-00001>
						<durmod type="number">1</durmod>
						<label type="string">Divine Sense</label>
						<order type="number">1</order>
						<targeting type="string">self</targeting>
						<type type="string">effect</type>
					</id-00001>
				</actions>
				<cast type="number">0</cast>
				<description type="formattedtext">
					<p>The presence of strong evil registers on your senses like a noxious odor, and powerful good rings like heavenly music in your ears. As an action, you can open your awareness to detect such forces. Until the end of your next turn, you know the location of any celestial, fiend, or undead within 60 feet of you that is not behind total cover. You know the type (celestial, fiend, or undead) of any being whose presence you sense, but not its identity (the vampire Count Strahd von Zarovich, for instance).</p>
					<p>Within the same radius, you also detect the presence of any place or object that has been consecrated or desecrated, as with the hallow spell.</p>
					<p>You can use this feature a number of times equal to 1 + your Charisma modifier. When you finish a long rest, you regain all expended uses.</p>
				</description>
				<group type="string">Paladin</group>
				<level type="number">0</level>
				<locked type="number">1</locked>
				<name type="string">Divine Sense</name>
				<prepared type="number">3</prepared>
				<ritual type="number">0</ritual>
				<source type="string">Paladin</source>
				<usesperiod type="string">enc</usesperiod>
			</id-00009>
		</powers>
		<profbonus type="number">2</profbonus>
		<proficiencylist>
			<id-00004>
				<name type="string">Weapon: Simple weapons, martial weapons</name>
			</id-00004>
			<id-00005>
				<name type="string">Armor: All armor, shields</name>
			</id-00005>
		</proficiencylist>
		<race type="string">Half-Orc</race>
		<racelink type="windowreference">
			<class>reference_race</class>
			<recordname>reference.racedata.half_orc@DD PHB Deluxe</recordname>
		</racelink>
		<senses type="string">Darkvision 60</senses>
		<size type="string">Medium</size>
		<skilllist>
			<id-00001>
				<misc type="number">0</misc>
				<name type="string">Perception</name>
				<prof type="number">0</prof>
				<stat type="string">wisdom</stat>
				<total type="number">1</total>
			</id-00001>
			<id-00002>
				<misc type="number">0</misc>
				<name type="string">Intimidation</name>
				<prof type="number">1</prof>
				<stat type="string">charisma</stat>
				<total type="number">4</total>
			</id-00002>
			<id-00003>
				<misc type="number">0</misc>
				<name type="string">History</name>
				<prof type="number">1</prof>
				<stat type="string">intelligence</stat>
				<total type="number">2</total>
			</id-00003>
			<id-00004>
				<misc type="number">0</misc>
				<name type="string">Persuasion</name>
				<prof type="number">1</prof>
				<stat type="string">charisma</stat>
				<total type="number">4</total>
			</id-00004>
			<id-00005>
				<misc type="number">0</misc>
				<name type="string">Arcana</name>
				<prof type="number">0</prof>
				<stat type="string">intelligence</stat>
				<total type="number">0</total>
			</id-00005>
			<id-00006>
				<misc type="number">0</misc>
				<name type="string">Nature</name>
				<prof type="number">0</prof>
				<stat type="string">intelligence</stat>
				<total type="number">0</total>
			</id-00006>
			<id-00007>
				<misc type="number">0</misc>
				<name type="string">Medicine</name>
				<prof type="number">1</prof>
				<stat type="string">wisdom</stat>
				<total type="number">3</total>
			</id-00007>
			<id-00008>
				<misc type="number">0</misc>
				<name type="string">Survival</name>
				<prof type="number">0</prof>
				<stat type="string">wisdom</stat>
				<total type="number">1</total>
			</id-00008>
			<id-00009>
				<misc type="number">0</misc>
				<name type="string">Performance</name>
				<prof type="number">0</prof>
				<stat type="string">charisma</stat>
				<total type="number">2</total>
			</id-00009>
			<id-00010>
				<misc type="number">0</misc>
				<name type="string">Acrobatics</name>
				<prof type="number">0</prof>
				<stat type="string">dexterity</stat>
				<total type="number">1</total>
			</id-00010>
			<id-00011>
				<misc type="number">0</misc>
				<name type="string">Religion</name>
				<prof type="number">1</prof>
				<stat type="string">intelligence</stat>
				<total type="number">2</total>
			</id-00011>
			<id-00012>
				<misc type="number">0</misc>
				<name type="string">Athletics</name>
				<prof type="number">0</prof>
				<stat type="string">strength</stat>
				<total type="number">4</total>
			</id-00012>
			<id-00013>
				<misc type="number">0</misc>
				<name type="string">Sleight of Hand</name>
				<prof type="number">0</prof>
				<stat type="string">dexterity</stat>
				<total type="number">1</total>
			</id-00013>
			<id-00014>
				<misc type="number">0</misc>
				<name type="string">Insight</name>
				<prof type="number">0</prof>
				<stat type="string">wisdom</stat>
				<total type="number">1</total>
			</id-00014>
			<id-00015>
				<misc type="number">0</misc>
				<name type="string">Deception</name>
				<prof type="number">0</prof>
				<stat type="string">charisma</stat>
				<total type="number">2</total>
			</id-00015>
			<id-00016>
				<misc type="number">0</misc>
				<name type="string">Investigation</name>
				<prof type="number">0</prof>
				<stat type="string">intelligence</stat>
				<total type="number">0</total>
			</id-00016>
			<id-00017>
				<misc type="number">0</misc>
				<name type="string">Stealth</name>
				<prof type="number">0</prof>
				<stat type="string">dexterity</stat>
				<total type="number">1</total>
			</id-00017>
			<id-00018>
				<misc type="number">0</misc>
				<name type="string">Animal Handling</name>
				<prof type="number">0</prof>
				<stat type="string">wisdom</stat>
				<total type="number">1</total>
			</id-00018>
		</skilllist>
		<speed>
			<armor type="number">0</armor>
			<base type="number">30</base>
			<misc type="number">0</misc>
			<temporary type="number">0</temporary>
			<total type="number">30</total>
		</speed>
		<temp>
		</temp>
		<token type="token"></token>
		<traitlist>
			<id-00001>
				<locked type="number">1</locked>
				<name type="string">Menacing</name>
				<source type="string">Half-Orc</source>
				<text type="formattedtext">
					<p>You gain proficiency in the Intimidation skill.</p>
				</text>
				<type type="string">racial</type>
			</id-00001>
			<id-00002>
				<locked type="number">1</locked>
				<name type="string">Relentless Endurance</name>
				<source type="string">Half-Orc</source>
				<text type="formattedtext">
					<p>When you are reduced to 0 hit points but not killed outright, you can drop to 1 hit point instead. You can't use this feature again until you finish a long rest.</p>
				</text>
				<type type="string">racial</type>
			</id-00002>
			<id-00003>
				<locked type="number">1</locked>
				<name type="string">Savage Attacks</name>
				<source type="string">Half-Orc</source>
				<text type="formattedtext">
					<p>When you score a critical hit with a melee weapon attack, you can roll one of the weapon's damage dice one additional time and add it to the extra damage of the critical hit.</p>
				</text>
				<type type="string">racial</type>
			</id-00003>
		</traitlist>
		<weaponlist>
			<id-00001>
				<carried type="number">2</carried>
				<damagelist>
					<id-00001>
						<dice type="dice">d8</dice>
						<stat type="string">base</stat>
						<type type="string">slashing</type>
					</id-00001>
				</damagelist>
				<isidentified type="number">1</isidentified>
				<maxammo type="number">0</maxammo>
				<name type="string">Longsword</name>
				<prof type="number">1</prof>
				<shortcut type="windowreference">
					<class>item</class>
					<recordname>....inventorylist.id-00005</recordname>
				</shortcut>
				<type type="number">0</type>
			</id-00001>
			<id-00002>
				<carried type="number">2</carried>
				<damagelist>
					<id-00001>
						<dice type="dice">d6</dice>
						<stat type="string">base</stat>
						<type type="string">piercing</type>
					</id-00001>
				</damagelist>
				<isidentified type="number">1</isidentified>
				<maxammo type="number">0</maxammo>
				<name type="string">Spear</name>
				<prof type="number">1</prof>
				<shortcut type="windowreference">
					<class>item</class>
					<recordname>....inventorylist.id-00006</recordname>
				</shortcut>
				<type type="number">0</type>
			</id-00002>
			<id-00003>
				<carried type="number">2</carried>
				<damagelist>
					<id-00001>
						<dice type="dice">d6</dice>
						<stat type="string">base</stat>
						<type type="string">piercing</type>
					</id-00001>
				</damagelist>
				<isidentified type="number">1</isidentified>
				<maxammo type="number">1</maxammo>
				<name type="string">Spear</name>
				<prof type="number">1</prof>
				<shortcut type="windowreference">
					<class>item</class>
					<recordname>....inventorylist.id-00006</recordname>
				</shortcut>
				<type type="number">2</type>
			</id-00003>
		</weaponlist>
		<weight type="string">220 lbs</weight>
	</character>
</root>
