<?xml version="1.0" encoding="iso-8859-1"?>
<root version="3.3" release="7|CoreRPG:3">
	<character>
		<abilities>
			<charisma>
				<bonus type="number">1</bonus>
				<save type="number">3</save>
				<savemodifier type="number">0</savemodifier>
				<saveprof type="number">1</saveprof>
				<score type="number">12</score>
			</charisma>
			<constitution>
				<bonus type="number">3</bonus>
				<save type="number">3</save>
				<savemodifier type="number">0</savemodifier>
				<saveprof type="number">0</saveprof>
				<score type="number">17</score>
			</constitution>
			<dexterity>
				<bonus type="number">1</bonus>
				<save type="number">1</save>
				<savemodifier type="number">0</savemodifier>
				<saveprof type="number">0</saveprof>
				<score type="number">13</score>
			</dexterity>
			<intelligence>
				<bonus type="number">0</bonus>
				<save type="number">0</save>
				<savemodifier type="number">0</savemodifier>
				<saveprof type="number">0</saveprof>
				<score type="number">10</score>
			</intelligence>
			<strength>
				<bonus type="number">2</bonus>
				<save type="number">2</save>
				<savemodifier type="number">0</savemodifier>
				<saveprof type="number">0</saveprof>
				<score type="number">14</score>
			</strength>
			<wisdom>
				<bonus type="number">3</bonus>
				<save type="number">5</save>
				<savemodifier type="number">0</savemodifier>
				<saveprof type="number">1</saveprof>
				<score type="number">17</score>
			</wisdom>
		</abilities>
		<adventurelist>
		</adventurelist>
		<age type="string">35</age>
		<alignment type="string">Lawful Good</alignment>
		<background type="string">Guild Merchant</background>
		<backgroundlink type="windowreference">
			<class>reference_background</class>
			<recordname>reference.backgrounddata.guildmerchant@DD PHB Deluxe</recordname>
		</backgroundlink>
		<bonds type="string">I will get revenge on the evil forces that destroyed my place of business and ruined my livelihood.</bonds>
		<classes>
			<id-00001>
				<casterlevelinvmult type="number">1</casterlevelinvmult>
				<hddie type="dice">d8</hddie>
				<hdused type="number">0</hdused>
				<level type="number">3</level>
				<name type="string">Cleric</name>
				<shortcut type="windowreference">
					<class>reference_class</class>
					<recordname>reference.classdata.cleric@DD PHB Deluxe</recordname>
				</shortcut>
			</id-00001>
		</classes>
		<coins>
			<slot1>
				<amount type="number">15</amount>
				<name type="string">GP</name>
			</slot1>
			<slot2>
			</slot2>
			<slot3>
			</slot3>
			<slot4>
			</slot4>
			<slot5>
			</slot5>
			<slot6>
			</slot6>
		</coins>
		<defenses>
			<ac>
				<armor type="number">6</armor>
				<dexbonus type="string">no</dexbonus>
				<disstealth type="number">1</disstealth>
				<misc type="number">0</misc>
				<prof type="number">1</prof>
				<shield type="number">2</shield>
				<temporary type="number">0</temporary>
				<total type="number">18</total>
			</ac>
		</defenses>
		<deity type="string">Apollo</deity>
		<encumbrance>
			<encumbered type="number">70</encumbered>
			<encumberedheavy type="number">140</encumberedheavy>
			<liftpushdrag type="number">420</liftpushdrag>
			<load type="number">142.5</load>
			<max type="number">210</max>
		</encumbrance>
		<featlist>
		</featlist>
		<featurelist>
			<id-00001>
				<locked type="number">1</locked>
				<name type="string">Guild Membership</name>
				<source type="string">Guild Merchant</source>
				<text type="formattedtext">
					<p>As an established and respected member of a guild, you can rely on certain benefits that membership provides. Your fellow guild members will provide you with lodging and food if necessary, and pay for your funeral if needed. In some cities and towns, a guildhall offers a central place to meet other members of your profession, which can be a good place to meet potential patrons, allies, or hirelings.</p>
					<p>Guilds often wield tremendous political power. If you are accused of a crime, your guild w ill support you if a good case can be made for your innocence or the crime is justifiable. You can also gain access to powerful political figures through the guild, if you are a member in good standing. Such connections might require the donation of money or magic items to the guild's coffers. You must pay dues of 5 gp per month to the guild. If you miss payments, you must make up back dues to remain in the guild's good graces.</p>
				</text>
			</id-00001>
			<id-00002>
				<level type="number">1</level>
				<locked type="number">1</locked>
				<name type="string">Life Domain</name>
				<source type="string">Cleric</source>
				<text type="formattedtext">
					<p>The Life domain focuses on the vibrant positive energy-one of the fundamental forces of the universe-that sustains all life. The gods of life promote vitality and health through healing the sick and wounded, caring for those in need, and driving away the forces of death and undeath. Almost any non-evil deity can claim influence over this domain, particularly agricultural deities (such as Chauntea, Arawai, and Demeter), sun gods (such as Lathander, Pelor, and Re-Horakhty), gods of healing or endurance (such as Ilmater, Mishakal, Apollo, and Diancecht), and gods of home and community (such as Hestia, Hathor, and Boldrei).</p>
					<h>Life Domain Spells</h>
					<p><b>Cleric Level - Spell</b></p>
					<linklist>
						<link class="reference_spell" recordname="reference.spelldata.bless@DD PHB Deluxe"><b>Spell: </b></link>1st - Bless</linklist>
						<link class="reference_spell" recordname="reference.spelldata.curewounds@DD PHB Deluxe"><b>Spell: </b></link>1st - Cure Wounds
						<link class="reference_spell" recordname="reference.spelldata.lesserrestoration@DD PHB Deluxe"><b>Spell: </b></link>3rd - Lesser Restoration
						<link class="reference_spell" recordname="reference.spelldata.spiritualweapon@DD PHB Deluxe"><b>Spell: </b></link>3rd - Spiritual Weapon
						<link class="reference_spell" recordname="reference.spelldata.beaconofhope@DD PHB Deluxe"><b>Spell: </b></link>5th - Beacon of Hope
						<link class="reference_spell" recordname="reference.spelldata.revivify@DD PHB Deluxe"><b>Spell: </b></link>5th - Revivify
						<link class="reference_spell" recordname="reference.spelldata.deathward@DD PHB Deluxe"><b>Spell: </b></link>7th - Death Ward
						<link class="reference_spell" recordname="reference.spelldata.guardianoffaith@DD PHB Deluxe"><b>Spell: </b></link>7th - Guardian of Faith
						<link class="reference_spell" recordname="reference.spelldata.masscurewounds@DD PHB Deluxe"><b>Spell: </b></link>9th - Mass Cure Wounds
						<link class="reference_spell" recordname="reference.spelldata.raisedead@DD PHB Deluxe"><b>Spell: </b></link>9th - Raise Dead
					<h>Features</h>
					<linklist>
						<link class="reference_classfeature" recordname="reference.classdata.cleric.features.bonusproficiency_life_1@DD PHB Deluxe">Bonus Proficiency (Life)</link>
						<link class="reference_classfeature" recordname="reference.classdata.cleric.features.discipleoflife1@DD PHB Deluxe">Disciple of Life</link>
						<link class="reference_classfeature" recordname="reference.classdata.cleric.features.channeldivinity_preservelife2@DD PHB Deluxe"><b>Channel Divinity: </b></link>Preserve Life</linklist>
						<link class="reference_classfeature" recordname="reference.classdata.cleric.features.blessedhealer6@DD PHB Deluxe">Blessed Healer</link>
						<link class="reference_classfeature" recordname="reference.classdata.cleric.features.divinestrike_life_8@DD PHB Deluxe">Divine Strike (Life)</link>
						<link class="reference_classfeature" recordname="reference.classdata.cleric.features.supremehealing17@DD PHB Deluxe">Supreme Healing</link>
				</text>
			</id-00002>
			<id-00003>
				<level type="number">1</level>
				<locked type="number">1</locked>
				<name type="string">Disciple of Life</name>
				<source type="string">Cleric</source>
				<specialization type="string">Life Domain</specialization>
				<text type="formattedtext">
					<p>Also starting at 1st level, your healing spells are more effective. Whenever you use a spell of 1st level or higher to restore hit points to a creature, the creature regains additional hit points equal to 2 + the spell's level.</p>
				</text>
			</id-00003>
			<id-00004>
				<level type="number">1</level>
				<locked type="number">1</locked>
				<name type="string">Spellcasting</name>
				<source type="string">Cleric</source>
				<text type="formattedtext">
					<p>As a conduit for divine power, you can cast cleric spells. See chapter 10 for the general rules of spellcasting and chapter 11 for a selection of cleric spells.</p>
					<linklist>
						<link class="reference_colindex" recordname="reference.spelllists.cleric@DD PHB Deluxe">Cleric Spells</link>
					</linklist>
					<p><b>Cantrips</b></p>
					<p>At 1st level, you know three cantrips of your choice from the cleric spell list. You learn additional cleric cantrips of your choice at higher levels, as shown in the Cantrips Known column of the Cleric table.</p>
					<p><b>Preparing and Casting Spells</b></p>
					<p>The Cleric table shows how many spell slots you have to cast your spells of 1st level and higher. To cast one of these spells, you must expend a slot of the spell's level or higher. You regain all expended spell slots when you finish a long rest.</p>
					<p>You prepare the list of cleric spells that are available for you to cast, choosing from the cleric spell list. When you do so, choose a number of cleric spells equal to your Wisdom modifier + your cleric level (minimum of one spell). The spells must be of a level for which you have spell slots.</p>
					<p>For example, if you are a 3rd-level cleric, you have four 1st-level and two 2nd-level spell slots. With a Wisdom of 16, your list of prepared spells can include six spells of 1st or 2nd level, in any combination. If you prepare the 1st-level spell cure wounds, you can cast it using a 1st-level or 2nd-level slot. Casting the spell doesn't remove it from your list of prepared spells.</p>
					<p>You can change your list of prepared spells when you finish a long rest. Preparing a new list of cleric spells requires time spent in prayer and meditation: at least 1 minute per spell level for each spell on your list.</p>
					<p><b>Spellcasting Ability</b></p>
					<p>Wisdom is your spellcasting ability for your cleric spells. The power of your spells comes from your devotion to your deity. You use your Wisdom whenever a cleric spell refers to your spellcasting ability. In addition, you use your Wisdom modifier when setting the saving throw DC for a cleric spell you cast and when making an attack roll with one.</p>
					<p><b>Spell save DC </b>= 8 + your proficiency bonus + your Wisdom modifier</p>
					<p><b>Spell attack modifier </b>= your proficiency bonus + your Wisdom modifier</p>
					<p><b>Ritual Casting</b></p>
					<p>You can cast a cleric spell as a ritual if that spell has the ritual tag and you have the spell prepared.</p>
					<p><b>Spellcasting Focus</b></p>
					<p>You can use a holy symbol (found in chapter 5) as a spellcasting focus for your cleric spells.</p>
				</text>
			</id-00004>
			<id-00005>
				<level type="number">1</level>
				<locked type="number">1</locked>
				<name type="string">Bonus Proficiency (Life)</name>
				<source type="string">Cleric</source>
				<specialization type="string">Life Domain</specialization>
				<text type="formattedtext">
					<p>When you choose this domain at 1st level, you gain proficiency with heavy armor.</p>
				</text>
			</id-00005>
			<id-00006>
				<level type="number">2</level>
				<locked type="number">1</locked>
				<name type="string">Channel Divinity: Preserve Life</name>
				<source type="string">Cleric</source>
				<specialization type="string">Life Domain</specialization>
				<text type="formattedtext">
					<p>Starting at 2nd level, you can use your Channel Divinity to heal the badly injured.</p>
					<p>As an action, you present your holy symbol and evoke healing energy that can restore a number of hit points equal to five times your cleric level. Choose any creatures within 30 feet of you, and divide those hit points among them. This feature can restore a creature to no more than half of its hit point maximum. You can't use this feature on an undead or a construct.</p>
				</text>
			</id-00006>
			<id-00007>
				<level type="number">2</level>
				<locked type="number">1</locked>
				<name type="string">Channel Divinity</name>
				<source type="string">Cleric</source>
				<text type="formattedtext">
					<p>At 2nd level, you gain the ability to channel divine energy directly from your deity, using that energy to fuel magical effects. You start with two such effects - Turn Undead and an effect determined by your domain. Some domains grant you additional effects as you advance in levels, as noted in the domain description.</p>
					<p>When you use your Channel Divinity, you choose which effect to create. You must then finish a short or long rest to use your Channel Divinity again.</p>
					<p>Some Channel Divinity effects require saving throws. When you use such an effect from this class, the DC equals your cleric spell save DC.</p>
					<p>Beginning at 6th level, you can use your Channel Divinity twice between rests, and beginning at 18th level, you can use it three times between rests. When you finish a short or long rest, you regain your expended uses.</p>
					<p><b>Channel Divinity: </b>Turn Undead</p>
					<p>As an action, you present your holy symbol and speak a prayer censuring the undead. Each undead that can see or hear you within 30 feet of you must make a Wisdom saving throw. If the creature fails its saving throw, it is turned for 1 minute or until it takes any damage.</p>
					<p>A turned creature must spend its turns trying to move as far away from you as it can, and it can't willingly move to a space within 30 feet of you. It also can't take reactions. For its action, it can use only the Dash action or try to escape from an effect that prevents it from moving. If there's nowhere to move, the creature can use the Dodge action.</p>
				</text>
			</id-00007>
		</featurelist>
		<flaws type="string">I would kill to acquire a noble title.</flaws>
		<gender type="string">Male</gender>
		<height type="string">4'</height>
		<hp>
			<temporary type="number">0</temporary>
			<total type="number">33</total>
			<wounds type="number">0</wounds>
		</hp>
		<ideals type="string">Generosity. My talents were given to me so that I could use them to benefit the world. (Good)</ideals>
		<initiative>
			<misc type="number">0</misc>
			<temporary type="number">0</temporary>
			<total type="number">1</total>
		</initiative>
		<inventorylist>
			<id-00001>
				<carried type="number">1</carried>
				<cost type="string">20 gp</cost>
				<count type="number">1</count>
				<description type="formattedtext">
					<p>These special tools include the items needed to pursue a craft or trade. The table shows examples of the most common types of tools, each providing items related to a single craft. Proficiency with a set of artisan's tools lets you add your proficiency bonus to any ability checks you make using the tools in your craft. Each type of artisan's tools requires a separate proficiency.</p>
				</description>
				<isidentified type="number">1</isidentified>
				<location type="string">Backpack</location>
				<locked type="number">1</locked>
				<name type="string">Smith's Tools</name>
				<subtype type="string">Artisan's Tools</subtype>
				<type type="string">Tools</type>
				<weight type="number">8</weight>
			</id-00001>
			<id-00002>
				<carried type="number">1</carried>
				<count type="number">1</count>
				<isidentified type="number">1</isidentified>
				<location type="string">Backpack</location>
				<name type="string">Letter of Introduction</name>
			</id-00002>
			<id-00003>
				<carried type="number">1</carried>
				<cost type="string">2 gp</cost>
				<count type="number">1</count>
				<isidentified type="number">1</isidentified>
				<location type="string">Backpack</location>
				<locked type="number">1</locked>
				<name type="string">Clothes, Traveler's</name>
				<subtype type="string">Standard</subtype>
				<type type="string">Adventuring Gear</type>
				<weight type="number">4</weight>
			</id-00003>
			<id-00004>
				<carried type="number">2</carried>
				<cost type="string">15 gp</cost>
				<count type="number">1</count>
				<damage type="string">1d8 bludgeoning</damage>
				<description type="formattedtext">
					<p></p>
				</description>
				<isidentified type="number">1</isidentified>
				<location type="string">Backpack</location>
				<locked type="number">1</locked>
				<name type="string">Warhammer</name>
				<properties type="string">Versatile (1d10)</properties>
				<subtype type="string">Martial Weapons</subtype>
				<type type="string">Weapon</type>
				<weight type="number">2</weight>
			</id-00004>
			<id-00005>
				<ac type="number">16</ac>
				<carried type="number">2</carried>
				<cost type="string">75 gp</cost>
				<count type="number">1</count>
				<description type="formattedtext">
					<p>Of all the armor categories, heavy armor offers the best protection. These suits of armor cover the entire body and are designed to stop a wide range of attacks. Only proficient warriors can manage their weight and bulk.</p>
					<p>Made of interlocking metal rings, chain mail includes a layer of quilted fabric worn underneath the mail to prevent chafing and to cushion the impact of blows. The suit includes gauntlets.</p>
				</description>
				<dexbonus type="string">-</dexbonus>
				<isidentified type="number">1</isidentified>
				<locked type="number">1</locked>
				<name type="string">Chain Mail</name>
				<stealth type="string">Disadvantage</stealth>
				<strength type="string">Str 13</strength>
				<subtype type="string">Heavy Armor</subtype>
				<type type="string">Armor</type>
				<weight type="number">55</weight>
			</id-00005>
			<id-00006>
				<ac type="number">2</ac>
				<carried type="number">2</carried>
				<cost type="string">10 gp</cost>
				<count type="number">1</count>
				<description type="formattedtext">
					<p>A shield is made from wood or metal and is carried in one hand. Wielding a shield increases your Armor Class by 2. You can benefit from only one shield at a time.</p>
				</description>
				<dexbonus type="string">-</dexbonus>
				<isidentified type="number">1</isidentified>
				<locked type="number">1</locked>
				<name type="string">Shield</name>
				<stealth type="string">-</stealth>
				<strength type="string">-</strength>
				<subtype type="string">Shield</subtype>
				<type type="string">Armor</type>
				<weight type="number">6</weight>
			</id-00006>
			<id-00007>
				<carried type="number">2</carried>
				<cost type="string">25 gp</cost>
				<count type="number">1</count>
				<damage type="string">1d8 piercing</damage>
				<isidentified type="number">1</isidentified>
				<locked type="number">1</locked>
				<name type="string">Crossbow, Light</name>
				<properties type="string">Ammunition (range 80/320), loading, two-handed</properties>
				<subtype type="string">Simple Ranged Weapons</subtype>
				<type type="string">Weapon</type>
				<weight type="number">5</weight>
			</id-00007>
			<id-00008>
				<carried type="number">1</carried>
				<cost type="string">1 gp</cost>
				<count type="number">1</count>
				<description type="formattedtext">
					<p>This wooden case can hold up to twenty crossbow bolts.</p>
				</description>
				<isidentified type="number">1</isidentified>
				<locked type="number">1</locked>
				<name type="string">Case, Crossbow Bolt</name>
				<subtype type="string">Standard</subtype>
				<type type="string">Adventuring Gear</type>
				<weight type="number">1</weight>
			</id-00008>
			<id-00009>
				<carried type="number">1</carried>
				<cost type="string">5 cp</cost>
				<count type="number">20</count>
				<isidentified type="number">1</isidentified>
				<location type="string">Case, Crossbow Bolt</location>
				<locked type="number">1</locked>
				<name type="string">Crossbow Bolt</name>
				<subtype type="string">Ammunition</subtype>
				<type type="string">Adventuring Gear</type>
				<weight type="number">0.025</weight>
			</id-00009>
			<id-00010>
				<carried type="number">1</carried>
				<cost type="string">1 gp</cost>
				<count type="number">1</count>
				<isidentified type="number">1</isidentified>
				<location type="string">Backpack</location>
				<locked type="number">1</locked>
				<name type="string">Bedroll</name>
				<subtype type="string">Standard</subtype>
				<type type="string">Adventuring Gear</type>
				<weight type="number">7</weight>
			</id-00010>
			<id-00011>
				<carried type="number">1</carried>
				<cost type="string">5 sp</cost>
				<count type="number">10</count>
				<description type="formattedtext">
					<p>Rations consist of dry foods suitable for extended travel, including jerky, dried fruit, hardtack, and nuts.</p>
				</description>
				<isidentified type="number">1</isidentified>
				<location type="string">Backpack</location>
				<locked type="number">1</locked>
				<name type="string">Rations (1 Day)</name>
				<subtype type="string">Standard</subtype>
				<type type="string">Adventuring Gear</type>
				<weight type="number">2</weight>
			</id-00011>
			<id-00012>
				<carried type="number">1</carried>
				<cost type="string">1 cp</cost>
				<count type="number">10</count>
				<description type="formattedtext">
					<p>A torch burns for 1 hour, providing bright light in a 20-foot radius and dim light for an additional 20 feet. If you make a melee attack with a burning torch and hit, it deals 1 fire damage.</p>
				</description>
				<isidentified type="number">1</isidentified>
				<location type="string">Backpack</location>
				<locked type="number">1</locked>
				<name type="string">Torch</name>
				<subtype type="string">Standard</subtype>
				<type type="string">Adventuring Gear</type>
				<weight type="number">1</weight>
			</id-00012>
			<id-00013>
				<carried type="number">1</carried>
				<cost type="string">5 sp</cost>
				<count type="number">1</count>
				<description type="formattedtext">
					<p>This small container holds flint, fire steel, and tinder (usually dry cloth soaked in light oil) used to kindle a fire. Using it to light a torch-or anything else with abundant, exposed fuel-takes an action. Lighting any other fire takes 1 minute.</p>
				</description>
				<isidentified type="number">1</isidentified>
				<location type="string">Backpack</location>
				<locked type="number">1</locked>
				<name type="string">Tinderbox</name>
				<subtype type="string">Standard</subtype>
				<type type="string">Adventuring Gear</type>
				<weight type="number">1</weight>
			</id-00013>
			<id-00014>
				<carried type="number">1</carried>
				<cost type="string">2 sp</cost>
				<count type="number">1</count>
				<isidentified type="number">1</isidentified>
				<location type="string">Backpack</location>
				<locked type="number">1</locked>
				<name type="string">Waterskin</name>
				<subtype type="string">Standard</subtype>
				<type type="string">Adventuring Gear</type>
				<weight type="number">5</weight>
			</id-00014>
			<id-00015>
				<carried type="number">1</carried>
				<cost type="string">2 sp</cost>
				<count type="number">1</count>
				<description type="formattedtext">
					<p>This tin box contains a cup and simple cutlery. The box clamps together, and one side can be used as a cooking pan and the other as a plate or shallow bowl.</p>
				</description>
				<isidentified type="number">1</isidentified>
				<location type="string">Backpack</location>
				<locked type="number">1</locked>
				<name type="string">Mess Kit</name>
				<subtype type="string">Equipment Kits</subtype>
				<type type="string">Adventuring Gear</type>
				<weight type="number">1</weight>
			</id-00015>
			<id-00016>
				<carried type="number">1</carried>
				<cost type="string">1 gp</cost>
				<count type="number">1</count>
				<isidentified type="number">1</isidentified>
				<location type="string">Backpack</location>
				<locked type="number">1</locked>
				<name type="string">Rope, Hempen (50 Feet)</name>
				<subtype type="string">Standard</subtype>
				<type type="string">Adventuring Gear</type>
				<weight type="number">10</weight>
			</id-00016>
			<id-00017>
				<carried type="number">1</carried>
				<cost type="string">2 gp</cost>
				<count type="number">1</count>
				<isidentified type="number">1</isidentified>
				<locked type="number">1</locked>
				<name type="string">Backpack</name>
				<subtype type="string">Standard</subtype>
				<type type="string">Adventuring Gear</type>
				<weight type="number">5</weight>
			</id-00017>
			<id-00018>
				<carried type="number">1</carried>
				<cost type="string">5 gp</cost>
				<count type="number">1</count>
				<description type="formattedtext">
					<p>A holy symbol is a representation of a god or pantheon. It might be an amulet depicting a symbol representing a deity, the same symbol carefully engraved or inlaid as an emblem on a shield, or a tiny box holding a fragment of a sacred relic. The Player's Handbook lists many gods in the multiverse and their typical symbols. A cleric or paladin can use a holy symbol as a spellcasting focus, as described in chapter To use the symbol in this way, the caster must hold it in hand, wear it visibly, or bear it on a shield.</p>
					<p>A holy symbol is a representation of a god or pantheon. It might be an amulet depicting a symbol representing a deity, the same symbol carefully engraved or inlaid as an emblem on a shield, or a tiny box holding a fragment of a sacred rite. Appendix B lists the symbols commonly associated with many gods in the multiverse. A cleric or paladin can use a holy symbol as a spell casing focus, as described in Part 3: The Rules of Magic. To use the symbol in this way, the caster must hold it in hand, wear it visibly, or bear it on a shield.</p>
				</description>
				<isidentified type="number">1</isidentified>
				<location type="string">Backpack</location>
				<locked type="number">1</locked>
				<name type="string">Reliquary</name>
				<subtype type="string">Holy Symbol</subtype>
				<type type="string">Adventuring Gear</type>
				<weight type="number">2</weight>
			</id-00018>
		</inventorylist>
		<languagelist>
			<id-00001>
				<name type="string">Common </name>
			</id-00001>
			<id-00002>
				<name type="string">Dwarvish</name>
			</id-00002>
			<id-00003>
				<name type="string">Draconic</name>
			</id-00003>
		</languagelist>
		<level type="number">3</level>
		<name type="string">Hill Dwarf (Life Cleric)</name>
		<perception type="number">13</perception>
		<perceptionmodifier type="number">0</perceptionmodifier>
		<personalitytraits type="string">I like to talk at length about my profession.\n\nI'm well known for my work, and I want to make sure everyone appreciates it. I'm always taken aback when people haven't heard of me.</personalitytraits>
		<powerdisplaymode type="string">action</powerdisplaymode>
		<powergroup>
			<id-00001>
				<atkprof type="number">1</atkprof>
				<castertype type="string">memorization</castertype>
				<name type="string">Spells</name>
				<prepared type="number">4</prepared>
				<saveprof type="number">1</saveprof>
				<stat type="string">wisdom</stat>
				<uses type="number">1</uses>
				<usesperiod type="string">enc</usesperiod>
			</id-00001>
			<id-00002>
				<atkprof type="number">1</atkprof>
				<name type="string">Channel Divinity</name>
				<saveprof type="number">1</saveprof>
				<uses type="number">1</uses>
			</id-00002>
		</powergroup>
		<powermeta>
			<pactmagicslots1>
			</pactmagicslots1>
			<pactmagicslots2>
			</pactmagicslots2>
			<pactmagicslots3>
			</pactmagicslots3>
			<pactmagicslots4>
			</pactmagicslots4>
			<pactmagicslots5>
			</pactmagicslots5>
			<pactmagicslots6>
			</pactmagicslots6>
			<pactmagicslots7>
			</pactmagicslots7>
			<pactmagicslots8>
			</pactmagicslots8>
			<pactmagicslots9>
			</pactmagicslots9>
			<spellslots1>
				<max type="number">4</max>
			</spellslots1>
			<spellslots2>
				<max type="number">2</max>
			</spellslots2>
			<spellslots3>
			</spellslots3>
			<spellslots4>
			</spellslots4>
			<spellslots5>
			</spellslots5>
			<spellslots6>
			</spellslots6>
			<spellslots7>
			</spellslots7>
			<spellslots8>
			</spellslots8>
			<spellslots9>
			</spellslots9>
		</powermeta>
		<powermode type="string">combat</powermode>
		<powers>
			<id-00001>
				<actions>
					<id-00001>
						<atkmod type="number">0</atkmod>
						<atkprof type="number">1</atkprof>
						<order type="number">1</order>
						<savedcmod type="number">0</savedcmod>
						<savedcprof type="number">1</savedcprof>
						<savetype type="string">wisdom</savetype>
						<type type="string">cast</type>
					</id-00001>
					<id-00002>
						<durmod type="number">1</durmod>
						<durunit type="string">minute</durunit>
						<label type="string">turned</label>
						<order type="number">2</order>
						<type type="string">effect</type>
					</id-00002>
				</actions>
				<cast type="number">0</cast>
				<description type="formattedtext">
					<p></p>
				</description>
				<group type="string">Channel Divinity</group>
				<level type="number">0</level>
				<locked type="number">1</locked>
				<name type="string">Turn Undead</name>
				<prepared type="number">0</prepared>
				<ritual type="number">0</ritual>
			</id-00001>
			<id-00002>
				<actions>
					<id-00001>
						<durmod type="number">1</durmod>
						<durunit type="string">minute</durunit>
						<label type="string">ATK: 1d4; SAVE: 1d4; (C)</label>
						<order type="number">1</order>
						<type type="string">effect</type>
					</id-00001>
				</actions>
				<cast type="number">0</cast>
				<castingtime type="string">1 action</castingtime>
				<components type="string">V, S, M (a sprinkling of holy water)</components>
				<description type="formattedtext">
					<p>You bless up to three creatures of your choice within range. Whenever a target makes an attack roll or a saving throw before the spell ends, the target can roll a d4 and add the number rolled to the attack roll or saving throw.</p>
					<p><b>At Higher Levels. </b>When you cast this spell using a spell slot of 2nd level or higher, you can target one additional creature for each slot level above 1st.</p>
				</description>
				<duration type="string">Concentration, up to 1 minute</duration>
				<group type="string">Spells</group>
				<level type="number">1</level>
				<locked type="number">1</locked>
				<name type="string">Bless</name>
				<prepared type="number">1</prepared>
				<range type="string">30 feet</range>
				<school type="string">Enchantment</school>
				<source type="string">Cleric, Cleric Life Domain, Paladin</source>
			</id-00002>
			<id-00003>
				<actions>
					<id-00001>
						<heallist>
							<id-00001>
								<bonus type="number">3</bonus>
								<dice type="dice">d8</dice>
								<stat type="string">base</stat>
							</id-00001>
						</heallist>
						<order type="number">1</order>
						<type type="string">heal</type>
					</id-00001>
				</actions>
				<cast type="number">0</cast>
				<castingtime type="string">1 action</castingtime>
				<components type="string">V, S</components>
				<description type="formattedtext">
					<p>A creature you touch regains a number of hit points equal to 1d8 + your spellcasting ability modifier. This spell has no effect on undead or constructs.</p>
					<p><b>At Higher Levels. </b>When you cast this spell using a spell slot of 2nd level or higher, the healing increases by 1d8 for each slot level above 1st.</p>
				</description>
				<duration type="string">Instantaneous</duration>
				<group type="string">Spells</group>
				<level type="number">1</level>
				<locked type="number">1</locked>
				<name type="string">Cure Wounds</name>
				<prepared type="number">1</prepared>
				<range type="string">Touch</range>
				<school type="string">Evocation</school>
				<source type="string">Bard, Cleric, Cleric Life Domain, Druid, Paladin, Ranger</source>
			</id-00003>
			<id-00004>
				<actions>
				</actions>
				<cast type="number">0</cast>
				<castingtime type="string">1 action</castingtime>
				<components type="string">V, S</components>
				<description type="formattedtext">
					<p>You touch a creature and can end either one disease or one condition afflicting it. The condition can be blinded, deafened, paralyzed, or poisoned.</p>
				</description>
				<duration type="string">Instantaneous</duration>
				<group type="string">Spells</group>
				<level type="number">2</level>
				<locked type="number">1</locked>
				<name type="string">Lesser Restoration</name>
				<prepared type="number">1</prepared>
				<range type="string">Touch</range>
				<ritual type="number">0</ritual>
				<school type="string">Abjuration</school>
				<source type="string">Bard, Cleric, Cleric Life Domain, Druid, Paladin, Ranger</source>
			</id-00004>
			<id-00005>
				<actions>
					<id-00001>
						<atktype type="string">melee</atktype>
						<order type="number">1</order>
						<type type="string">cast</type>
					</id-00001>
					<id-00002>
						<damagelist>
							<id-00001>
								<dice type="dice">d8</dice>
								<stat type="string">base</stat>
								<type type="string">force</type>
							</id-00001>
						</damagelist>
						<order type="number">2</order>
						<type type="string">damage</type>
					</id-00002>
				</actions>
				<cast type="number">0</cast>
				<castingtime type="string">1 bonus action</castingtime>
				<components type="string">V, S</components>
				<description type="formattedtext">
					<p>You create a floating, spectral weapon within range that lasts for the duration or until you cast this spell again. When you cast the spell, you can make a melee spell attack against a creature within 5 feet of the weapon. On a hit, the target takes force damage equal to 1d8 + your spellcasting ability modifier.</p>
					<p>As a bonus action on your turn, you can move the weapon up to 20 feet and repeat the attack against a creature within 5 feet of it.</p>
					<p>The weapon can take whatever form you choose. Clerics of deities who are associated with a particular weapon (as St. Cuthbert is known for his mace and Thor for his hammer) make this spell's effect resemble that weapon.</p>
					<p><b>At Higher Levels. </b>When you cast this spell using a spell slot of 3rd level or higher, the damage increases by 1d8 for every two slot levels above the 2nd.</p>
				</description>
				<duration type="string">1 minute</duration>
				<group type="string">Spells</group>
				<level type="number">2</level>
				<locked type="number">1</locked>
				<name type="string">Spiritual Weapon</name>
				<prepared type="number">1</prepared>
				<range type="string">60 feet</range>
				<ritual type="number">0</ritual>
				<school type="string">Evocation</school>
				<source type="string">Cleric, Cleric Life Domain, Cleric War Domain</source>
			</id-00005>
			<id-00006>
				<actions>
				</actions>
				<cast type="number">0</cast>
				<castingtime type="string">1 action</castingtime>
				<components type="string">V, S</components>
				<description type="formattedtext">
					<p>You touch a living creature that has 0 hit points. The creature becomes stable. This spell has no effect on undead or constructs.</p>
				</description>
				<duration type="string">Instantaneous</duration>
				<group type="string">Spells</group>
				<level type="number">0</level>
				<locked type="number">1</locked>
				<name type="string">Spare the Dying</name>
				<prepared type="number">0</prepared>
				<range type="string">Touch</range>
				<ritual type="number">0</ritual>
				<school type="string">Necromancy</school>
				<source type="string">Cleric</source>
			</id-00006>
			<id-00007>
				<actions>
				</actions>
				<cast type="number">0</cast>
				<castingtime type="string">1 action</castingtime>
				<components type="string">V, S</components>
				<description type="formattedtext">
					<p>You touch one willing creature. Once before the spell ends, the target can roll a d4 and add the number rolled to one ability check of its choice. It can roll the die before or after making the ability check. The spell then ends.</p>
				</description>
				<duration type="string">Concentration, up to 1 minute</duration>
				<group type="string">Spells</group>
				<level type="number">0</level>
				<locked type="number">1</locked>
				<name type="string">Guidance</name>
				<prepared type="number">0</prepared>
				<range type="string">Touch</range>
				<ritual type="number">0</ritual>
				<school type="string">Divination</school>
				<source type="string">Cleric, Druid</source>
			</id-00007>
			<id-00008>
				<actions>
					<id-00001>
						<order type="number">1</order>
						<savetype type="string">dexterity</savetype>
						<type type="string">cast</type>
					</id-00001>
					<id-00002>
						<damagelist>
							<id-00001>
								<dice type="dice">d8</dice>
								<type type="string">radiant</type>
							</id-00001>
						</damagelist>
						<order type="number">2</order>
						<type type="string">damage</type>
					</id-00002>
				</actions>
				<cast type="number">0</cast>
				<castingtime type="string">1 action</castingtime>
				<components type="string">V, S</components>
				<description type="formattedtext">
					<p>Flame-like radiance descends on a creature that you can see within range. The target must succeed on a Dexterity saving throw or take 1d8 radiant damage. The target gains no benefit from cover for this saving throw. The spell's damage increases by 1d8 when you reach 5th level (2d8), 11th level (3d8), and 17th level (4d8).</p>
				</description>
				<duration type="string">Instantaneous</duration>
				<group type="string">Spells</group>
				<level type="number">0</level>
				<locked type="number">1</locked>
				<name type="string">Sacred Flame</name>
				<prepared type="number">0</prepared>
				<range type="string">60 feet</range>
				<ritual type="number">0</ritual>
				<school type="string">Evocation</school>
				<source type="string">Cleric</source>
			</id-00008>
			<id-00009>
				<actions>
				</actions>
				<cast type="number">0</cast>
				<castingtime type="string">1 action</castingtime>
				<components type="string">V, S</components>
				<description type="formattedtext">
					<p>For the duration, you know if there is an aberration, celestial, elemental, fey, fiend, or undead within 30 feet of you, as well as where the creature is located. Similarly, you know if there is a place or object within 30 feet of you that has been magically consecrated or desecrated.</p>
					<p>The spell can penetrate most barriers, but it is blocked by 1 foot of stone, 1 inch of common metal, a thin sheet of lead, or 3 feet of wood or dirt.</p>
				</description>
				<duration type="string">Concentration, up to 10 minutes</duration>
				<group type="string">Spells</group>
				<level type="number">1</level>
				<locked type="number">1</locked>
				<name type="string">Detect Evil and Good</name>
				<prepared type="number">1</prepared>
				<range type="string">Self</range>
				<school type="string">Divination</school>
				<source type="string">Cleric, Paladin</source>
			</id-00009>
			<id-00010>
				<actions>
				</actions>
				<cast type="number">0</cast>
				<castingtime type="string">1 action</castingtime>
				<components type="string">V, S</components>
				<description type="formattedtext">
					<p>For the duration, you sense the presence of magic within 30 feet of you. If you sense magic in this way, you can use your action to see a faint aura around any visible creature or object in the area that bears magic, and you learn its school of magic, if any.</p>
					<p>The spell can penetrate most barriers, but it is blocked by 1 foot of stone, 1 inch of common metal, a thin sheet of lead, or 3 feet of wood or dirt.</p>
				</description>
				<duration type="string">Concentration, up to 10 minutes</duration>
				<group type="string">Spells</group>
				<level type="number">1</level>
				<locked type="number">1</locked>
				<name type="string">Detect Magic</name>
				<prepared type="number">1</prepared>
				<range type="string">Self</range>
				<ritual type="number">1</ritual>
				<school type="string">Divination</school>
				<source type="string">Bard, Cleric, Druid, Eldritch Knight, Eldritch Invocations, Paladin, Ranger, Sorcerer, Wizard, Arcane Trickster</source>
			</id-00010>
			<id-00011>
				<actions>
					<id-00001>
						<heallist>
							<id-00001>
								<dice type="dice">d4</dice>
								<stat type="string">base</stat>
							</id-00001>
						</heallist>
						<order type="number">1</order>
						<type type="string">heal</type>
					</id-00001>
				</actions>
				<cast type="number">0</cast>
				<castingtime type="string">1 bonus action</castingtime>
				<components type="string">V</components>
				<description type="formattedtext">
					<p>A creature of your choice that you can see within range regains hit points equal to 1d4 + your spellcasting ability modifier. This spell has no effect on undead or constructs.</p>
					<p><b>At Higher Levels. </b>When you cast this spell using a spell slot of 2nd level or higher, the healing increases by 1d4 for each slot level above 1st.</p>
				</description>
				<duration type="string">Instantaneous</duration>
				<group type="string">Spells</group>
				<level type="number">1</level>
				<locked type="number">1</locked>
				<name type="string">Healing Word</name>
				<prepared type="number">1</prepared>
				<range type="string">60 feet</range>
				<ritual type="number">0</ritual>
				<school type="string">Evocation</school>
				<source type="string">Bard, Cleric, Druid</source>
			</id-00011>
			<id-00012>
				<actions>
					<id-00001>
						<durmod type="number">1</durmod>
						<durunit type="string">minute</durunit>
						<label type="string">NOTE: Sanctuary</label>
						<order type="number">1</order>
						<type type="string">effect</type>
					</id-00001>
				</actions>
				<cast type="number">0</cast>
				<castingtime type="string">1 bonus action</castingtime>
				<components type="string">V, S, M (a small silver mirror)</components>
				<description type="formattedtext">
					<p>You ward a creature within range against attack. Until the spell ends, any creature who targets the warded creature with an attack or a harmful spell must first make a Wisdom saving throw. On a failed save, the creature must choose a new target or lose the attack or spell. This spell doesn't protect the warded creature from area effects, such as the explosion of a fireball. If the warded creature makes an attack or casts a spell that affects an enemy creature, this spell ends.</p>
				</description>
				<duration type="string">1 minute</duration>
				<group type="string">Spells</group>
				<level type="number">1</level>
				<locked type="number">1</locked>
				<name type="string">Sanctuary</name>
				<prepared type="number">1</prepared>
				<range type="string">30 feet</range>
				<ritual type="number">0</ritual>
				<school type="string">Abjuration</school>
				<source type="string">Cleric, Monk</source>
			</id-00012>
			<id-00013>
				<actions>
					<id-00001>
						<durmod type="number">1</durmod>
						<durunit type="string">minute</durunit>
						<label type="string">ATK: 1d4; SAVE: 1d4; (C)</label>
						<order type="number">1</order>
						<type type="string">effect</type>
					</id-00001>
				</actions>
				<cast type="number">0</cast>
				<castingtime type="string">1 action</castingtime>
				<components type="string">V, S, M (a sprinkling of holy water)</components>
				<description type="formattedtext">
					<p>You bless up to three creatures of your choice within range. Whenever a target makes an attack roll or a saving throw before the spell ends, the target can roll a d4 and add the number rolled to the attack roll or saving throw.</p>
					<p><b>At Higher Levels. </b>When you cast this spell using a spell slot of 2nd level or higher, you can target one additional creature for each slot level above 1st.</p>
				</description>
				<duration type="string">Concentration, up to 1 minute</duration>
				<group type="string">Spells</group>
				<level type="number">1</level>
				<locked type="number">1</locked>
				<name type="string">Bless</name>
				<prepared type="number">1</prepared>
				<range type="string">30 feet</range>
				<ritual type="number">0</ritual>
				<school type="string">Enchantment</school>
				<source type="string">Cleric, Cleric Life Domain, Paladin</source>
			</id-00013>
			<id-00014>
				<actions>
				</actions>
				<cast type="number">0</cast>
				<castingtime type="string">1 action</castingtime>
				<components type="string">V, S</components>
				<description type="formattedtext">
					<p>For the duration, no sound can be created within or pass through a 20-foot-radius sphere centered on a point you choose within range. Any creature or object entirely inside the sphere is immune to thunder damage, and creatures are deafened while entirely inside it.</p>
					<p>Casting a spell that includes a verbal component is impossible there.</p>
				</description>
				<duration type="string">Concentration, up to 10 minutes</duration>
				<group type="string">Spells</group>
				<level type="number">2</level>
				<locked type="number">1</locked>
				<name type="string">Silence</name>
				<prepared type="number">1</prepared>
				<range type="string">120 feet</range>
				<ritual type="number">1</ritual>
				<school type="string">Illusion</school>
				<source type="string">Bard, Cleric, Druid Desert Circle, Monk, Ranger</source>
			</id-00014>
		</powers>
		<profbonus type="number">2</profbonus>
		<proficiencylist>
			<id-00001>
				<name type="string">Tool: Smiths Tools</name>
			</id-00001>
			<id-00002>
				<name type="string">Weapon: All simple weapons, Battleaxe, Handaxe, Lighthammer, Warhammer</name>
			</id-00002>
			<id-00003>
				<name type="string">Armor: All Armour, shields</name>
			</id-00003>
		</proficiencylist>
		<race type="string">Hill Dwarf</race>
		<racelink type="windowreference">
			<class>reference_race</class>
			<recordname>reference.racedata.dwarf@DD PHB Deluxe</recordname>
		</racelink>
		<senses type="string">Darkvision 60</senses>
		<size type="string">Medium</size>
		<skilllist>
			<id-00001>
				<name type="string">Perception</name>
				<stat type="string">wisdom</stat>
				<total type="number">3</total>
			</id-00001>
			<id-00002>
				<name type="string">Insight</name>
				<prof type="number">1</prof>
				<stat type="string">wisdom</stat>
				<total type="number">5</total>
			</id-00002>
			<id-00003>
				<name type="string">Persuasion</name>
				<prof type="number">1</prof>
				<stat type="string">charisma</stat>
				<total type="number">3</total>
			</id-00003>
			<id-00004>
				<name type="string">Arcana</name>
				<stat type="string">intelligence</stat>
			</id-00004>
			<id-00005>
				<name type="string">Nature</name>
				<stat type="string">intelligence</stat>
			</id-00005>
			<id-00006>
				<name type="string">Medicine</name>
				<stat type="string">wisdom</stat>
				<total type="number">3</total>
			</id-00006>
			<id-00007>
				<name type="string">Survival</name>
				<stat type="string">wisdom</stat>
				<total type="number">3</total>
			</id-00007>
			<id-00008>
				<name type="string">Performance</name>
				<stat type="string">charisma</stat>
				<total type="number">1</total>
			</id-00008>
			<id-00009>
				<name type="string">Acrobatics</name>
				<stat type="string">dexterity</stat>
				<total type="number">1</total>
			</id-00009>
			<id-00010>
				<name type="string">Religion</name>
				<prof type="number">1</prof>
				<stat type="string">intelligence</stat>
				<total type="number">2</total>
			</id-00010>
			<id-00011>
				<name type="string">Athletics</name>
				<stat type="string">strength</stat>
				<total type="number">2</total>
			</id-00011>
			<id-00012>
				<name type="string">Sleight of Hand</name>
				<stat type="string">dexterity</stat>
				<total type="number">1</total>
			</id-00012>
			<id-00013>
				<name type="string">Intimidation</name>
				<stat type="string">charisma</stat>
				<total type="number">1</total>
			</id-00013>
			<id-00014>
				<name type="string">Deception</name>
				<stat type="string">charisma</stat>
				<total type="number">1</total>
			</id-00014>
			<id-00015>
				<name type="string">Investigation</name>
				<stat type="string">intelligence</stat>
			</id-00015>
			<id-00016>
				<name type="string">Stealth</name>
				<stat type="string">dexterity</stat>
				<total type="number">1</total>
			</id-00016>
			<id-00017>
				<name type="string">History</name>
				<prof type="number">1</prof>
				<stat type="string">intelligence</stat>
				<total type="number">2</total>
			</id-00017>
			<id-00018>
				<name type="string">Animal Handling</name>
				<stat type="string">wisdom</stat>
				<total type="number">3</total>
			</id-00018>
		</skilllist>
		<speed>
			<armor type="number">0</armor>
			<base type="number">25</base>
			<misc type="number">0</misc>
			<temporary type="number">0</temporary>
			<total type="number">25</total>
		</speed>
		<temp>
		</temp>
		<token type="token"></token>
		<traitlist>
			<id-00001>
				<locked type="number">1</locked>
				<name type="string">Dwarven Resilience</name>
				<source type="string">Dwarf</source>
				<text type="formattedtext">
					<p>You have advantage on saving throws against poison, and you have resistance against poison damage (explained in chapter 9).</p>
				</text>
				<type type="string">racial</type>
			</id-00001>
			<id-00002>
				<locked type="number">1</locked>
				<name type="string">Stonecunning</name>
				<source type="string">Dwarf</source>
				<text type="formattedtext">
					<p>Whenever you make an Intelligence (History) check related to the origin of stonework, you are considered proficient in the History skill and add double your proficiency bonus to the check, instead of your normal proficiency bonus.</p>
				</text>
				<type type="string">racial</type>
			</id-00002>
			<id-00003>
				<locked type="number">1</locked>
				<name type="string">Dwarven Combat Training</name>
				<source type="string">Dwarf</source>
				<text type="formattedtext">
					<p>You have proficiency with the battleaxe, handaxe, light hammer, and warhammer.</p>
				</text>
				<type type="string">racial</type>
			</id-00003>
			<id-00004>
				<locked type="number">1</locked>
				<name type="string">Tool Proficiency</name>
				<source type="string">Dwarf</source>
				<text type="formattedtext">
					<p>You gain proficiency with the artisan's tools of your choice: smith's tools, brewer's supplies, or mason's tools.</p>
				</text>
				<type type="string">racial</type>
			</id-00004>
			<id-00005>
				<locked type="number">1</locked>
				<name type="string">Dwarven Toughness</name>
				<source type="string">Hill Dwarf</source>
				<text type="formattedtext">
					<p>Your hit point maximum increases by 1, and it increases by 1 every time you gain a level.</p>
				</text>
				<type type="string">subracial</type>
			</id-00005>
		</traitlist>
		<weaponlist>
			<id-00001>
				<carried type="number">2</carried>
				<damagelist>
					<id-00001>
						<dice type="dice">d8</dice>
						<stat type="string">base</stat>
						<type type="string">bludgeoning</type>
					</id-00001>
				</damagelist>
				<isidentified type="number">1</isidentified>
				<maxammo type="number">0</maxammo>
				<name type="string">Warhammer</name>
				<prof type="number">1</prof>
				<shortcut type="windowreference">
					<class>item</class>
					<recordname>....inventorylist.id-00004</recordname>
				</shortcut>
				<type type="number">0</type>
			</id-00001>
			<id-00002>
				<carried type="number">2</carried>
				<damagelist>
					<id-00001>
						<dice type="dice">d8</dice>
						<stat type="string">base</stat>
						<type type="string">piercing</type>
					</id-00001>
				</damagelist>
				<isidentified type="number">1</isidentified>
				<maxammo type="number">0</maxammo>
				<name type="string">Crossbow, Light</name>
				<prof type="number">1</prof>
				<shortcut type="windowreference">
					<class>item</class>
					<recordname>....inventorylist.id-00007</recordname>
				</shortcut>
				<type type="number">1</type>
			</id-00002>
			<id-00003>
				<carried type="number">1</carried>
				<damagelist>
					<id-00001>
						<dice type="dice">d10</dice>
						<stat type="string">base</stat>
						<type type="string">bludgeoning</type>
					</id-00001>
				</damagelist>
				<name type="string">Warhammer (2H)</name>
				<prof type="number">1</prof>
			</id-00003>
		</weaponlist>
		<weight type="string">220 lbs</weight>
	</character>
</root>
