<?xml version="1.0" encoding="iso-8859-1"?>
<root version="3.3" release="7|CoreRPG:3">
	<character>
		<abilities>
			<charisma>
				<bonus type="number">3</bonus>
				<save type="number">5</save>
				<savemodifier type="number">0</savemodifier>
				<saveprof type="number">1</saveprof>
				<score type="number">17</score>
			</charisma>
			<constitution>
				<bonus type="number">1</bonus>
				<save type="number">1</save>
				<savemodifier type="number">0</savemodifier>
				<saveprof type="number">0</saveprof>
				<score type="number">12</score>
			</constitution>
			<dexterity>
				<bonus type="number">3</bonus>
				<save type="number">5</save>
				<savemodifier type="number">0</savemodifier>
				<saveprof type="number">1</saveprof>
				<score type="number">16</score>
			</dexterity>
			<intelligence>
				<bonus type="number">2</bonus>
				<save type="number">2</save>
				<savemodifier type="number">0</savemodifier>
				<saveprof type="number">0</saveprof>
				<score type="number">14</score>
			</intelligence>
			<strength>
				<bonus type="number">0</bonus>
				<save type="number">0</save>
				<savemodifier type="number">0</savemodifier>
				<saveprof type="number">0</saveprof>
				<score type="number">10</score>
			</strength>
			<wisdom>
				<bonus type="number">2</bonus>
				<save type="number">2</save>
				<savemodifier type="number">0</savemodifier>
				<saveprof type="number">0</saveprof>
				<score type="number">14</score>
			</wisdom>
		</abilities>
		<age type="string">21</age>
		<alignment type="string">Neutral/Good</alignment>
		<background type="string">Entertainer</background>
		<backgroundlink type="windowreference">
			<class>reference_background</class>
			<recordname>reference.backgrounddata.entertainer@DD PHB Deluxe</recordname>
		</backgroundlink>
		<bonds type="string">I idolize a hero of the old tales and measure my deeds against that person's.</bonds>
		<classes>
			<id-00001>
				<casterlevelinvmult type="number">1</casterlevelinvmult>
				<casterpactmagic type="number">0</casterpactmagic>
				<hddie type="dice">d8</hddie>
				<hdused type="number">0</hdused>
				<level type="number">3</level>
				<name type="string">Bard</name>
				<shortcut type="windowreference">
					<class>reference_class</class>
					<recordname>reference.classdata.bard@DD PHB Deluxe</recordname>
				</shortcut>
			</id-00001>
		</classes>
		<coins>
			<slot1>
				<amount type="number">0</amount>
			</slot1>
			<slot2>
				<amount type="number">0</amount>
			</slot2>
			<slot3>
				<amount type="number">0</amount>
			</slot3>
			<slot4>
				<amount type="number">0</amount>
			</slot4>
			<slot5>
				<amount type="number">0</amount>
			</slot5>
			<slot6>
				<amount type="number">0</amount>
			</slot6>
		</coins>
		<defenses>
			<ac>
				<armor type="number">1</armor>
				<disstealth type="number">0</disstealth>
				<misc type="number">0</misc>
				<prof type="number">1</prof>
				<shield type="number">0</shield>
				<temporary type="number">0</temporary>
				<total type="number">14</total>
			</ac>
		</defenses>
		<encumbrance>
			<encumbered type="number">50</encumbered>
			<encumberedheavy type="number">100</encumberedheavy>
			<liftpushdrag type="number">300</liftpushdrag>
			<load type="number">55.05</load>
			<max type="number">150</max>
		</encumbrance>
		<exp type="number">0</exp>
		<expneeded type="number">0</expneeded>
		<featlist>
			<id-00001>
				<locked type="number">1</locked>
				<name type="string">Actor</name>
				<text type="formattedtext">
					<p>Skilled at mimicry and dramatics, you gain the following benefits:</p>
					<list>
						<li>Increase your Charisma score by 1, to a maximum of 20.</li>
						<li>You have advantage on Charisma (Deception) and Charisma (Performance) checks when trying to pass yourself off as a different person.</li>
						<li>You can mimic the speech of another person or the sounds made by other creatures. You must have heard the person speaking, or heard the creature make the sound, for at least 1 minute. A successful Wisdom (Insight) check contested by your Charisma (Deception) check allows a listener to determine that the effect is faked.</li>
					</list>
				</text>
			</id-00001>
		</featlist>
		<featurelist>
			<id-00001>
				<locked type="number">1</locked>
				<name type="string">By Popular Demand</name>
				<source type="string">Entertainer</source>
				<text type="formattedtext">
					<p>You can always find a place to perform, usually in an inn or tavern but possibly with a circus, at a theater, or even in a noble's court. At such a place, you receive free lodging and food of a modest or comfortable standard (depending on the quality of the establishment), as long as you perform each night. In addition, your performance makes you something of a local figure. When strangers recognize you in a town where you have performed, they typically take a liking to you.</p>
				</text>
			</id-00001>
			<id-00002>
				<level type="number">1</level>
				<locked type="number">1</locked>
				<name type="string">Spellcasting</name>
				<source type="string">Bard</source>
				<text type="formattedtext">
					<p>You have learned to untangle and reshape the fabric of reality in harmony with your wishes and music. Your spells are part of your vast repertoire, magic that you can tune to different situations. See chapter 10 for the general rules of spellcasting and chapter 11 for the bard spell list.</p>
					<linklist>
						<link class="reference_colindex" recordname="reference.spelllists.bard@DD PHB Deluxe">Bard Spells</link>
					</linklist>
					<p><b>Cantrips</b></p>
					<p>You know two cantrips of your choice from the bard spell list. You learn additional bard cantrips of your choice at higher levels, as shown in the Cantrips Known column of the Bard table.</p>
					<p><b>Spell Slots</b></p>
					<p>The Bard table shows how many spell slots you have to cast your spells of 1st level and higher. To cast one of these spells, you must expend a slot of the spell's level or higher. You must finish a long rest to regain any expended spell slots.</p>
					<p>For example, if you know the 1st-level spell cure wounds and have a 1st-level and a 2nd-level spell slot available, you can cast cure wounds using either slot.</p>
					<p><b>Spells Known of 1st Level and Higher</b></p>
					<p>You know four 1st-level spells of your choice from the bard spell list.</p>
					<p>The Spells Known column of the Bard table shows when you learn more bard spells of your choice. Each of these spells must be of a level for which you have spell slots, as shown on the table. For instance, when you reach 3rd level in this class, you can learn one new spell of 1st or 2nd level.</p>
					<p>Additionally, when you gain a level in this class, you can choose one of the spells you know and replace it with another spell from the bard spell list, which must be of a level for which you have spell slots, as shown on the table.</p>
					<p><b>Spellcasting Ability</b></p>
					<p>Charisma is your spellcasting ability for your bard spells, since the power of your magic comes from the heart and soul you pour into the performance of your music or oration. You use your Charisma whenever a spell refers to your spellcasting ability. In addition, you use your Charisma modifier when setting the saving throw DC for a bard spell you cast and when making an attack roll with one.</p>
					<p><b>Spell Save DC </b>= 8 + your proficiency bonus + your Charisma modifier</p>
					<p><b>Spell Attack modifier </b>= your proficiency bonus + your Charisma modifier</p>
					<p><b>Ritual Casting</b></p>
					<p>You can cast any bard spell you know as a ritual if that spell has the ritual tag. To cast a spell as a ritual, you must add 10 minutes to the spell's casting time, as normal.</p>
					<p><b>Spellcasting Focus</b></p>
					<p>You can use a musical instrument as the material component for a bard spell, as described in chapter 10.</p>
				</text>
			</id-00002>
			<id-00003>
				<level type="number">1</level>
				<locked type="number">1</locked>
				<name type="string">Bardic Inspiration</name>
				<source type="string">Bard</source>
				<text type="formattedtext">
					<p>You can inspire others through stirring words or music. To do so, you use a bonus action on your turn to choose one creature other than yourself within 60 feet of you who can hear you. That creature gains one Bardic Inspiration die, a d6.</p>
					<p>Once within the next 10 minutes, the creature can roll the die and add the number rolled to one ability check, attack roll, or saving throw that it just made. The creature can wait until after it rolls the die for the ability check, attack roll, or saving throw, but before the DM says whether or not it succeeds or fails before deciding to use the Bardic Inspiration die. Once the Bardic Inspiration die is rolled, it is lost. A creature can have only one Bardic Inspiration die at a time.</p>
					<p>You can use this feature a number of times equal to your Charisma modifier (a minimum of once). You regain any expended uses when you finish a long rest.</p>
					<p>Your Bardic Inspiration die changes when you reach certain levels in this class. The die becomes a d8 at 5th level, a d10 at 10th level, and a d12 at 15th level.</p>
				</text>
			</id-00003>
			<id-00004>
				<level type="number">2</level>
				<locked type="number">1</locked>
				<name type="string">Song of Rest</name>
				<source type="string">Bard</source>
				<text type="formattedtext">
					<p>Beginning at 2nd level, you can use soothing music or oration to help revitalize your wounded allies during a short rest. If you or any friendly creature who can hear your performance regains any hit points during the short rest, that creature regains 1d6 extra hit points at the end of the rest. A creature regains the extra hit points only if it spends one or more Hit Dice at the end of the short rest.</p>
					<p>The extra hit points increase when you reach certain levels in this class: 1d8 at 9th level, 1d10 at 13th level, and 1d12 at 17th level.</p>
				</text>
			</id-00004>
			<id-00005>
				<level type="number">2</level>
				<locked type="number">1</locked>
				<name type="string">Jack of All Trades</name>
				<source type="string">Bard</source>
				<text type="formattedtext">
					<p>Starting at 2nd level, you can add half your proficiency bonus, rounded down, to any ability check you make that doesn't already include that bonus.</p>
				</text>
			</id-00005>
			<id-00006>
				<level type="number">1</level>
				<locked type="number">1</locked>
				<name type="string">College of Lore</name>
				<source type="string">Bard</source>
				<text type="formattedtext">
					<p>Bards of the College of Lore know something about everything, collecting bits of knowledge from sources as diverse as ancient tomes and peasant tales. Whether singing folk ballads in taverns or elaborate compositions in royal courts, these bards use their gifts to hold audiences spellbound. When the applause dies down, the audience members might find themselves questioning everything they held to be true, from their faith in the priesthood of the local temple to their loyalty to the king.</p>
					<p>The loyalty of these bards lies in the pursuit of beauty and truth, not in fealty to a monarch or following the tenets of a deity. A noble who keeps such a bard as a herald or adviser knows that the bard would rather be honest than politic.</p>
					<p>The college's members gather in libraries and sometimes in actual colleges, complete with classrooms and dormitories, to share their lore with one another. They also meet at festivals or affairs of state, where they can expose corruption, unravel lies, and poke fun at self important figures of authority.</p>
					<h>Features</h>
					<linklist>
						<link class="reference_classfeature" recordname="reference.classdata.bard.features.bonusproficiencies_lore_3@DD PHB Deluxe">Bonus Proficiencies (Lore)</link>
						<link class="reference_classfeature" recordname="reference.classdata.bard.features.cuttingwords3@DD PHB Deluxe">Cutting Words</link>
						<link class="reference_classfeature" recordname="reference.classdata.bard.features.additionalmagicalsecrets6@DD PHB Deluxe">Additional Magical Secrets</link>
						<link class="reference_classfeature" recordname="reference.classdata.bard.features.peerlessskill14@DD PHB Deluxe">Peerless Skill</link>
					</linklist>
				</text>
			</id-00006>
			<id-00007>
				<level type="number">3</level>
				<locked type="number">1</locked>
				<name type="string">Cutting Words</name>
				<source type="string">Bard</source>
				<specialization type="string">College of Lore</specialization>
				<text type="formattedtext">
					<p>When you join the College of Lore at 3rd level, you learn how to use your wit to distract, confuse, and otherwise sap the confidence and competence of others.</p>
					<p>When a creature that you can see within 60 feet of you makes an attack roll, an ability check, or a damage roll, you can use your reaction to expend one of your uses of Bardic Inspiration, rolling a Bardic Inspiration die and subtracting the number rolled from the creature's roll. You can choose to use this feature after the creature makes its roll, but before the DM determines whether the attack roll or ability check succeeds or fails, or before the creature deals its damage. The creature is immune if it can't hear you or if it's immune to being charmed.</p>
				</text>
			</id-00007>
			<id-00008>
				<level type="number">3</level>
				<locked type="number">1</locked>
				<name type="string">Bonus Proficiencies (Lore)</name>
				<source type="string">Bard</source>
				<specialization type="string">College of Lore</specialization>
				<text type="formattedtext">
					<p>When you join the College of Lore at 3rd level, you gain proficiency with three skills of your choice.</p>
				</text>
			</id-00008>
			<id-00009>
				<level type="number">3</level>
				<locked type="number">1</locked>
				<name type="string">Expertise</name>
				<source type="string">Bard</source>
				<text type="formattedtext">
					<p>At 3rd level, choose two of your skill proficiencies. Your proficiency bonus is doubled for any ability check you make that involves one of the chosen proficiencies.</p>
					<p>At 10th level, you can choose another two skill proficiencies to gain this benefit.</p>
				</text>
			</id-00009>
		</featurelist>
		<flaws type="string">I have trouble keeping my true feelings hidden. My sharp tongue lands me in trouble.</flaws>
		<gender type="string">Male</gender>
		<height type="string">5'11&#34;</height>
		<hp>
			<temporary type="number">0</temporary>
			<total type="number">21</total>
			<wounds type="number">0</wounds>
		</hp>
		<ideals type="string">Beauty. When I perform, I make the world better than it was. (Good)</ideals>
		<initiative>
			<misc type="number">0</misc>
			<temporary type="number">0</temporary>
			<total type="number">3</total>
		</initiative>
		<inventorylist>
			<id-00001>
				<carried type="number">2</carried>
				<cost type="string">25 gp</cost>
				<count type="number">1</count>
				<damage type="string">1d8 piercing</damage>
				<isidentified type="number">1</isidentified>
				<locked type="number">1</locked>
				<name type="string">Crossbow, Light</name>
				<properties type="string">Ammunition (range 80/320), loading, two-handed</properties>
				<subtype type="string">Simple Ranged Weapons</subtype>
				<type type="string">Weapon</type>
				<weight type="number">5</weight>
			</id-00001>
			<id-00002>
				<carried type="number">1</carried>
				<cost type="string">1 gp</cost>
				<count type="number">1</count>
				<isidentified type="number">1</isidentified>
				<locked type="number">1</locked>
				<name type="string">Bedroll</name>
				<subtype type="string">Standard</subtype>
				<type type="string">Adventuring Gear</type>
				<weight type="number">7</weight>
			</id-00002>
			<id-00003>
				<carried type="number">1</carried>
				<cost type="string">5 gp</cost>
				<count type="number">2</count>
				<isidentified type="number">1</isidentified>
				<locked type="number">1</locked>
				<name type="string">Clothes, Costume</name>
				<subtype type="string">Standard</subtype>
				<type type="string">Adventuring Gear</type>
				<weight type="number">4</weight>
			</id-00003>
			<id-00004>
				<carried type="number">1</carried>
				<cost type="string">5 sp</cost>
				<count type="number">5</count>
				<description type="formattedtext">
					<p>Rations consist of dry foods suitable for extended travel, including jerky, dried fruit, hardtack, and nuts.</p>
				</description>
				<isidentified type="number">1</isidentified>
				<locked type="number">1</locked>
				<name type="string">Rations (1 Day)</name>
				<subtype type="string">Standard</subtype>
				<type type="string">Adventuring Gear</type>
				<weight type="number">2</weight>
			</id-00004>
			<id-00005>
				<carried type="number">1</carried>
				<cost type="string">2 sp</cost>
				<count type="number">1</count>
				<isidentified type="number">1</isidentified>
				<locked type="number">1</locked>
				<name type="string">Waterskin</name>
				<subtype type="string">Standard</subtype>
				<type type="string">Adventuring Gear</type>
				<weight type="number">5</weight>
			</id-00005>
			<id-00006>
				<carried type="number">1</carried>
				<cost type="string">25 gp</cost>
				<count type="number">1</count>
				<description type="formattedtext">
					<p>This pouch of cosmetics, hair dye, and small props lets you create disguises that change your physical appearance. Proficiency with this kit lets you add your proficiency bonus to any ability checks you make to create a visual disguise.</p>
				</description>
				<isidentified type="number">1</isidentified>
				<locked type="number">1</locked>
				<name type="string">Disguise Kit</name>
				<subtype type="string">Kits / Sets</subtype>
				<type type="string">Tools</type>
				<weight type="number">3</weight>
			</id-00006>
			<id-00007>
				<carried type="number">1</carried>
				<cost type="string">1 cp</cost>
				<count type="number">5</count>
				<description type="formattedtext">
					<p>For 1 hour, a candle sheds bright light in a 5-foot radius and dim light for an additional 5 feet.</p>
				</description>
				<isidentified type="number">1</isidentified>
				<locked type="number">1</locked>
				<name type="string">Candle</name>
				<subtype type="string">Standard</subtype>
				<type type="string">Adventuring Gear</type>
				<weight type="number">0.01</weight>
			</id-00007>
			<id-00008>
				<carried type="number">1</carried>
				<cost type="string">2 gp</cost>
				<count type="number">1</count>
				<isidentified type="number">1</isidentified>
				<locked type="number">1</locked>
				<name type="string">Backpack (Empty)</name>
				<subtype type="string">Standard</subtype>
				<type type="string">Adventuring Gear</type>
				<weight type="number">5</weight>
			</id-00008>
			<id-00010>
				<carried type="number">1</carried>
				<cost type="string">2 gp</cost>
				<count type="number">1</count>
				<description type="formattedtext">
					<p>Several of the most common types of musical instruments are shown on the table as examples. If you have proficiency with a given musical instrument, you can add your proficiency bonus to any ability checks you make to play music with the instrument. A bard can use a musical instrument as a spellcasting focus, as described in Part 3: The Rules of Magic, Casting a Spell. Each type of musical instrument requires a separate proficiency.</p>
				</description>
				<isidentified type="number">1</isidentified>
				<locked type="number">1</locked>
				<name type="string">Flute</name>
				<subtype type="string">Musical Instrument</subtype>
				<type type="string">Tools</type>
				<weight type="number">1</weight>
			</id-00010>
			<id-00011>
				<ac type="number">11</ac>
				<bonus type="number">0</bonus>
				<carried type="number">2</carried>
				<cost type="string">10 gp</cost>
				<count type="number">1</count>
				<description type="formattedtext">
					<p>Made from supple and thin materials, light armor favors agile adventurers since it offers some protection without sacrificing mobility. If you wear light armor, you add your Dexterity modifier to the base number from your armor type to determine your Armor Class.</p>
					<p>The breastplate and shoulder protectors of this armor are made of leather that has been stiffened by being boiled in oil. The rest of the armor is made of softer and more flexible materials.</p>
				</description>
				<dexbonus type="string">Yes</dexbonus>
				<isidentified type="number">1</isidentified>
				<locked type="number">1</locked>
				<name type="string">Leather</name>
				<stealth type="string">-</stealth>
				<strength type="string">-</strength>
				<subtype type="string">Light Armor</subtype>
				<type type="string">Armor</type>
				<weight type="number">10</weight>
			</id-00011>
			<id-00012>
				<carried type="number">2</carried>
				<cost type="string">2 gp</cost>
				<count type="number">1</count>
				<damage type="string">1d4 piercing</damage>
				<isidentified type="number">1</isidentified>
				<locked type="number">1</locked>
				<name type="string">Dagger</name>
				<properties type="string">Finesse, light, thrown (range 20/60)</properties>
				<subtype type="string">Simple Melee Weapons</subtype>
				<type type="string">Weapon</type>
				<weight type="number">1</weight>
			</id-00012>
		</inventorylist>
		<languagelist>
			<id-00001>
				<name type="string">Common </name>
			</id-00001>
			<id-00002>
				<name type="string">Elvish</name>
			</id-00002>
		</languagelist>
		<level type="number">3</level>
		<name type="string">Human-Variant Bard lore</name>
		<perception type="number">13</perception>
		<perceptionmodifier type="number">0</perceptionmodifier>
		<personalitytraits type="string">I'm a hopeless romantic, always searching for that &#34;special someone.&#34;</personalitytraits>
		<powergroup>
			<id-00001>
				<castertype type="string">memorization</castertype>
				<name type="string">Spells</name>
				<stat type="string">charisma</stat>
			</id-00001>
		</powergroup>
		<powermeta>
			<pactmagicslots1>
				<max type="number">0</max>
			</pactmagicslots1>
			<pactmagicslots2>
				<max type="number">0</max>
			</pactmagicslots2>
			<pactmagicslots3>
				<max type="number">0</max>
			</pactmagicslots3>
			<pactmagicslots4>
				<max type="number">0</max>
			</pactmagicslots4>
			<pactmagicslots5>
				<max type="number">0</max>
			</pactmagicslots5>
			<pactmagicslots6>
				<max type="number">0</max>
			</pactmagicslots6>
			<pactmagicslots7>
				<max type="number">0</max>
			</pactmagicslots7>
			<pactmagicslots8>
				<max type="number">0</max>
			</pactmagicslots8>
			<pactmagicslots9>
				<max type="number">0</max>
			</pactmagicslots9>
			<spellslots1>
				<max type="number">4</max>
			</spellslots1>
			<spellslots2>
				<max type="number">2</max>
			</spellslots2>
			<spellslots3>
				<max type="number">0</max>
			</spellslots3>
			<spellslots4>
				<max type="number">0</max>
			</spellslots4>
			<spellslots5>
				<max type="number">0</max>
			</spellslots5>
			<spellslots6>
				<max type="number">0</max>
			</spellslots6>
			<spellslots7>
				<max type="number">0</max>
			</spellslots7>
			<spellslots8>
				<max type="number">0</max>
			</spellslots8>
			<spellslots9>
				<max type="number">0</max>
			</spellslots9>
		</powermeta>
		<powers>
			<id-00001>
				<actions>
					<id-00001>
						<order type="number">1</order>
						<savetype type="string">wisdom</savetype>
						<type type="string">cast</type>
					</id-00001>
					<id-00002>
						<damagelist>
							<id-00001>
								<bonus type="number">0</bonus>
								<dice type="dice">d4</dice>
								<type type="string">psychic</type>
							</id-00001>
						</damagelist>
						<order type="number">2</order>
						<type type="string">damage</type>
					</id-00002>
				</actions>
				<cast type="number">0</cast>
				<castingtime type="string">1 action</castingtime>
				<components type="string">V</components>
				<description type="formattedtext">
					<p>You unleash a string of insults laced with subtle enchantments at a creature you can see within range. If the target can hear you (though it need not understand you), it must succeed on a Wisdom saving throw or take 1d4 psychic damage and have disadvantage on the next attack roll it makes before the end of its next turn. This spell's damage increases by 1d4 when you reach 5th level (2d4), 11th level (3d4), and 17th level (4d4).</p>
				</description>
				<duration type="string">Instantaneous</duration>
				<group type="string">Spells</group>
				<level type="number">0</level>
				<locked type="number">1</locked>
				<name type="string">Vicious Mockery</name>
				<prepared type="number">0</prepared>
				<range type="string">60 feet</range>
				<school type="string">Enchantment</school>
				<source type="string">Bard</source>
			</id-00001>
			<id-00002>
				<actions>
					<id-00001>
						<durmod type="number">1</durmod>
						<durunit type="string">minute</durunit>
						<label type="string">ADVCHK: charisma; (C)</label>
						<order type="number">1</order>
						<type type="string">effect</type>
					</id-00001>
				</actions>
				<cast type="number">0</cast>
				<castingtime type="string">1 action</castingtime>
				<components type="string">S, M (a small amount of makeup applied to the face as this spell is cast)</components>
				<description type="formattedtext">
					<p>For the duration, you have advantage on all Charisma checks directed at one creature of your choice that isn't hostile toward you. When the spell ends, the creature realizes that you used magic to influence its mood and becomes hostile toward you. A creature prone to violence might attack you. Another creature might seek retribution in other ways (at the DM's discretion), depending on the nature of your interaction with it.</p>
				</description>
				<duration type="string">Concentration, up to 1 minute</duration>
				<group type="string">Spells</group>
				<level type="number">0</level>
				<locked type="number">1</locked>
				<name type="string">Friends</name>
				<prepared type="number">0</prepared>
				<range type="string">Self</range>
				<school type="string">Enchantment</school>
				<source type="string">Bard, Eldritch Knight, Sorcerer, Warlock, Wizard, Arcane Trickster</source>
			</id-00002>
			<id-00003>
				<actions>
					<id-00001>
						<order type="number">1</order>
						<savetype type="string">wisdom</savetype>
						<type type="string">cast</type>
					</id-00001>
					<id-00002>
						<durmod type="number">1</durmod>
						<durunit type="string">hour</durunit>
						<label type="string">Charmed</label>
						<order type="number">2</order>
						<type type="string">effect</type>
					</id-00002>
				</actions>
				<cast type="number">0</cast>
				<castingtime type="string">1 action</castingtime>
				<components type="string">V, S</components>
				<description type="formattedtext">
					<p>You attempt to charm a humanoid you can see within range. It must make a Wisdom saving throw, and does so with advantage if you or your companions are fighting it. If it fails the saving throw, it is charmed by you until the spell ends or until you or your companions do anything harmful to it. The charmed creature regards you as a friendly acquaintance. When the spell ends, the creature knows it was charmed by you.</p>
					<p><b>At Higher Levels. </b>When you cast this spell using a spell slot of 2nd level or higher, you can target one additional creature for each slot level above 1st. The creatures must be within 30 feet of each other when you target them.</p>
				</description>
				<duration type="string">1 hour</duration>
				<group type="string">Spells</group>
				<level type="number">1</level>
				<locked type="number">1</locked>
				<name type="string">Charm Person</name>
				<prepared type="number">0</prepared>
				<range type="string">30 feet</range>
				<school type="string">Enchantment</school>
				<source type="string">Bard, Cleric Trickery Domain, Druid, Eldritch Knight, Sorcerer, Warlock, Wizard, Arcane Trickster</source>
			</id-00003>
			<id-00004>
				<actions>
					<id-00001>
						<heallist>
							<id-00001>
								<bonus type="number">0</bonus>
								<dice type="dice">d8</dice>
								<stat type="string">base</stat>
							</id-00001>
						</heallist>
						<order type="number">1</order>
						<type type="string">heal</type>
					</id-00001>
				</actions>
				<cast type="number">0</cast>
				<castingtime type="string">1 action</castingtime>
				<components type="string">V, S</components>
				<description type="formattedtext">
					<p>A creature you touch regains a number of hit points equal to 1d8 + your spellcasting ability modifier. This spell has no effect on undead or constructs.</p>
					<p><b>At Higher Levels. </b>When you cast this spell using a spell slot of 2nd level or higher, the healing increases by 1d8 for each slot level above 1st.</p>
				</description>
				<duration type="string">Instantaneous</duration>
				<group type="string">Spells</group>
				<level type="number">1</level>
				<locked type="number">1</locked>
				<name type="string">Cure Wounds</name>
				<prepared type="number">0</prepared>
				<range type="string">Touch</range>
				<school type="string">Evocation</school>
				<source type="string">Bard, Cleric, Cleric Life Domain, Druid, Paladin, Ranger</source>
			</id-00004>
			<id-00005>
				<actions>
					<id-00001>
						<order type="number">1</order>
						<savetype type="string">dexterity</savetype>
						<type type="string">cast</type>
					</id-00001>
				</actions>
				<cast type="number">0</cast>
				<castingtime type="string">1 action</castingtime>
				<components type="string">V</components>
				<description type="formattedtext">
					<p>Each object in a 20-foot cube within range is outlined in blue, green, or violet light (your choice). Any creature in the area when the spell is cast is also outlined in light if it fails a Dexterity saving throw. For the duration, objects and affected creatures shed dim light in a 10-foot radius. Any attack roll against an affected creature or object has advantage if the attacker can see it, and the affected creature or object can't benefit from being invisible.</p>
				</description>
				<duration type="string">Concentration, up to 1 minute</duration>
				<group type="string">Spells</group>
				<level type="number">1</level>
				<locked type="number">1</locked>
				<name type="string">Faerie Fire</name>
				<prepared type="number">0</prepared>
				<range type="string">60 feet</range>
				<school type="string">Evocation</school>
				<source type="string">Bard, Cleric Light Domain, Druid, Warlock (Archfey)</source>
			</id-00005>
			<id-00006>
				<actions>
					<id-00001>
						<onmissdamage type="string">half</onmissdamage>
						<order type="number">1</order>
						<savetype type="string">wisdom</savetype>
						<type type="string">cast</type>
					</id-00001>
					<id-00002>
						<damagelist>
							<id-00001>
								<bonus type="number">0</bonus>
								<dice type="dice">d6,d6,d6</dice>
								<type type="string">psychic</type>
							</id-00001>
						</damagelist>
						<order type="number">2</order>
						<type type="string">damage</type>
					</id-00002>
				</actions>
				<cast type="number">0</cast>
				<castingtime type="string">1 action</castingtime>
				<components type="string">V</components>
				<description type="formattedtext">
					<p>You whisper a discordant melody that only one creature of your choice within range can hear, wracking it with terrible pain. The target must make a Wisdom saving throw. On a failed save, it takes 3d6 psychic damage and must immediately use its reaction, if available, to move as far as its speed allows away from you. The creature doesn't move into obviously dangerous ground, such as a fire or a pit. On a successful save, the target takes half as much damage and doesn't have to move away. A deafened creature automatically succeeds on the save.</p>
					<p><b>At Higher Levels. </b>When you cast this spell using a spell slot of 2nd level or higher, the damage increases by 1d6 for each slot level above 1st.</p>
				</description>
				<duration type="string">Instantaneous</duration>
				<group type="string">Spells</group>
				<level type="number">1</level>
				<locked type="number">1</locked>
				<name type="string">Dissonant Whispers</name>
				<prepared type="number">0</prepared>
				<range type="string">60 feet</range>
				<school type="string">Enchantment</school>
				<source type="string">Bard, Warlock (Great Old One)</source>
			</id-00006>
			<id-00007>
				<actions>
					<id-00001>
						<durmod type="number">1</durmod>
						<durunit type="string">hour</durunit>
						<label type="string">Invisible; (C)</label>
						<order type="number">1</order>
						<type type="string">effect</type>
					</id-00001>
				</actions>
				<cast type="number">0</cast>
				<castingtime type="string">1 action</castingtime>
				<components type="string">V, S, M (an eyelash encased in gum arabic)</components>
				<description type="formattedtext">
					<p>A creature you touch becomes invisible until the spell ends. Anything the target is wearing or carrying is invisible as long as it is on the target's person. The spell ends for a target that attacks or casts a spell.</p>
					<p><b>At Higher Levels. </b>When you cast this spell using a spell slot of 3rd level or higher, you can target one additional creature for each slot level above 2nd.</p>
				</description>
				<duration type="string">Concentration, up to 1 hour</duration>
				<group type="string">Spells</group>
				<level type="number">2</level>
				<locked type="number">1</locked>
				<name type="string">Invisibility</name>
				<prepared type="number">0</prepared>
				<range type="string">Touch</range>
				<school type="string">Illusion</school>
				<source type="string">Bard, Druid Grassland Circle, Eldritch Knight, Sorcerer, Warlock, Wizard, Arcane Trickster</source>
			</id-00007>
			<id-00008>
				<actions>
					<id-00001>
						<order type="number">1</order>
						<savetype type="string">wisdom</savetype>
						<type type="string">cast</type>
					</id-00001>
				</actions>
				<cast type="number">0</cast>
				<castingtime type="string">1 action</castingtime>
				<components type="string">V, S</components>
				<description type="formattedtext">
					<p>You weave a distracting string of words, causing creatures of your choice that you can see within range and that can hear you to make a Wisdom saving throw. Any creature that can't be charmed succeeds on this saving throw automatically, and if you or your companions are fighting a creature, it has advantage on the save. On a failed save, the target has disadvantage on Wisdom (Perception) checks made to perceive any creature other than you until the spell ends or until the target can no longer hear you. The spell ends if you are incapacitated or can no longer speak.</p>
				</description>
				<duration type="string">1 minute</duration>
				<group type="string">Spells</group>
				<level type="number">2</level>
				<locked type="number">1</locked>
				<name type="string">Enthrall</name>
				<prepared type="number">0</prepared>
				<range type="string">60 feet</range>
				<ritual type="number">0</ritual>
				<school type="string">Enchantment</school>
				<source type="string">Bard, Warlock</source>
			</id-00008>
		</powers>
		<profbonus type="number">2</profbonus>
		<proficiencylist>
			<id-00001>
				<name type="string">Tool: Disguise kit, one type of musical instrument</name>
			</id-00001>
			<id-00002>
				<name type="string">Weapon: Simple weapons, hand crossbows, longswords, rapiers, shortswords</name>
			</id-00002>
			<id-00003>
				<name type="string">Tool: Three musical instruments of your choice</name>
			</id-00003>
			<id-00004>
				<name type="string">Armor: Light armor</name>
			</id-00004>
		</proficiencylist>
		<race type="string">Human-Variant</race>
		<racelink type="windowreference">
			<class>reference_race</class>
			<recordname>reference.racedata.human_variant@DD PHB Deluxe</recordname>
		</racelink>
		<size type="string">Medium</size>
		<skilllist>
			<id-00001>
				<misc type="number">0</misc>
				<name type="string">Perception</name>
				<prof type="number">3</prof>
				<stat type="string">wisdom</stat>
				<total type="number">3</total>
			</id-00001>
			<id-00002>
				<misc type="number">0</misc>
				<name type="string">Acrobatics</name>
				<prof type="number">1</prof>
				<stat type="string">dexterity</stat>
				<total type="number">5</total>
			</id-00002>
			<id-00003>
				<misc type="number">0</misc>
				<name type="string">Performance</name>
				<prof type="number">2</prof>
				<stat type="string">charisma</stat>
				<total type="number">7</total>
			</id-00003>
			<id-00004>
				<misc type="number">0</misc>
				<name type="string">Arcana</name>
				<prof type="number">2</prof>
				<stat type="string">intelligence</stat>
				<total type="number">6</total>
			</id-00004>
			<id-00005>
				<misc type="number">0</misc>
				<name type="string">Persuasion</name>
				<prof type="number">1</prof>
				<stat type="string">charisma</stat>
				<total type="number">5</total>
			</id-00005>
			<id-00006>
				<misc type="number">0</misc>
				<name type="string">Nature</name>
				<prof type="number">3</prof>
				<stat type="string">intelligence</stat>
				<total type="number">3</total>
			</id-00006>
			<id-00007>
				<misc type="number">0</misc>
				<name type="string">Medicine</name>
				<prof type="number">3</prof>
				<stat type="string">wisdom</stat>
				<total type="number">3</total>
			</id-00007>
			<id-00008>
				<misc type="number">0</misc>
				<name type="string">Survival</name>
				<prof type="number">3</prof>
				<stat type="string">wisdom</stat>
				<total type="number">3</total>
			</id-00008>
			<id-00009>
				<misc type="number">0</misc>
				<name type="string">Religion</name>
				<prof type="number">3</prof>
				<stat type="string">intelligence</stat>
				<total type="number">3</total>
			</id-00009>
			<id-00010>
				<misc type="number">0</misc>
				<name type="string">Athletics</name>
				<prof type="number">3</prof>
				<stat type="string">strength</stat>
				<total type="number">1</total>
			</id-00010>
			<id-00011>
				<misc type="number">0</misc>
				<name type="string">Sleight of Hand</name>
				<prof type="number">3</prof>
				<stat type="string">dexterity</stat>
				<total type="number">4</total>
			</id-00011>
			<id-00012>
				<misc type="number">0</misc>
				<name type="string">Insight</name>
				<prof type="number">3</prof>
				<stat type="string">wisdom</stat>
				<total type="number">3</total>
			</id-00012>
			<id-00013>
				<misc type="number">0</misc>
				<name type="string">Intimidation</name>
				<prof type="number">3</prof>
				<stat type="string">charisma</stat>
				<total type="number">4</total>
			</id-00013>
			<id-00014>
				<misc type="number">0</misc>
				<name type="string">Deception</name>
				<prof type="number">1</prof>
				<stat type="string">charisma</stat>
				<total type="number">5</total>
			</id-00014>
			<id-00015>
				<misc type="number">0</misc>
				<name type="string">Investigation</name>
				<prof type="number">3</prof>
				<stat type="string">intelligence</stat>
				<total type="number">3</total>
			</id-00015>
			<id-00016>
				<misc type="number">0</misc>
				<name type="string">Stealth</name>
				<prof type="number">3</prof>
				<stat type="string">dexterity</stat>
				<total type="number">4</total>
			</id-00016>
			<id-00017>
				<misc type="number">0</misc>
				<name type="string">History</name>
				<prof type="number">3</prof>
				<stat type="string">intelligence</stat>
				<total type="number">3</total>
			</id-00017>
			<id-00018>
				<misc type="number">0</misc>
				<name type="string">Animal Handling</name>
				<prof type="number">3</prof>
				<stat type="string">wisdom</stat>
				<total type="number">3</total>
			</id-00018>
		</skilllist>
		<speed>
			<armor type="number">0</armor>
			<base type="number">30</base>
			<misc type="number">0</misc>
			<temporary type="number">0</temporary>
			<total type="number">30</total>
		</speed>
		<temp>
		</temp>
		<token type="token"></token>
		<traitlist>
			<id-00001>
				<locked type="number">1</locked>
				<name type="string">Skills</name>
				<source type="string">Human-Variant</source>
				<text type="formattedtext">
					<p>You gain proficiency in one skill of your choice.</p>
				</text>
				<type type="string">racial</type>
			</id-00001>
			<id-00002>
				<locked type="number">1</locked>
				<name type="string">Feat</name>
				<source type="string">Human-Variant</source>
				<text type="formattedtext">
					<p>You gain one feat of your choice.</p>
				</text>
				<type type="string">racial</type>
			</id-00002>
		</traitlist>
		<weaponlist>
			<id-00001>
				<attackbonus type="number">0</attackbonus>
				<carried type="number">2</carried>
				<damagelist>
					<id-00001>
						<bonus type="number">0</bonus>
						<dice type="dice">d8</dice>
						<stat type="string">base</stat>
						<type type="string">piercing</type>
					</id-00001>
				</damagelist>
				<isidentified type="number">1</isidentified>
				<maxammo type="number">0</maxammo>
				<name type="string">Crossbow, Light</name>
				<prof type="number">1</prof>
				<shortcut type="windowreference">
					<class>item</class>
					<recordname>....inventorylist.id-00001</recordname>
				</shortcut>
				<type type="number">1</type>
			</id-00001>
			<id-00002>
				<attackbonus type="number">0</attackbonus>
				<attackstat type="string">dexterity</attackstat>
				<carried type="number">2</carried>
				<damagelist>
					<id-00001>
						<bonus type="number">0</bonus>
						<dice type="dice">d4</dice>
						<stat type="string">dexterity</stat>
						<type type="string">piercing</type>
					</id-00001>
				</damagelist>
				<isidentified type="number">1</isidentified>
				<maxammo type="number">0</maxammo>
				<name type="string">Dagger</name>
				<prof type="number">1</prof>
				<shortcut type="windowreference">
					<class>item</class>
					<recordname>....inventorylist.id-00012</recordname>
				</shortcut>
				<type type="number">0</type>
			</id-00002>
			<id-00003>
				<attackbonus type="number">0</attackbonus>
				<attackstat type="string">dexterity</attackstat>
				<carried type="number">2</carried>
				<damagelist>
					<id-00001>
						<bonus type="number">0</bonus>
						<dice type="dice">d4</dice>
						<stat type="string">dexterity</stat>
						<type type="string">piercing</type>
					</id-00001>
				</damagelist>
				<isidentified type="number">1</isidentified>
				<maxammo type="number">0</maxammo>
				<name type="string">Dagger</name>
				<prof type="number">1</prof>
				<shortcut type="windowreference">
					<class>item</class>
					<recordname>....inventorylist.id-00012</recordname>
				</shortcut>
				<type type="number">2</type>
			</id-00003>
		</weaponlist>
		<weight type="string">185</weight>
	</character>
</root>
