<?xml version="1.0" encoding="iso-8859-1"?>
<root version="3.3" release="7|CoreRPG:3">
	<character>
		<abilities>
			<charisma>
				<bonus type="number">0</bonus>
				<save type="number">0</save>
				<savemodifier type="number">0</savemodifier>
				<saveprof type="number">0</saveprof>
				<score type="number">10</score>
			</charisma>
			<constitution>
				<bonus type="number">3</bonus>
				<save type="number">5</save>
				<savemodifier type="number">0</savemodifier>
				<saveprof type="number">1</saveprof>
				<score type="number">16</score>
			</constitution>
			<dexterity>
				<bonus type="number">2</bonus>
				<save type="number">2</save>
				<savemodifier type="number">0</savemodifier>
				<saveprof type="number">0</saveprof>
				<score type="number">14</score>
			</dexterity>
			<intelligence>
				<bonus type="number">1</bonus>
				<save type="number">1</save>
				<savemodifier type="number">0</savemodifier>
				<saveprof type="number">0</saveprof>
				<score type="number">12</score>
			</intelligence>
			<strength>
				<bonus type="number">4</bonus>
				<save type="number">6</save>
				<savemodifier type="number">0</savemodifier>
				<saveprof type="number">1</saveprof>
				<score type="number">18</score>
			</strength>
			<wisdom>
				<bonus type="number">1</bonus>
				<save type="number">1</save>
				<savemodifier type="number">0</savemodifier>
				<saveprof type="number">0</saveprof>
				<score type="number">13</score>
			</wisdom>
		</abilities>
		<adventurelist>
		</adventurelist>
		<age type="string">31</age>
		<alignment type="string">Chaotic Good</alignment>
		<background type="string">Folk Hero</background>
		<backgroundlink type="windowreference">
			<class>reference_background</class>
			<recordname>reference.backgrounddata.folkhero@DD PHB Deluxe</recordname>
		</backgroundlink>
		<bonds type="string">I protect those who cannot protect themselves.</bonds>
		<classes>
			<id-00001>
				<hddie type="dice">d10</hddie>
				<hdused type="number">0</hdused>
				<level type="number">3</level>
				<name type="string">Fighter</name>
				<shortcut type="windowreference">
					<class>reference_class</class>
					<recordname>reference.classdata.fighter@DD PHB Deluxe</recordname>
				</shortcut>
			</id-00001>
		</classes>
		<coins>
			<slot1>
				<amount type="number">10</amount>
				<name type="string">GP</name>
			</slot1>
			<slot2>
			</slot2>
			<slot3>
			</slot3>
			<slot4>
			</slot4>
			<slot5>
			</slot5>
			<slot6>
			</slot6>
		</coins>
		<defenses>
			<ac>
				<armor type="number">6</armor>
				<dexbonus type="string">no</dexbonus>
				<disstealth type="number">1</disstealth>
				<misc type="number">0</misc>
				<prof type="number">1</prof>
				<shield type="number">2</shield>
				<temporary type="number">0</temporary>
				<total type="number">18</total>
			</ac>
		</defenses>
		<encumbrance>
			<encumbered type="number">90</encumbered>
			<encumberedheavy type="number">180</encumberedheavy>
			<liftpushdrag type="number">540</liftpushdrag>
			<load type="number">146</load>
			<max type="number">270</max>
		</encumbrance>
		<featlist>
			<id-00001>
				<locked type="number">1</locked>
				<name type="string">Heavy Armor Master</name>
				<prerequisite type="string">Proficiency with heavy armor</prerequisite>
				<text type="formattedtext">
					<p><i>Prerequisite: Proficiency with heavy armor</i></p>
					<p>You can use your armor to deflect strikes that would kill others. You gain the following benefits:</p>
					<list>
						<li>Increase your Strength score by 1, to a maximum of 20.</li>
						<li>While you are wearing heavy armor, bludgeoning, piercing, and slashing damage that you take from non magical weapons is reduced by 3.</li>
					</list>
				</text>
			</id-00001>
		</featlist>
		<featurelist>
			<id-00001>
				<locked type="number">1</locked>
				<name type="string">Rustic Hospitality</name>
				<source type="string">Folk Hero</source>
				<text type="formattedtext">
					<p>Since you come from the ranks of the common folk, you fit in among them with ease. You can find a place to hide, rest, or recuperate among other commoners, unless you have shown yourself to be a danger to them. They will shield you from the law or anyone else searching for you, though they will not risk their lives for you.</p>
				</text>
			</id-00001>
			<id-00002>
				<level type="number">1</level>
				<locked type="number">1</locked>
				<name type="string">Second Wind</name>
				<source type="string">Fighter</source>
				<text type="formattedtext">
					<p>You have a limited well of stamina that you can draw on to protect yourself from harm. On your turn, you can use a bonus action to regain hit points equal to 1d10 + your fighter level.</p>
					<p>Once you use this feature, you must finish a short or long rest before you can use it again.</p>
				</text>
			</id-00002>
			<id-00003>
				<level type="number">1</level>
				<locked type="number">1</locked>
				<name type="string">Fighting Style (Great Weapon Fighting)</name>
				<source type="string">Fighter</source>
				<text type="formattedtext">
					<p>You adopt a particular style of fighting as your specialty. Choose one of the following options. You can't take a Fighting Style option more than once, even if you later get to choose again.</p>
					<p><b>Archery</b></p>
					<p>You gain a +2 bonus to attack rolls you make with ranged weapons.</p>
					<p><b>Defense</b></p>
					<p>While you are wearing armor, you gain a +1 bonus to AC.</p>
					<p><b>Dueling</b></p>
					<p>When you are wielding a melee weapon in one hand and no other weapons, you gain a +2 bonus to damage rolls with that weapon.</p>
					<p><b>Great Weapon Fighting</b></p>
					<p>When you roll a 1 or 2 on a damage die for an attack you make with a melee weapon that you are wielding with two hands, you can reroll the die and must use the new roll, even if the new roll is a 1 or a 2. The weapon must have the two-handed or versatile property for you to gain this benefit.</p>
					<p><b>Protection</b></p>
					<p>When a creature you can see attacks a target other than you that is within 5 feet of you, you can use your reaction to impose disadvantage on the attack roll. You must be wielding a shield.</p>
					<p><b>Two-Weapon Fighting</b></p>
					<p>When you engage in two-weapon fighting, you can add your ability modifier to the damage of the second attack.</p>
				</text>
			</id-00003>
			<id-00004>
				<level type="number">2</level>
				<locked type="number">1</locked>
				<name type="string">Action Surge</name>
				<source type="string">Fighter</source>
				<text type="formattedtext">
					<p>Starting at 2nd level, you can push yourself beyond your normal limits for a moment. On your turn, you can take one additional action on top of your regular action and a possible bonus action.</p>
					<p>Once you use this feature, you must finish a short or long rest before you can use it again. Starting at 17th level, you can use it twice before a rest, but only once on the same turn.</p>
				</text>
			</id-00004>
			<id-00005>
				<level type="number">1</level>
				<locked type="number">1</locked>
				<name type="string">Battle Master</name>
				<source type="string">Fighter</source>
				<text type="formattedtext">
					<p>Those who emulate the archetypal Battle Master employ martial techniques passed down through generations. To a Battle Master, combat is an academic field, sometimes including subjects beyond battle such as weapon smithing and calligraphy. Not every fighter absorbs the lessons of history, theory, and artistry that are reflected in the Battle Master archetype, but those who do are well-rounded fighters of great skill and knowledge.</p>
					<h>Features</h>
					<linklist>
						<link class="reference_classfeature" recordname="reference.classdata.fighter.features.combatsuperiority3@DD PHB Deluxe">Combat Superiority</link>
						<link class="reference_classfeature" recordname="reference.classdata.fighter.features.studentofwar3@DD PHB Deluxe">Student of War</link>
						<link class="reference_classfeature" recordname="reference.classdata.fighter.features.knowyourenemy7@DD PHB Deluxe">Know Your Enemy</link>
						<link class="reference_classfeature" recordname="reference.classdata.fighter.features.improvedcombatsuperiority10@DD PHB Deluxe">Improved Combat Superiority</link>
						<link class="reference_classfeature" recordname="reference.classdata.fighter.features.relentless15@DD PHB Deluxe">Relentless</link>
					</linklist>
				</text>
			</id-00005>
			<id-00006>
				<level type="number">3</level>
				<locked type="number">1</locked>
				<name type="string">Student of War</name>
				<source type="string">Fighter</source>
				<specialization type="string">Battle Master</specialization>
				<text type="formattedtext">
					<p>At 3rd level, you gain proficiency with one type of artisan's tools of your choice.</p>
				</text>
			</id-00006>
			<id-00007>
				<level type="number">3</level>
				<locked type="number">1</locked>
				<name type="string">Combat Superiority</name>
				<source type="string">Fighter</source>
				<specialization type="string">Battle Master</specialization>
				<text type="formattedtext">
					<p>When you choose this archetype at 3rd level, you learn maneuvers that are fueled by special dice called superiority dice.</p>
					<p><b>Maneuvers. </b>You learn three maneuvers of your choice, which are detailed under &#34;Maneuvers&#34; below. Many maneuvers enhance an attack in some way. You can use only one maneuver per attack.</p>
					<p>You learn two additional maneuvers of your choice at 7th, 10th, and 15th level. Each time you learn new maneuvers, you can also replace one maneuver you know with a different one.</p>
					<p><b>Maneuvers</b></p>
					<p>The maneuvers are presented in alphabetical order.</p>
					<table>
						<tr>
							<td><b>Maneuver</b></td>
							<td colspan="3"><b>Description</b></td>
						</tr>
						<tr>
							<td><b>Commander's Strike</b></td>
							<td colspan="3">When you take the Attack action on your turn, you can forgo one of your attacks and use a bonus action to direct one of your companions to strike. When you do so, choose a friendly creature who can see or hear you and expend one superiority die. That creature can immediately use its reaction to make one weapon attack, adding the superiority die to the attack's damage roll.</td>
						</tr>
						<tr>
							<td><b>Disarming Attack</b></td>
							<td colspan="3">When you hit a creature with a weapon attack, you can expend one superiority die to attempt to disarm the target, forcing it to drop one item of your choice that it's holding. You add the superiority die to the attack's damage roll, and the target must make a Strength saving throw. On a failed save, it drops the object you choose. The object lands at its feet.</td>
						</tr>
						<tr>
							<td><b>Distracting Strike</b></td>
							<td colspan="3">When you hit a creature with a weapon attack, you can expend one superiority die to distract the creature, giving your allies an opening. You add the superiority die to the attack's damage roll. The next attack roll against the target by an attacker other than you has advantage if the attack is made before the start of your next turn.</td>
						</tr>
						<tr>
							<td><b>Evasive Footwork</b></td>
							<td colspan="3">When you move, you can expend one superiority die, rolling the die and adding the number rolled to your AC until you stop moving.</td>
						</tr>
						<tr>
							<td><b>Feinting Attack.</b></td>
							<td colspan="3">You can expend one superiority die and use a bonus action on your turn to feint, choosing one creature within 5 feet of you as your target. You have advantage on your next attack roll against that creature. If that attack hits, add the superiority die to the attack's damage roll. The advantage is lost if not used on the turn you gain it.</td>
						</tr>
						<tr>
							<td><b>Goading Attack</b></td>
							<td colspan="3">When you hit a creature with a weapon attack, you can expend one superiority die to attempt to goad the target into attacking you. You add the superiority die to the attack's damage roll, and the target must make a Wisdom saving throw. On a failed save, the target has disadvantage on all attack rolls against targets other than you until the end of your next turn.</td>
						</tr>
						<tr>
							<td><b>Lunging Attack</b></td>
							<td colspan="3">When you make a melee weapon attack on your turn, you can expend one superiority die to increase your reach for that attack by 5 feet. If you hit, you add the superiority die to the attack's damage roll.</td>
						</tr>
						<tr>
							<td><b>Maneuvering Attack</b></td>
							<td colspan="3">When you hit a creature with a weapon attack, you can expend one superiority die to maneuver one of your comrades into a more advantageous position. You add the superiority die to the attack's damage roll, and you choose a friendly creature who can see or hear you. That creature can use its reaction to move up to half its speed without provoking opportunity attacks from the target of your attack.</td>
						</tr>
						<tr>
							<td><b>Menacing Attack</b></td>
							<td colspan="3">When you hit a creature with a weapon attack, you can expend one superiority die to attempt to frighten the target. You add the superiority die to the attack's damage roll, and the target must make a Wisdom saving throw. On a failed save, it is frightened of you until the end of your next turn.</td>
						</tr>
						<tr>
							<td><b>Parry</b></td>
							<td colspan="3">When another creature damages you with a melee attack, you can use your reaction and expend one superiority die to reduce the damage by the number you roll on your superiority die + your Dexterity modifier.</td>
						</tr>
						<tr>
							<td><b>Precision Attack</b></td>
							<td colspan="3">When you make a weapon attack roll against a creature, you can expend one superiority die to add it to the roll. You can use this maneuver before or after making the attack roll, but before any effects of the attack are applied.</td>
						</tr>
						<tr>
							<td><b>Pushing Attack</b></td>
							<td colspan="3">When you hit a creature with a weapon attack, you can expend one superiority die to attempt to drive the target back. You add the superiority die to the attack's damage roll, and if the target is Large or smaller, it must make a Strength saving throw. On a failed save, you push the target up to 15 feet away from you.</td>
						</tr>
						<tr>
							<td><b>Rally</b></td>
							<td colspan="3">On your turn, you can use a bonus action and expend one superiority die to bolster the resolve of one of your companions. When you do so, choose a friendly creature who can see or hear you. That creature gains temporary hit points equal to the superiority die roll + your Charisma modifier.</td>
						</tr>
						<tr>
							<td><b>Riposte</b></td>
							<td colspan="3">When a creature misses you with a melee attack, you can use your reaction and expend one superiority die to make a melee weapon attack against the creature. If you hit, you add the superiority die to the attack's damage roll.</td>
						</tr>
						<tr>
							<td><b>Sweeping Attack</b></td>
							<td colspan="3">When you hit a creature with a melee weapon attack, you can expend one superiority die to attempt to damage another creature with the same attack. Choose another creature within 5 feet of the original target and within your reach. If the original attack roll would hit the second creature, it takes damage equal to the number you roll on your superiority die. The damage is of the same type dealt by the original attack.</td>
						</tr>
						<tr>
							<td><b>Trip Attack</b></td>
							<td colspan="3">When you hit a creature with a weapon attack, you can expend one superiority die to attempt to knock the target down. You add the superiority die to the attack's damage roll, and if the target is Large or smaller, it must make a Strength saving throw. On a failed save, you knock the target prone.</td>
						</tr>
					</table>
					<p><b>Superiority Dice. </b>You have four superiority dice, which are d8s. A superiority die is expended when you use it. You regain all of your expended superiority dice when you finish a short or long rest.</p>
					<p>You gain another superiority die at 7th level and one more at 15th level.</p>
					<p><b>Saving Throws. </b>Some of your maneuvers require your target to make a saving throw to resist the maneuver's effects. The saving throw DC is calculated as follows:</p>
					<p><b>Maneuver save DC </b>= 8 + your proficiency bonus + your Strength or Dexterity modifier (your choice)</p>
				</text>
			</id-00007>
		</featurelist>
		<flaws type="string">The people who knew me when I was young know my shameful secret, so I can never go home again.</flaws>
		<gender type="string">Female</gender>
		<height type="string">4' 11&#34;</height>
		<hp>
			<deathsavefail type="number">0</deathsavefail>
			<deathsavesuccess type="number">0</deathsavesuccess>
			<temporary type="number">0</temporary>
			<total type="number">31</total>
			<wounds type="number">13</wounds>
		</hp>
		<ideals type="string">Fairness. No one should get preferential treatment before the law, and no one is above the law. (Lawful)</ideals>
		<initiative>
			<misc type="number">0</misc>
			<temporary type="number">0</temporary>
			<total type="number">2</total>
		</initiative>
		<inventorylist>
			<id-00001>
				<ac type="number">16</ac>
				<carried type="number">2</carried>
				<cost type="string">75 gp</cost>
				<count type="number">1</count>
				<description type="formattedtext">
					<p>Of all the armor categories, heavy armor offers the best protection. These suits of armor cover the entire body and are designed to stop a wide range of attacks. Only proficient warriors can manage their weight and bulk.</p>
					<p>Made of interlocking metal rings, chain mail includes a layer of quilted fabric worn underneath the mail to prevent chafing and to cushion the impact of blows. The suit includes gauntlets.</p>
				</description>
				<dexbonus type="string">-</dexbonus>
				<isidentified type="number">1</isidentified>
				<locked type="number">1</locked>
				<name type="string">Chain Mail</name>
				<stealth type="string">Disadvantage</stealth>
				<strength type="string">Str 13</strength>
				<subtype type="string">Heavy Armor</subtype>
				<type type="string">Armor</type>
				<weight type="number">55</weight>
			</id-00001>
			<id-00004>
				<carried type="number">2</carried>
				<cost type="string">10 gp</cost>
				<count type="number">1</count>
				<damage type="string">1d8 slashing</damage>
				<description type="formattedtext">
					<p></p>
				</description>
				<isidentified type="number">1</isidentified>
				<locked type="number">1</locked>
				<name type="string">Battleaxe</name>
				<properties type="string">Versatile (1d10)</properties>
				<subtype type="string">Martial Weapons</subtype>
				<type type="string">Weapon</type>
				<weight type="number">4</weight>
			</id-00004>
			<id-00005>
				<carried type="number">2</carried>
				<cost type="string">5 gp</cost>
				<count type="number">2</count>
				<damage type="string">1d6 slashing</damage>
				<isidentified type="number">1</isidentified>
				<locked type="number">1</locked>
				<name type="string">Handaxe</name>
				<properties type="string">Light, thrown (range 20/60)</properties>
				<subtype type="string">Simple Melee Weapons</subtype>
				<type type="string">Weapon</type>
				<weight type="number">2</weight>
			</id-00005>
			<id-00006>
				<ac type="number">2</ac>
				<bonus type="number">0</bonus>
				<carried type="number">2</carried>
				<cost type="string">10 gp</cost>
				<count type="number">1</count>
				<description type="formattedtext">
					<p>A shield is made from wood or metal and is carried in one hand. Wielding a shield increases your Armor Class by 2. You can benefit from only one shield at a time.</p>
				</description>
				<dexbonus type="string">-</dexbonus>
				<isidentified type="number">1</isidentified>
				<locked type="number">1</locked>
				<name type="string">Shield</name>
				<stealth type="string">-</stealth>
				<strength type="string">-</strength>
				<subtype type="string">Shield</subtype>
				<type type="string">Armor</type>
				<weight type="number">6</weight>
			</id-00006>
			<id-00007>
				<carried type="number">1</carried>
				<cost type="string">1 gp</cost>
				<count type="number">1</count>
				<isidentified type="number">1</isidentified>
				<location type="string">Backpack</location>
				<locked type="number">1</locked>
				<name type="string">Bedroll</name>
				<subtype type="string">Standard</subtype>
				<type type="string">Adventuring Gear</type>
				<weight type="number">7</weight>
			</id-00007>
			<id-00008>
				<carried type="number">1</carried>
				<cost type="string">5 sp</cost>
				<count type="number">10</count>
				<description type="formattedtext">
					<p>Rations consist of dry foods suitable for extended travel, including jerky, dried fruit, hardtack, and nuts.</p>
				</description>
				<isidentified type="number">1</isidentified>
				<location type="string">Backpack</location>
				<locked type="number">1</locked>
				<name type="string">Rations (1 Day)</name>
				<subtype type="string">Standard</subtype>
				<type type="string">Adventuring Gear</type>
				<weight type="number">2</weight>
			</id-00008>
			<id-00009>
				<carried type="number">1</carried>
				<cost type="string">1 cp</cost>
				<count type="number">10</count>
				<description type="formattedtext">
					<p>A torch burns for 1 hour, providing bright light in a 20-foot radius and dim light for an additional 20 feet. If you make a melee attack with a burning torch and hit, it deals 1 fire damage.</p>
				</description>
				<isidentified type="number">1</isidentified>
				<location type="string">Backpack</location>
				<locked type="number">1</locked>
				<name type="string">Torch</name>
				<subtype type="string">Standard</subtype>
				<type type="string">Adventuring Gear</type>
				<weight type="number">1</weight>
			</id-00009>
			<id-00010>
				<carried type="number">1</carried>
				<cost type="string">5 sp</cost>
				<count type="number">1</count>
				<description type="formattedtext">
					<p>This small container holds flint, fire steel, and tinder (usually dry cloth soaked in light oil) used to kindle a fire. Using it to light a torch-or anything else with abundant, exposed fuel-takes an action. Lighting any other fire takes 1 minute.</p>
				</description>
				<isidentified type="number">1</isidentified>
				<location type="string">Backpack</location>
				<locked type="number">1</locked>
				<name type="string">Tinderbox</name>
				<subtype type="string">Standard</subtype>
				<type type="string">Adventuring Gear</type>
				<weight type="number">1</weight>
			</id-00010>
			<id-00011>
				<carried type="number">1</carried>
				<cost type="string">2 sp</cost>
				<count type="number">1</count>
				<isidentified type="number">1</isidentified>
				<location type="string">Backpack</location>
				<locked type="number">1</locked>
				<name type="string">Waterskin</name>
				<subtype type="string">Standard</subtype>
				<type type="string">Adventuring Gear</type>
				<weight type="number">5</weight>
			</id-00011>
			<id-00012>
				<carried type="number">1</carried>
				<cost type="string">2 sp</cost>
				<count type="number">1</count>
				<description type="formattedtext">
					<p>This tin box contains a cup and simple cutlery. The box clamps together, and one side can be used as a cooking pan and the other as a plate or shallow bowl.</p>
				</description>
				<isidentified type="number">1</isidentified>
				<location type="string">Backpack</location>
				<locked type="number">1</locked>
				<name type="string">Mess Kit</name>
				<subtype type="string">Equipment Kits</subtype>
				<type type="string">Adventuring Gear</type>
				<weight type="number">1</weight>
			</id-00012>
			<id-00013>
				<carried type="number">1</carried>
				<cost type="string">1 gp</cost>
				<count type="number">1</count>
				<isidentified type="number">1</isidentified>
				<location type="string">Backpack</location>
				<locked type="number">1</locked>
				<name type="string">Rope, Hempen (50 Feet)</name>
				<subtype type="string">Standard</subtype>
				<type type="string">Adventuring Gear</type>
				<weight type="number">10</weight>
			</id-00013>
			<id-00014>
				<carried type="number">1</carried>
				<cost type="string">2 gp</cost>
				<count type="number">1</count>
				<isidentified type="number">1</isidentified>
				<locked type="number">1</locked>
				<name type="string">Backpack</name>
				<subtype type="string">Standard</subtype>
				<type type="string">Adventuring Gear</type>
				<weight type="number">5</weight>
			</id-00014>
			<id-00015>
				<carried type="number">1</carried>
				<cost type="string">2 gp</cost>
				<count type="number">1</count>
				<isidentified type="number">1</isidentified>
				<location type="string">Backpack</location>
				<locked type="number">1</locked>
				<name type="string">Shovel</name>
				<subtype type="string">Standard</subtype>
				<type type="string">Adventuring Gear</type>
				<weight type="number">5</weight>
			</id-00015>
			<id-00016>
				<carried type="number">1</carried>
				<cost type="string">5 sp</cost>
				<count type="number">1</count>
				<isidentified type="number">1</isidentified>
				<location type="string">Backpack</location>
				<locked type="number">1</locked>
				<name type="string">Clothes, Common</name>
				<subtype type="string">Standard</subtype>
				<type type="string">Adventuring Gear</type>
				<weight type="number">3</weight>
			</id-00016>
			<id-00017>
				<carried type="number">1</carried>
				<cost type="string">1 sp</cost>
				<count type="number">1</count>
				<isidentified type="number">1</isidentified>
				<location type="string">Backpack</location>
				<locked type="number">1</locked>
				<name type="string">Pot, Iron</name>
				<subtype type="string">Standard</subtype>
				<type type="string">Adventuring Gear</type>
				<weight type="number">10</weight>
			</id-00017>
		</inventorylist>
		<languagelist>
			<id-00001>
				<name type="string">Common</name>
			</id-00001>
			<id-00002>
				<name type="string">Dwarvish</name>
			</id-00002>
		</languagelist>
		<level type="number">3</level>
		<name type="string">Human Variant Battlemaster Fighter</name>
		<perception type="number">13</perception>
		<perceptionmodifier type="number">0</perceptionmodifier>
		<personalitytraits type="string">I'm confident in my own abilities and do what I can to instill confidence in others.\n\nI judge people by their actions, not their words.</personalitytraits>
		<powerdisplaymode type="string">action</powerdisplaymode>
		<powergroup>
			<id-00001>
				<name type="string">FEAT</name>
			</id-00001>
			<id-00002>
				<name type="string">Fighter</name>
			</id-00002>
			<id-00003>
				<atkmod type="number">0</atkmod>
				<atkprof type="number">1</atkprof>
				<name type="string">Combat Superiority</name>
				<prepared type="number">0</prepared>
				<savemod type="number">0</savemod>
				<saveprof type="number">1</saveprof>
				<uses type="number">4</uses>
				<usesperiod type="string">enc</usesperiod>
			</id-00003>
		</powergroup>
		<powermeta>
			<pactmagicslots1>
				<max type="number">0</max>
			</pactmagicslots1>
			<pactmagicslots2>
				<max type="number">0</max>
			</pactmagicslots2>
			<pactmagicslots3>
				<max type="number">0</max>
			</pactmagicslots3>
			<pactmagicslots4>
				<max type="number">0</max>
			</pactmagicslots4>
			<pactmagicslots5>
				<max type="number">0</max>
			</pactmagicslots5>
			<pactmagicslots6>
				<max type="number">0</max>
			</pactmagicslots6>
			<pactmagicslots7>
				<max type="number">0</max>
			</pactmagicslots7>
			<pactmagicslots8>
				<max type="number">0</max>
			</pactmagicslots8>
			<pactmagicslots9>
				<max type="number">0</max>
			</pactmagicslots9>
			<spellslots1>
				<max type="number">0</max>
			</spellslots1>
			<spellslots2>
				<max type="number">0</max>
			</spellslots2>
			<spellslots3>
				<max type="number">0</max>
			</spellslots3>
			<spellslots4>
				<max type="number">0</max>
			</spellslots4>
			<spellslots5>
				<max type="number">0</max>
			</spellslots5>
			<spellslots6>
				<max type="number">0</max>
			</spellslots6>
			<spellslots7>
				<max type="number">0</max>
			</spellslots7>
			<spellslots8>
				<max type="number">0</max>
			</spellslots8>
			<spellslots9>
				<max type="number">0</max>
			</spellslots9>
		</powermeta>
		<powers>
			<id-00001>
				<actions>
					<id-00001>
						<durmod type="number">0</durmod>
						<label type="string">RESIST: 3, piercing, slashing, bludgeoning</label>
						<order type="number">1</order>
						<targeting type="string">self</targeting>
						<type type="string">effect</type>
					</id-00001>
				</actions>
				<cast type="number">0</cast>
				<group type="string">FEAT</group>
				<level type="number">0</level>
				<name type="string">Heavy Armour Master</name>
				<prepared type="number">0</prepared>
			</id-00001>
			<id-00002>
				<actions>
				</actions>
				<cast type="number">0</cast>
				<group type="string">Fighter</group>
				<level type="number">0</level>
				<name type="string">Action Surge</name>
				<prepared type="number">1</prepared>
				<usesperiod type="string">enc</usesperiod>
			</id-00002>
			<id-00003>
				<actions>
					<id-00002>
						<heallist>
							<id-00001>
								<dice type="dice">d8</dice>
							</id-00001>
						</heallist>
						<healtargeting type="string">self</healtargeting>
						<order type="number">1</order>
						<type type="string">heal</type>
					</id-00002>
				</actions>
				<cast type="number">0</cast>
				<group type="string">Combat Superiority</group>
				<level type="number">0</level>
				<name type="string">Parry</name>
				<prepared type="number">4</prepared>
				<usesperiod type="string">enc</usesperiod>
			</id-00003>
			<id-00004>
				<actions>
					<id-00001>
						<heallist>
							<id-00001>
								<dice type="dice">d8</dice>
							</id-00001>
						</heallist>
						<healtype type="string">temp</healtype>
						<order type="number">1</order>
						<type type="string">heal</type>
					</id-00001>
				</actions>
				<cast type="number">0</cast>
				<group type="string">Combat Superiority</group>
				<level type="number">0</level>
				<name type="string">Rally</name>
				<prepared type="number">4</prepared>
				<usesperiod type="string">enc</usesperiod>
			</id-00004>
			<id-00005>
				<actions>
					<id-00001>
						<damagelist>
							<id-00001>
								<dice type="dice">d8</dice>
							</id-00001>
						</damagelist>
						<order type="number">1</order>
						<type type="string">damage</type>
					</id-00001>
				</actions>
				<cast type="number">0</cast>
				<group type="string">Combat Superiority</group>
				<level type="number">0</level>
				<name type="string">Riposte</name>
				<prepared type="number">4</prepared>
				<usesperiod type="string">enc</usesperiod>
			</id-00005>
			<id-00006>
				<actions>
					<id-00001>
						<heallist>
							<id-00001>
								<dice type="dice">d10</dice>
								<stat type="string">level</stat>
							</id-00001>
						</heallist>
						<healtargeting type="string">self</healtargeting>
						<order type="number">1</order>
						<type type="string">heal</type>
					</id-00001>
				</actions>
				<cast type="number">0</cast>
				<group type="string">Fighter</group>
				<level type="number">0</level>
				<name type="string">Second Wind</name>
				<prepared type="number">1</prepared>
				<usesperiod type="string">enc</usesperiod>
			</id-00006>
		</powers>
		<profbonus type="number">2</profbonus>
		<proficiencylist>
			<id-00001>
				<name type="string">Tool: Blacksmith Tools, vehicles (land)</name>
			</id-00001>
			<id-00002>
				<name type="string">Weapon: Simple weapons, martial weapons</name>
			</id-00002>
			<id-00003>
				<name type="string">Armor: All armor, shields</name>
			</id-00003>
		</proficiencylist>
		<race type="string">Human-Variant</race>
		<racelink type="windowreference">
			<class>reference_race</class>
			<recordname>reference.racedata.human_variant@DD PHB Deluxe</recordname>
		</racelink>
		<size type="string">Medium</size>
		<skilllist>
			<id-00001>
				<name type="string">Perception</name>
				<prof type="number">1</prof>
				<stat type="string">wisdom</stat>
				<total type="number">3</total>
			</id-00001>
			<id-00002>
				<name type="string">Arcana</name>
				<stat type="string">intelligence</stat>
				<total type="number">1</total>
			</id-00002>
			<id-00003>
				<name type="string">Persuasion</name>
				<stat type="string">charisma</stat>
			</id-00003>
			<id-00004>
				<name type="string">Nature</name>
				<stat type="string">intelligence</stat>
				<total type="number">1</total>
			</id-00004>
			<id-00005>
				<name type="string">Medicine</name>
				<stat type="string">wisdom</stat>
				<total type="number">1</total>
			</id-00005>
			<id-00006>
				<name type="string">Survival</name>
				<prof type="number">1</prof>
				<stat type="string">wisdom</stat>
				<total type="number">3</total>
			</id-00006>
			<id-00007>
				<name type="string">Performance</name>
				<stat type="string">charisma</stat>
			</id-00007>
			<id-00008>
				<name type="string">Acrobatics</name>
				<stat type="string">dexterity</stat>
				<total type="number">2</total>
			</id-00008>
			<id-00009>
				<name type="string">Religion</name>
				<stat type="string">intelligence</stat>
				<total type="number">1</total>
			</id-00009>
			<id-00010>
				<name type="string">Athletics</name>
				<prof type="number">1</prof>
				<stat type="string">strength</stat>
				<total type="number">6</total>
			</id-00010>
			<id-00011>
				<name type="string">Sleight of Hand</name>
				<stat type="string">dexterity</stat>
				<total type="number">2</total>
			</id-00011>
			<id-00012>
				<name type="string">Insight</name>
				<prof type="number">1</prof>
				<stat type="string">wisdom</stat>
				<total type="number">3</total>
			</id-00012>
			<id-00013>
				<name type="string">Intimidation</name>
				<prof type="number">1</prof>
				<stat type="string">charisma</stat>
				<total type="number">2</total>
			</id-00013>
			<id-00014>
				<name type="string">Deception</name>
				<stat type="string">charisma</stat>
			</id-00014>
			<id-00015>
				<name type="string">Investigation</name>
				<stat type="string">intelligence</stat>
				<total type="number">1</total>
			</id-00015>
			<id-00016>
				<name type="string">Stealth</name>
				<stat type="string">dexterity</stat>
				<total type="number">2</total>
			</id-00016>
			<id-00017>
				<name type="string">History</name>
				<stat type="string">intelligence</stat>
				<total type="number">1</total>
			</id-00017>
			<id-00018>
				<name type="string">Animal Handling</name>
				<prof type="number">0</prof>
				<stat type="string">wisdom</stat>
				<total type="number">1</total>
			</id-00018>
		</skilllist>
		<speed>
			<armor type="number">0</armor>
			<base type="number">30</base>
			<misc type="number">0</misc>
			<temporary type="number">0</temporary>
			<total type="number">30</total>
		</speed>
		<temp>
		</temp>
		<token type="token"></token>
		<traitlist>
			<id-00001>
				<locked type="number">1</locked>
				<name type="string">Skills</name>
				<source type="string">Human-Variant</source>
				<text type="formattedtext">
					<p>You gain proficiency in one skill of your choice.</p>
				</text>
				<type type="string">racial</type>
			</id-00001>
			<id-00002>
				<locked type="number">1</locked>
				<name type="string">Feat</name>
				<source type="string">Human-Variant</source>
				<text type="formattedtext">
					<p>You gain one feat of your choice.</p>
				</text>
				<type type="string">racial</type>
			</id-00002>
		</traitlist>
		<weaponlist>
			<id-00003>
				<carried type="number">2</carried>
				<damagelist>
					<id-00001>
						<dice type="dice">d8</dice>
						<stat type="string">base</stat>
						<type type="string">slashing</type>
					</id-00001>
				</damagelist>
				<isidentified type="number">1</isidentified>
				<maxammo type="number">0</maxammo>
				<name type="string">Battleaxe</name>
				<prof type="number">1</prof>
				<shortcut type="windowreference">
					<class>item</class>
					<recordname>....inventorylist.id-00004</recordname>
				</shortcut>
				<type type="number">0</type>
			</id-00003>
			<id-00005>
				<carried type="number">2</carried>
				<damagelist>
					<id-00001>
						<dice type="dice">d6</dice>
						<stat type="string">base</stat>
						<type type="string">slashing</type>
					</id-00001>
				</damagelist>
				<isidentified type="number">1</isidentified>
				<maxammo type="number">2</maxammo>
				<name type="string">Handaxe</name>
				<prof type="number">1</prof>
				<shortcut type="windowreference">
					<class>item</class>
					<recordname>....inventorylist.id-00005</recordname>
				</shortcut>
				<type type="number">2</type>
			</id-00005>
			<id-00006>
				<attackstat type="string">strength</attackstat>
				<carried type="number">2</carried>
				<damagelist>
					<id-00001>
						<dice type="dice">d10</dice>
						<stat type="string">strength</stat>
						<type type="string">slashing</type>
					</id-00001>
				</damagelist>
				<maxammo type="number">0</maxammo>
				<name type="string">Battleaxe (2H)</name>
				<prof type="number">1</prof>
				<shortcut type="windowreference">
					<class></class>
					<recordname></recordname>
				</shortcut>
				<type type="number">0</type>
			</id-00006>
		</weaponlist>
		<weight type="string">150 lbs</weight>
	</character>
</root>
