<?xml version="1.0" encoding="iso-8859-1"?>
<root version="3.3" release="8|CoreRPG:3">
	<character>
		<abilities>
			<charisma>
				<bonus type="number">1</bonus>
				<save type="number">1</save>
				<savemodifier type="number">0</savemodifier>
				<saveprof type="number">0</saveprof>
				<score type="number">13</score>
			</charisma>
			<constitution>
				<bonus type="number">2</bonus>
				<save type="number">4</save>
				<savemodifier type="number">0</savemodifier>
				<saveprof type="number">1</saveprof>
				<score type="number">15</score>
			</constitution>
			<dexterity>
				<bonus type="number">2</bonus>
				<save type="number">2</save>
				<savemodifier type="number">0</savemodifier>
				<saveprof type="number">0</saveprof>
				<score type="number">14</score>
			</dexterity>
			<intelligence>
				<bonus type="number">-1</bonus>
				<save type="number">-1</save>
				<savemodifier type="number">0</savemodifier>
				<saveprof type="number">0</saveprof>
				<score type="number">9</score>
			</intelligence>
			<strength>
				<bonus type="number">4</bonus>
				<save type="number">6</save>
				<savemodifier type="number">0</savemodifier>
				<saveprof type="number">1</saveprof>
				<score type="number">18</score>
			</strength>
			<wisdom>
				<bonus type="number">0</bonus>
				<save type="number">0</save>
				<savemodifier type="number">0</savemodifier>
				<saveprof type="number">0</saveprof>
				<score type="number">11</score>
			</wisdom>
		</abilities>
		<adventurelist>
			<id-00001>
				<text type="formattedtext">
					<p></p>
				</text>
			</id-00001>
		</adventurelist>
		<age type="string">38</age>
		<alignment type="string">Chaotic Neutral</alignment>
		<background type="string">Soldier</background>
		<backgroundlink type="windowreference">
			<class>reference_background</class>
			<recordname>reference.backgrounddata.soldier@DD PHB Deluxe</recordname>
		</backgroundlink>
		<bonds type="string">My honor is my life.</bonds>
		<classes>
			<id-00001>
				<casterlevelinvmult type="number">0</casterlevelinvmult>
				<casterpactmagic type="number">0</casterpactmagic>
				<hddie type="dice">d12</hddie>
				<hdused type="number">1</hdused>
				<level type="number">4</level>
				<name type="string">Barbarian</name>
				<shortcut type="windowreference">
					<class>reference_class</class>
					<recordname>reference.classdata.barbarian@DD PHB Deluxe</recordname>
				</shortcut>
			</id-00001>
		</classes>
		<coins>
			<slot1>
				<amount type="number">1240</amount>
				<name type="string">GP</name>
			</slot1>
			<slot2>
				<amount type="number">66</amount>
				<name type="string">SP</name>
			</slot2>
			<slot3>
				<amount type="number">24</amount>
				<name type="string">CP</name>
			</slot3>
			<slot4>
				<amount type="number">0</amount>
			</slot4>
			<slot5>
				<amount type="number">0</amount>
			</slot5>
			<slot6>
				<amount type="number">0</amount>
			</slot6>
		</coins>
		<defenses>
			<ac>
				<armor type="number">0</armor>
				<disstealth type="number">0</disstealth>
				<misc type="number">0</misc>
				<prof type="number">1</prof>
				<shield type="number">0</shield>
				<stat2 type="string">constitution</stat2>
				<temporary type="number">0</temporary>
				<total type="number">14</total>
			</ac>
		</defenses>
		<encumbrance>
			<encumbered type="number">90</encumbered>
			<encumberedheavy type="number">180</encumberedheavy>
			<liftpushdrag type="number">540</liftpushdrag>
			<load type="number">68</load>
			<max type="number">270</max>
		</encumbrance>
		<exp type="number">470</exp>
		<expneeded type="number">500</expneeded>
		<featlist>
		</featlist>
		<featurelist>
			<id-00001>
				<level type="number">1</level>
				<locked type="number">1</locked>
				<name type="string">Rage</name>
				<source type="string">Barbarian</source>
				<text type="formattedtext">
					<p>In battle, you fight with primal ferocity. On your turn, you can enter a rage as a bonus action. While raging, you gain the following benefits if you aren't wearing heavy armor:</p>
					<list>
						<li>You have advantage on Strength checks and Strength saving throws.</li>
						<li>When you make a melee weapon attack using Strength, you gain a bonus to the damage roll that increases as you gain levels as a barbarian, as shown in the Rage Damage column of the Barbarian table.</li>
						<li>You have resistance to bludgeoning, piercing, and slashing damage.</li>
					</list>
					<p>If you are able to cast spells, you can't cast them while raging.</p>
					<p>Your rage lasts for 1 minute. It ends early if you are knocked unconscious or if your turn ends and you have neither attacked a hostile creature since your last turn nor taken damage since then. You can also end your rage as a bonus action on your turn</p>
					<p>Once you have raged the number of times shown for your barbarian level in the Rages column of the Barbarian table, you must finish a long rest before you can rage again.</p>
				</text>
			</id-00001>
			<id-00002>
				<level type="number">1</level>
				<locked type="number">1</locked>
				<name type="string">Unarmored Defense</name>
				<source type="string">Barbarian</source>
				<text type="formattedtext">
					<p>While you are not wearing any armor, your Armor Class equals 10 + your Dexterity modifier + your Constitution modifier. You can use a shield and still gain this benefit.</p>
				</text>
			</id-00002>
			<id-00004>
				<level type="number">5</level>
				<locked type="number">1</locked>
				<name type="string">Extra Attack</name>
				<source type="string">Barbarian</source>
				<text type="formattedtext">
					<p>Beginning at 5th level, you can attack one extra time whenever you take the Attack action on your turn.</p>
				</text>
			</id-00004>
			<id-00005>
				<level type="number">5</level>
				<locked type="number">1</locked>
				<name type="string">Fast Movement</name>
				<source type="string">Barbarian</source>
				<text type="formattedtext">
					<p>Starting at 5th level, your speed increases by 10 feet while you aren't wearing heavy armor.</p>
				</text>
			</id-00005>
			<id-00006>
				<level type="number">2</level>
				<locked type="number">1</locked>
				<name type="string">Reckless Attack</name>
				<source type="string">Barbarian</source>
				<text type="formattedtext">
					<p>Starting at 2nd level, you can throw aside all concern for defense and attack with fierce desperation. When you make your first attack on your turn, you can decide to attack recklessly. Doing so gives you advantage on melee weapon attack rolls using Strength during this turn, but attack rolls against you have advantage until your next turn.</p>
				</text>
			</id-00006>
			<id-00007>
				<level type="number">2</level>
				<locked type="number">1</locked>
				<name type="string">Danger Sense</name>
				<source type="string">Barbarian</source>
				<text type="formattedtext">
					<p>At 2nd level, you gain an uncanny sense of when things nearby aren't as they should be, giving you an edge when you dodge away from danger.</p>
					<p>You have advantage on Dexterity saving throws against effects that originate within 30 feet of you, such as a trap or a spellcaster within that range. To gain this benefit, you cannot be blinded, deafened, or incapacitated.</p>
				</text>
			</id-00007>
			<id-00008>
				<level type="number">1</level>
				<locked type="number">1</locked>
				<name type="string">Path of the Berserker</name>
				<source type="string">Barbarian</source>
				<text type="formattedtext">
					<p>For some barbarians, rage is a means to an end-that end being violence. The Path of the Berserker is a path of untrammeled fury, slick with blood. As you enter the berserker's rage, you thrill in the chaos of battle, heedless of your own health or well-being.</p>
					<h>Features</h>
					<linklist>
						<link class="reference_classfeature" recordname="reference.classdata.barbarian.features.frenzy3@DD PHB Deluxe">Frenzy</link>
						<link class="reference_classfeature" recordname="reference.classdata.barbarian.features.mindlessrage6@DD PHB Deluxe">Mindless Rage</link>
						<link class="reference_classfeature" recordname="reference.classdata.barbarian.features.intimidatingpresence10@DD PHB Deluxe">Intimidating Presence</link>
						<link class="reference_classfeature" recordname="reference.classdata.barbarian.features.retaliation14@DD PHB Deluxe">Retaliation</link>
					</linklist>
				</text>
			</id-00008>
			<id-00009>
				<level type="number">3</level>
				<locked type="number">1</locked>
				<name type="string">Frenzy</name>
				<source type="string">Barbarian</source>
				<specialization type="string">Path of the Berserker</specialization>
				<text type="formattedtext">
					<p>Starting when you choose this path at 3rd level, when you rage you can choose to go into a frenzy. If you do so, for the duration of your rage you can make a single melee weapon attack as a bonus action each turn. When your rage ends, you suffer one level of exhaustion (as described in the conditions appendix).</p>
				</text>
			</id-00009>
			<id-00010>
				<locked type="number">1</locked>
				<name type="string">Military Rank</name>
				<source type="string">Soldier</source>
				<text type="formattedtext">
					<p>You have a military rank from your career as a soldier.</p>
					<p>Soldiers loyal to your former military organization still recognize your authority and influence, and they defer to you if they are of a lower rank. You can invoke your rank to exert influence over other soldiers and requisition simple equipment or horses for temporary use. You can also usually gain access to friendly military encampments and fortresses where your rank is recognized.</p>
				</text>
			</id-00010>
		</featurelist>
		<flaws type="string">I have little respect for anyone who is not a proven warrior.</flaws>
		<gender type="string">Male</gender>
		<height type="string">76</height>
		<hp>
			<deathsavefail type="number">0</deathsavefail>
			<deathsavesuccess type="number">0</deathsavesuccess>
			<hdmod type="number">0</hdmod>
			<temporary type="number">0</temporary>
			<total type="number">41</total>
			<wounds type="number">0</wounds>
		</hp>
		<ideals type="string">Independence. When people follow orders blindly, they embrace a kind of tyranny. (Chaotic)</ideals>
		<initiative>
			<misc type="number">0</misc>
			<temporary type="number">0</temporary>
			<total type="number">2</total>
		</initiative>
		<inspiration type="number">0</inspiration>
		<inventorylist>
			<id-00001>
				<carried type="number">1</carried>
				<count type="number">1</count>
				<isidentified type="number">1</isidentified>
				<name type="string">Cup of Ale</name>
				<weight type="number">0</weight>
			</id-00001>
			<id-00002>
				<carried type="number">1</carried>
				<cost type="string">1 gp</cost>
				<count type="number">1</count>
				<isidentified type="number">1</isidentified>
				<location type="string">Backpack</location>
				<locked type="number">1</locked>
				<name type="string">Bedroll</name>
				<subtype type="string">Standard</subtype>
				<type type="string">Adventuring Gear</type>
				<weight type="number">7</weight>
			</id-00002>
			<id-00003>
				<carried type="number">1</carried>
				<cost type="string">5 sp</cost>
				<count type="number">4</count>
				<description type="formattedtext">
					<p>Rations consist of dry foods suitable for extended travel, including jerky, dried fruit, hardtack, and nuts.</p>
				</description>
				<isidentified type="number">1</isidentified>
				<location type="string">Backpack</location>
				<locked type="number">1</locked>
				<name type="string">Rations (1 Day)</name>
				<subtype type="string">Standard</subtype>
				<type type="string">Adventuring Gear</type>
				<weight type="number">2</weight>
			</id-00003>
			<id-00004>
				<carried type="number">1</carried>
				<cost type="string">1 cp</cost>
				<count type="number">1</count>
				<description type="formattedtext">
					<p>A torch burns for 1 hour, providing bright light in a 20-foot radius and dim light for an additional 20 feet. If you make a melee attack with a burning torch and hit, it deals 1 fire damage.</p>
				</description>
				<isidentified type="number">1</isidentified>
				<location type="string">Backpack</location>
				<locked type="number">1</locked>
				<name type="string">Torch</name>
				<subtype type="string">Standard</subtype>
				<type type="string">Adventuring Gear</type>
				<weight type="number">1</weight>
			</id-00004>
			<id-00005>
				<carried type="number">1</carried>
				<cost type="string">5 sp</cost>
				<count type="number">1</count>
				<description type="formattedtext">
					<p>This small container holds flint, fire steel, and tinder (usually dry cloth soaked in light oil) used to kindle a fire. Using it to light a torch-or anything else with abundant, exposed fuel-takes an action. Lighting any other fire takes 1 minute.</p>
				</description>
				<isidentified type="number">1</isidentified>
				<location type="string">Backpack</location>
				<locked type="number">1</locked>
				<name type="string">Tinderbox</name>
				<subtype type="string">Standard</subtype>
				<type type="string">Adventuring Gear</type>
				<weight type="number">1</weight>
			</id-00005>
			<id-00006>
				<carried type="number">1</carried>
				<cost type="string">2 sp</cost>
				<count type="number">1</count>
				<isidentified type="number">1</isidentified>
				<location type="string">Backpack</location>
				<locked type="number">1</locked>
				<name type="string">Waterskin</name>
				<subtype type="string">Standard</subtype>
				<type type="string">Adventuring Gear</type>
				<weight type="number">5</weight>
			</id-00006>
			<id-00007>
				<carried type="number">1</carried>
				<cost type="string">2 sp</cost>
				<count type="number">2</count>
				<description type="formattedtext">
					<p>This tin box contains a cup and simple cutlery. The box clamps together, and one side can be used as a cooking pan and the other as a plate or shallow bowl.</p>
				</description>
				<isidentified type="number">1</isidentified>
				<location type="string">Backpack</location>
				<locked type="number">1</locked>
				<name type="string">Mess Kit</name>
				<subtype type="string">Equipment Kits</subtype>
				<type type="string">Adventuring Gear</type>
				<weight type="number">1</weight>
			</id-00007>
			<id-00008>
				<carried type="number">1</carried>
				<cost type="string">1 gp</cost>
				<count type="number">1</count>
				<isidentified type="number">1</isidentified>
				<location type="string">Backpack</location>
				<locked type="number">1</locked>
				<name type="string">Rope, Hempen (50 Feet)</name>
				<subtype type="string">Standard</subtype>
				<type type="string">Adventuring Gear</type>
				<weight type="number">10</weight>
			</id-00008>
			<id-00009>
				<carried type="number">1</carried>
				<cost type="string">2 gp</cost>
				<count type="number">1</count>
				<description type="formattedtext">
					<p></p>
				</description>
				<isidentified type="number">1</isidentified>
				<locked type="number">1</locked>
				<name type="string">Backpack</name>
				<subtype type="string">Standard</subtype>
				<type type="string">Adventuring Gear</type>
				<weight type="number">5</weight>
			</id-00009>
			<id-00010>
				<ac type="number">0</ac>
				<bonus type="number">0</bonus>
				<carried type="number">2</carried>
				<cost type="string">50 gp</cost>
				<count type="number">1</count>
				<damage type="string">2d6 slashing</damage>
				<description type="formattedtext">
					<p></p>
				</description>
				<isidentified type="number">1</isidentified>
				<locked type="number">1</locked>
				<name type="string">Greatsword</name>
				<properties type="string">Heavy, two-handed</properties>
				<subtype type="string">Martial Weapons</subtype>
				<type type="string">Weapon</type>
				<weight type="number">6</weight>
			</id-00010>
			<id-00011>
				<ac type="number">0</ac>
				<bonus type="number">0</bonus>
				<carried type="number">1</carried>
				<cost type="string">50 - 100 gp</cost>
				<count type="number">1</count>
				<description type="formattedtext">
					<h>Description</h>
					<p>You regain 2d4 + 2 hit points when you drink this potion. The potion's red liquid glimmers when agitated.</p>
				</description>
				<isidentified type="number">1</isidentified>
				<locked type="number">1</locked>
				<name type="string">Potion of Healing</name>
				<nonid_name type="string">Potion</nonid_name>
				<nonidentified type="string">A vial of red liquid that shimmers when agitated.</nonidentified>
				<rarity type="string">Common</rarity>
				<type type="string">Potion</type>
				<weight type="number">0</weight>
			</id-00011>
			<id-00012>
				<ac type="number">0</ac>
				<bonus type="number">0</bonus>
				<carried type="number">2</carried>
				<cost type="string">5 sp</cost>
				<count type="number">8</count>
				<damage type="string">1d6 piercing</damage>
				<description type="formattedtext">
					<p></p>
				</description>
				<isidentified type="number">1</isidentified>
				<locked type="number">1</locked>
				<name type="string">Javelin</name>
				<properties type="string">Thrown (range 30/120)</properties>
				<subtype type="string">Simple Melee Weapons</subtype>
				<type type="string">Weapon</type>
				<weight type="number">2</weight>
			</id-00012>
			<id-00013>
				<ac type="number">0</ac>
				<bonus type="number">0</bonus>
				<carried type="number">1</carried>
				<cost type="string">1 gp</cost>
				<count type="number">2</count>
				<description type="formattedtext">
					<p></p>
				</description>
				<isidentified type="number">1</isidentified>
				<locked type="number">1</locked>
				<name type="string">Crossbow Bolts (20)</name>
				<subtype type="string">Ammunition</subtype>
				<type type="string">Adventuring Gear</type>
				<weight type="number">1.5</weight>
			</id-00013>
			<id-00016>
				<carried type="number">1</carried>
				<cost type="string">2 gp</cost>
				<count type="number">1</count>
				<description type="formattedtext">
					<p></p>
				</description>
				<isidentified type="number">1</isidentified>
				<location type="string">Backpack</location>
				<locked type="number">1</locked>
				<name type="string">Clothes, Traveler's</name>
				<subtype type="string">Standard</subtype>
				<type type="string">Adventuring Gear</type>
				<weight type="number">4</weight>
			</id-00016>
		</inventorylist>
		<languagelist>
			<id-00001>
				<name type="string">Common</name>
			</id-00001>
			<id-00002>
				<name type="string">Elvish</name>
			</id-00002>
			<id-00003>
				<name type="string">Dwarvish</name>
			</id-00003>
		</languagelist>
		<level type="number">4</level>
		<name type="string">Joe Strongarm</name>
		<perception type="number">10</perception>
		<perceptionmodifier type="number">0</perceptionmodifier>
		<personalitytraits type="string">I'm full of inspiring and cautionary tales from my military experience relevant to almost every combat situation.</personalitytraits>
		<powergroup>
			<id-00002>
				<atkprof type="number">1</atkprof>
				<name type="string">Potions</name>
				<saveprof type="number">1</saveprof>
			</id-00002>
			<id-00004>
				<name type="string">Class Abilities</name>
			</id-00004>
		</powergroup>
		<powermeta>
			<pactmagicslots1>
				<max type="number">0</max>
				<used type="number">0</used>
			</pactmagicslots1>
			<pactmagicslots2>
				<max type="number">0</max>
				<used type="number">0</used>
			</pactmagicslots2>
			<pactmagicslots3>
				<max type="number">0</max>
				<used type="number">0</used>
			</pactmagicslots3>
			<pactmagicslots4>
				<max type="number">0</max>
				<used type="number">0</used>
			</pactmagicslots4>
			<pactmagicslots5>
				<max type="number">0</max>
				<used type="number">0</used>
			</pactmagicslots5>
			<pactmagicslots6>
				<max type="number">0</max>
				<used type="number">0</used>
			</pactmagicslots6>
			<pactmagicslots7>
				<max type="number">0</max>
				<used type="number">0</used>
			</pactmagicslots7>
			<pactmagicslots8>
				<max type="number">0</max>
				<used type="number">0</used>
			</pactmagicslots8>
			<pactmagicslots9>
				<max type="number">0</max>
				<used type="number">0</used>
			</pactmagicslots9>
			<spellslots1>
				<max type="number">0</max>
				<used type="number">0</used>
			</spellslots1>
			<spellslots2>
				<max type="number">0</max>
				<used type="number">0</used>
			</spellslots2>
			<spellslots3>
				<max type="number">0</max>
				<used type="number">0</used>
			</spellslots3>
			<spellslots4>
				<max type="number">0</max>
				<used type="number">0</used>
			</spellslots4>
			<spellslots5>
				<max type="number">0</max>
				<used type="number">0</used>
			</spellslots5>
			<spellslots6>
				<max type="number">0</max>
				<used type="number">0</used>
			</spellslots6>
			<spellslots7>
				<max type="number">0</max>
				<used type="number">0</used>
			</spellslots7>
			<spellslots8>
				<max type="number">0</max>
				<used type="number">0</used>
			</spellslots8>
			<spellslots9>
				<max type="number">0</max>
				<used type="number">0</used>
			</spellslots9>
		</powermeta>
		<powermode type="string">combat</powermode>
		<powers>
			<id-00002>
				<actions>
					<id-00001>
						<heallist>
							<id-00001>
								<bonus type="number">2</bonus>
								<dice type="dice">d4,d4</dice>
								<stat type="string">base</stat>
							</id-00001>
						</heallist>
						<order type="number">1</order>
						<type type="string">heal</type>
					</id-00001>
				</actions>
				<cast type="number">0</cast>
				<description type="formattedtext">
					<p></p>
				</description>
				<group type="string">Potions</group>
				<level type="number">0</level>
				<name type="string">Healing Potion</name>
				<prepared type="number">4</prepared>
				<ritual type="number">0</ritual>
				<usesperiod type="string">once</usesperiod>
			</id-00002>
			<id-00009>
				<actions>
					<id-00001>
						<durmod type="number">0</durmod>
						<label type="string">Frenzy; Extra bonus action attack and suffer exhaustion after rage</label>
						<order type="number">1</order>
						<targeting type="string">self</targeting>
						<type type="string">effect</type>
					</id-00001>
				</actions>
				<cast type="number">0</cast>
				<castingtime type="string">Bonus action</castingtime>
				<description type="formattedtext">
					<p>Starting when you choose this path at 3rd level, when you rage you can choose to go into a frenzy. If you do so, for the duration of your rage you can make a single melee weapon attack as a bonus action each turn. When your rage ends, you suffer one level of exhaustion (as described in the conditions appendix).</p>
				</description>
				<group type="string">Class Abilities</group>
				<level type="number">0</level>
				<locked type="number">1</locked>
				<name type="string">Barbarian: Frenzy (B)</name>
				<prepared type="number">0</prepared>
				<ritual type="number">0</ritual>
				<school type="string">Class</school>
				<source type="string">Barbarian</source>
				<specialization type="string">Path of the Berserker</specialization>
			</id-00009>
			<id-00010>
				<actions>
					<id-00001>
						<durmod type="number">0</durmod>
						<label type="string">Danger Sense; ADVSAV: dexterity</label>
						<order type="number">1</order>
						<targeting type="string">self</targeting>
						<type type="string">effect</type>
					</id-00001>
				</actions>
				<cast type="number">0</cast>
				<description type="formattedtext">
					<p>At 2nd level, you gain an uncanny sense of when things nearby aren't as they should be, giving you an edge when you dodge away from danger.</p>
					<p>You have advantage on Dexterity saving throws against effects that originate within 30 feet of you, such as a trap or a spellcaster within that range. To gain this benefit, you cannot be blinded, deafened, or incapacitated.</p>
				</description>
				<group type="string">Class Abilities</group>
				<level type="number">0</level>
				<locked type="number">1</locked>
				<name type="string">Barbarian: Danger Sense (30)</name>
				<prepared type="number">0</prepared>
				<range type="string">30</range>
				<ritual type="number">0</ritual>
				<school type="string">Class</school>
				<source type="string">Barbarian</source>
			</id-00010>
			<id-00011>
				<actions>
					<id-00001>
						<durmod type="number">1</durmod>
						<durunit type="string">minute</durunit>
						<label type="string">Rage; ADVCHK: strength; ADVSAV: strength; DMG: 2,melee; RESIST: bludgeoning,piercing,slashing</label>
						<order type="number">1</order>
						<targeting type="string">self</targeting>
						<type type="string">effect</type>
					</id-00001>
				</actions>
				<cast type="number">0</cast>
				<castingtime type="string">Bonus action</castingtime>
				<description type="formattedtext">
					<p>In battle, you fight with primal ferocity. On your turn, you can enter a rage as a bonus action. While raging, you gain the following benefits if you aren't wearing heavy armor:</p>
					<list>
						<li>You have advantage on Strength checks and Strength saving throws.</li>
						<li>When you make a melee weapon attack using Strength, you gain a bonus to the damage roll that increases as you gain levels as a barbarian, as shown in the Rage Damage column of the Barbarian table.</li>
						<li>You have resistance to bludgeoning, piercing, and slashing damage.</li>
					</list>
					<p>If you are able to cast spells, you can't cast them while raging.</p>
					<p>Your rage lasts for 1 minute. It ends early if you are knocked unconscious or if your turn ends and you have neither attacked a hostile creature since your last turn nor taken damage since then. You can also end your rage as a bonus action on your turn</p>
					<p>Once you have raged the number of times shown for your barbarian level in the Rages column of the Barbarian table, you must finish a long rest before you can rage again.</p>
				</description>
				<duration type="string">1 minute</duration>
				<group type="string">Class Abilities</group>
				<level type="number">0</level>
				<locked type="number">1</locked>
				<name type="string">Barbarian: Rage (B)</name>
				<prepared type="number">0</prepared>
				<ritual type="number">0</ritual>
				<school type="string">Class</school>
				<source type="string">Barbarian</source>
			</id-00011>
			<id-00012>
				<actions>
					<id-00001>
						<durmod type="number">1</durmod>
						<label type="string">Reckless Attack; ADVATK: melee; GRANTADVATK</label>
						<order type="number">1</order>
						<targeting type="string">self</targeting>
						<type type="string">effect</type>
					</id-00001>
				</actions>
				<cast type="number">0</cast>
				<description type="formattedtext">
					<p>Starting at 2nd level, you can throw aside all concern for defense and attack with fierce desperation. When you make your first attack on your turn, you can decide to attack recklessly. Doing so gives you advantage on melee weapon attack rolls using Strength during this turn, but attack rolls against you have advantage until your next turn.</p>
				</description>
				<group type="string">Class Abilities</group>
				<level type="number">0</level>
				<locked type="number">1</locked>
				<name type="string">Barbarian: Reckless Attack</name>
				<prepared type="number">0</prepared>
				<ritual type="number">0</ritual>
				<school type="string">Class</school>
				<source type="string">Barbarian</source>
			</id-00012>
		</powers>
		<profbonus type="number">2</profbonus>
		<proficiencylist>
			<id-00001>
				<name type="string">Weapon: Simple weapons, martial weapons</name>
			</id-00001>
			<id-00002>
				<name type="string">Armor: Light armor. medium armor, shields</name>
			</id-00002>
			<id-00003>
				<name type="string">Smith Tools</name>
			</id-00003>
			<id-00006>
				<name type="string">Tool: One type of gaming set, vehicles (land)</name>
			</id-00006>
		</proficiencylist>
		<race type="string">Human</race>
		<racelink type="windowreference">
			<class>reference_race</class>
			<recordname>reference.racedata.human@DD PHB Deluxe</recordname>
		</racelink>
		<size type="string">Medium</size>
		<skilllist>
			<id-00001>
				<misc type="number">0</misc>
				<name type="string">Perception</name>
				<prof type="number">0</prof>
				<stat type="string">wisdom</stat>
				<total type="number">0</total>
			</id-00001>
			<id-00002>
				<misc type="number">0</misc>
				<name type="string">Athletics</name>
				<prof type="number">1</prof>
				<stat type="string">strength</stat>
				<total type="number">6</total>
			</id-00002>
			<id-00003>
				<misc type="number">0</misc>
				<name type="string">Intimidation</name>
				<prof type="number">1</prof>
				<stat type="string">charisma</stat>
				<total type="number">3</total>
			</id-00003>
			<id-00004>
				<misc type="number">0</misc>
				<name type="string">Arcana</name>
				<prof type="number">0</prof>
				<stat type="string">intelligence</stat>
				<total type="number">-1</total>
			</id-00004>
			<id-00005>
				<misc type="number">0</misc>
				<name type="string">Persuasion</name>
				<prof type="number">0</prof>
				<stat type="string">charisma</stat>
				<total type="number">1</total>
			</id-00005>
			<id-00006>
				<misc type="number">0</misc>
				<name type="string">Nature</name>
				<prof type="number">0</prof>
				<stat type="string">intelligence</stat>
				<total type="number">-1</total>
			</id-00006>
			<id-00007>
				<misc type="number">0</misc>
				<name type="string">Medicine</name>
				<prof type="number">0</prof>
				<stat type="string">wisdom</stat>
				<total type="number">0</total>
			</id-00007>
			<id-00008>
				<misc type="number">0</misc>
				<name type="string">Survival</name>
				<prof type="number">0</prof>
				<stat type="string">charisma</stat>
				<total type="number">1</total>
			</id-00008>
			<id-00009>
				<misc type="number">0</misc>
				<name type="string">Performance</name>
				<prof type="number">0</prof>
				<stat type="string">charisma</stat>
				<total type="number">1</total>
			</id-00009>
			<id-00010>
				<misc type="number">0</misc>
				<name type="string">Acrobatics</name>
				<prof type="number">0</prof>
				<stat type="string">dexterity</stat>
				<total type="number">2</total>
			</id-00010>
			<id-00011>
				<misc type="number">0</misc>
				<name type="string">Religion</name>
				<prof type="number">0</prof>
				<stat type="string">intelligence</stat>
				<total type="number">-1</total>
			</id-00011>
			<id-00012>
				<misc type="number">0</misc>
				<name type="string">Sleight of Hand</name>
				<prof type="number">0</prof>
				<stat type="string">dexterity</stat>
				<total type="number">2</total>
			</id-00012>
			<id-00013>
				<misc type="number">0</misc>
				<name type="string">Insight</name>
				<prof type="number">0</prof>
				<stat type="string">wisdom</stat>
				<total type="number">0</total>
			</id-00013>
			<id-00014>
				<misc type="number">0</misc>
				<name type="string">Deception</name>
				<prof type="number">0</prof>
				<stat type="string">charisma</stat>
				<total type="number">1</total>
			</id-00014>
			<id-00015>
				<misc type="number">0</misc>
				<name type="string">Investigation</name>
				<prof type="number">0</prof>
				<stat type="string">intelligence</stat>
				<total type="number">-1</total>
			</id-00015>
			<id-00016>
				<misc type="number">0</misc>
				<name type="string">Stealth</name>
				<prof type="number">0</prof>
				<stat type="string">dexterity</stat>
				<total type="number">2</total>
			</id-00016>
			<id-00017>
				<misc type="number">0</misc>
				<name type="string">History</name>
				<prof type="number">0</prof>
				<stat type="string">intelligence</stat>
				<total type="number">-1</total>
			</id-00017>
			<id-00018>
				<misc type="number">0</misc>
				<name type="string">Animal Handling</name>
				<prof type="number">0</prof>
				<stat type="string">wisdom</stat>
				<total type="number">0</total>
			</id-00018>
			<id-00019>
				<misc type="number">0</misc>
				<name type="string">Armor</name>
				<prof type="number">1</prof>
				<stat type="string">strength</stat>
				<total type="number">6</total>
			</id-00019>
		</skilllist>
		<speed>
			<armor type="number">0</armor>
			<base type="number">30</base>
			<misc type="number">0</misc>
			<temporary type="number">0</temporary>
			<total type="number">30</total>
		</speed>
		<temp>
		</temp>
		<token type="token">portrait_id-00021_token</token>
		<traitlist>
		</traitlist>
		<weaponlist>
			<id-00003>
				<ammo type="number">3</ammo>
				<attackbonus type="number">0</attackbonus>
				<carried type="number">2</carried>
				<damagelist>
					<id-00001>
						<bonus type="number">0</bonus>
						<dice type="dice">d6</dice>
						<stat type="string">base</stat>
						<type type="string">piercing</type>
					</id-00001>
				</damagelist>
				<isidentified type="number">1</isidentified>
				<maxammo type="number">8</maxammo>
				<name type="string">Javelin</name>
				<prof type="number">1</prof>
				<shortcut type="windowreference">
					<class>item</class>
					<recordname>....inventorylist.id-00012</recordname>
				</shortcut>
				<type type="number">2</type>
			</id-00003>
			<id-00004>
				<attackbonus type="number">0</attackbonus>
				<carried type="number">2</carried>
				<damagelist>
					<id-00001>
						<bonus type="number">0</bonus>
						<dice type="dice">d6</dice>
						<stat type="string">base</stat>
						<type type="string">piercing</type>
					</id-00001>
				</damagelist>
				<isidentified type="number">1</isidentified>
				<maxammo type="number">0</maxammo>
				<name type="string">Javelin</name>
				<prof type="number">1</prof>
				<shortcut type="windowreference">
					<class>item</class>
					<recordname>....inventorylist.id-00012</recordname>
				</shortcut>
				<type type="number">0</type>
			</id-00004>
			<id-00006>
				<attackbonus type="number">0</attackbonus>
				<carried type="number">2</carried>
				<damagelist>
					<id-00001>
						<bonus type="number">0</bonus>
						<dice type="dice">d6,d6</dice>
						<stat type="string">base</stat>
						<type type="string">slashing</type>
					</id-00001>
				</damagelist>
				<maxammo type="number">0</maxammo>
				<name type="string">Greatsword</name>
				<prof type="number">1</prof>
				<properties type="string">heavy, two-handed</properties>
				<shortcut type="windowreference">
					<class></class>
					<recordname></recordname>
				</shortcut>
				<type type="number">0</type>
			</id-00006>
		</weaponlist>
		<weight type="string">210</weight>
	</character>
</root>
