<?xml version="1.0" encoding="iso-8859-1"?>
<root version="3.3" release="8|CoreRPG:3">
	<character>
		<abilities>
			<charisma>
				<bonus type="number">0</bonus>
				<save type="number">0</save>
				<savemodifier type="number">0</savemodifier>
				<saveprof type="number">0</saveprof>
				<score type="number">10</score>
			</charisma>
			<constitution>
				<bonus type="number">2</bonus>
				<save type="number">2</save>
				<savemodifier type="number">0</savemodifier>
				<saveprof type="number">0</saveprof>
				<score type="number">14</score>
			</constitution>
			<dexterity>
				<bonus type="number">3</bonus>
				<save type="number">5</save>
				<savemodifier type="number">0</savemodifier>
				<saveprof type="number">1</saveprof>
				<score type="number">16</score>
			</dexterity>
			<intelligence>
				<bonus type="number">0</bonus>
				<save type="number">0</save>
				<savemodifier type="number">0</savemodifier>
				<saveprof type="number">0</saveprof>
				<score type="number">10</score>
			</intelligence>
			<strength>
				<bonus type="number">1</bonus>
				<save type="number">3</save>
				<savemodifier type="number">0</savemodifier>
				<saveprof type="number">1</saveprof>
				<score type="number">12</score>
			</strength>
			<wisdom>
				<bonus type="number">1</bonus>
				<save type="number">1</save>
				<savemodifier type="number">0</savemodifier>
				<saveprof type="number">0</saveprof>
				<score type="number">12</score>
			</wisdom>
		</abilities>
		<adventurelist>
		</adventurelist>
		<age type="string">146</age>
		<alignment type="string">Neutral Good</alignment>
		<background type="string">Soldier</background>
		<backgroundlink type="windowreference">
			<class>reference_background</class>
			<recordname>reference.backgrounddata.soldier@DD PHB Deluxe</recordname>
		</backgroundlink>
		<bonds type="string">Those who fight beside me are those worth dying for.</bonds>
		<classes>
			<id-00003>
				<casterlevelinvmult type="number">2</casterlevelinvmult>
				<casterpactmagic type="number">0</casterpactmagic>
				<hddie type="dice">d10</hddie>
				<hdused type="number">1</hdused>
				<level type="number">3</level>
				<name type="string">Ranger</name>
				<shortcut type="windowreference">
					<class>reference_class</class>
					<recordname>reference.classdata.ranger@DD PHB Deluxe</recordname>
				</shortcut>
			</id-00003>
		</classes>
		<coins>
			<slot1>
				<amount type="number">15</amount>
				<name type="string">GP</name>
			</slot1>
			<slot2>
				<amount type="number">13</amount>
				<name type="string">SP</name>
			</slot2>
			<slot3>
				<amount type="number">13</amount>
				<name type="string">CP</name>
			</slot3>
			<slot4>
				<amount type="number">0</amount>
			</slot4>
			<slot5>
				<amount type="number">0</amount>
			</slot5>
			<slot6>
				<amount type="number">0</amount>
			</slot6>
		</coins>
		<defenses>
			<ac>
				<armor type="number">3</armor>
				<dexbonus type="string">max2</dexbonus>
				<disstealth type="number">0</disstealth>
				<misc type="number">0</misc>
				<prof type="number">1</prof>
				<shield type="number">0</shield>
				<temporary type="number">0</temporary>
				<total type="number">15</total>
			</ac>
		</defenses>
		<encumbrance>
			<encumbered type="number">60</encumbered>
			<encumberedheavy type="number">120</encumberedheavy>
			<liftpushdrag type="number">360</liftpushdrag>
			<load type="number">95.02</load>
			<max type="number">180</max>
		</encumbrance>
		<exp type="number">370</exp>
		<expneeded type="number">400</expneeded>
		<featlist>
		</featlist>
		<featurelist>
			<id-00001>
				<locked type="number">1</locked>
				<name type="string">Military Rank</name>
				<source type="string">Soldier</source>
				<text type="formattedtext">
					<p>You have a military rank from your career as a soldier.</p>
					<p>Soldiers loyal to your former military organization still recognize your authority and influence, and they defer to you if they are of a lower rank. You can invoke your rank to exert influence over other soldiers and requisition simple equipment or horses for temporary use. You can also usually gain access to friendly military encampments and fortresses where your rank is recognized.</p>
				</text>
			</id-00001>
			<id-00002>
				<level type="number">1</level>
				<locked type="number">1</locked>
				<name type="string">Natural Explorer</name>
				<source type="string">Ranger</source>
				<text type="formattedtext">
					<p>You are particularly familiar with one type of natural environment and are adept at traveling and surviving in such regions. Choose one type of favored terrain: arctic, coast, desert, forest, grassland, mountain, swamp, or the Underdark. When you make an Intelligence or Wisdom check related to your favored terrain, your proficiency bonus is doubled if you are using a skill that you're proficient in.</p>
					<p>While traveling for an hour or m ore in your favored terrain, you gain the following benefits:</p>
					<list>
						<li>Difficult terrain doesn't slow your group's travel.</li>
						<li>Your group can't become lost except by magical means.</li>
						<li>Even when you are engaged in another activity while traveling (such as foraging, navigating, or tracking), you remain alert to danger.</li>
						<li>If you are traveling alone, you can move stealthily at a normal pace.</li>
						<li>When you forage, you find twice as much food as you normally would.</li>
						<li>While tracking other creatures, you also learn their exact number, their sizes, and how long ago they passed through the area.</li>
					</list>
					<p>You choose additional favored terrain types at 6th and 10th level.</p>
				</text>
			</id-00002>
			<id-00003>
				<level type="number">1</level>
				<locked type="number">1</locked>
				<name type="string">Favored Enemy: Goblin</name>
				<source type="string">Ranger</source>
				<text type="formattedtext">
					<p>Beginning at 1st level, you have significant experience studying, tracking, hunting, and even talking to a certain type of enemy.</p>
					<p>Choose a type of favored enemy: aberrations, beasts, celestials, constructs, dragons, elementals, fey, fiends, giants, monstrosities, oozes, plants, or undead. Alternatively, you can select two races of humanoid (such as gnolls and orcs) as favored enemies.</p>
					<p>You have advantage on Wisdom(Survival) checks to track your favored enemies, as well as on Intelligence checks to recall information about them.</p>
					<p>When you gain this feature, you also learn one language of your choice that is spoken by your favored enemies, if they speak one at all.</p>
					<p>You choose one additional favored enemy, as well as an associated language, at 6th and 14th level. As you gain levels, your choices should reflect the types of monsters you have encountered on your adventures.</p>
				</text>
			</id-00003>
			<id-00004>
				<level type="number">1</level>
				<locked type="number">1</locked>
				<name type="string">Favored Enemy: Orc</name>
				<source type="string">Ranger</source>
				<text type="formattedtext">
					<p>Beginning at 1st level, you have significant experience studying, tracking, hunting, and even talking to a certain type of enemy.</p>
					<p>Choose a type of favored enemy: aberrations, beasts, celestials, constructs, dragons, elementals, fey, fiends, giants, monstrosities, oozes, plants, or undead. Alternatively, you can select two races of humanoid (such as gnolls and orcs) as favored enemies.</p>
					<p>You have advantage on Wisdom(Survival) checks to track your favored enemies, as well as on Intelligence checks to recall information about them.</p>
					<p>When you gain this feature, you also learn one language of your choice that is spoken by your favored enemies, if they speak one at all.</p>
					<p>You choose one additional favored enemy, as well as an associated language, at 6th and 14th level. As you gain levels, your choices should reflect the types of monsters you have encountered on your adventures.</p>
				</text>
			</id-00004>
			<id-00005>
				<level type="number">2</level>
				<locked type="number">1</locked>
				<name type="string">Fighting Style - Archery</name>
				<source type="string">Ranger</source>
				<text type="formattedtext">
					<p>At 2nd level, you adopt a particular style of fighting as your specialty. Choose one of the following options. You can't take a Fighting Style option more than once, even if you later get to choose again.</p>
					<p><b>Archery</b></p>
					<p>You gain a +2 bonus to attack rolls you make with ranged weapons.</p>
					<p><b>Defense</b></p>
					<p>While you are wearing armor, you gain a +1 bonus to AC.</p>
					<p><b>Dueling</b></p>
					<p>When you are wielding a melee weapon in one hand and no other weapons, you gain a +2 bonus to damage rolls with that weapon.</p>
					<p><b>Two-Weapon Fighting</b></p>
					<p>When you engage in two-weapon fighting, you can add your ability modifier to the damage of the second attack.</p>
				</text>
			</id-00005>
			<id-00006>
				<level type="number">2</level>
				<locked type="number">1</locked>
				<name type="string">Spellcasting</name>
				<source type="string">Ranger</source>
				<text type="formattedtext">
					<p>By the time you reach 2nd level, you have learned to use the magical essence of nature to cast spells, much as a druid does. See chapter 10 for the general rules of spellcasting and chapter 11 for the ranger spell list.</p>
					<linklist>
						<link class="reference_colindex" recordname="reference.spelllists.ranger@DD PHB Deluxe">Ranger Spells</link>
					</linklist>
					<p><b>Spell Slots</b></p>
					<p>The Ranger table shows how many spell slots you have to cast your spells of 1st level and higher. To cast one of these spells, you must expend a slot of the spell's level or higher. You regain all expended spell slots when you finish a long rest.</p>
					<p>For example, if you know the 1st-level spell animal friendship and have a 1st-level and a 2nd-level spell slot available, you can cast animal friendship using either slot.</p>
					<p><b>Spells Known of 1st Level and Higher</b></p>
					<p>You know two 1st-level spells of your choice from the ranger spell list.</p>
					<p>The Spells Known column of the Ranger table shows when you learn more ranger spells of your choice. Each of these spells must be of a level for which you have spell slots. For instance, when you reach 5th level in this class, you can learn one new spell of 1st or 2nd level. Additionally, when you gain a level in this class, you can choose one of the ranger spells you know and replace it with another spell from the ranger spell list, which also must be of a level for which you have spell slots.</p>
					<p><b>Spellcasting Ability</b></p>
					<p>Wisdom is your spellcasting ability for your ranger spells, since your magic draws on your attunement to nature. You use your Wisdom whenever a spell refers to your spellcasting ability. In addition, you use your Wisdom modifier when setting the saving throw DC for a ranger spell you cast and when making an attack roll with one.</p>
					<p><b>Spell save DC </b>= 8 + your proficiency bonus + your Wisdom modifier</p>
					<p><b>Spell attack modifier </b>= your proficiency bonus + your Wisdom modifier</p>
				</text>
			</id-00006>
			<id-00007>
				<level type="number">1</level>
				<locked type="number">1</locked>
				<name type="string">Hunter</name>
				<source type="string">Ranger</source>
				<text type="formattedtext">
					<p>Emulating the Hunter archetype means accepting your place as a bulwark between civilization and the terrors of the wilderness. As you walk the Hunter's path, you learn specialized techniques for fighting the threats you face, from rampaging ogres and hordes of orcs to towering giants and terrifying dragons.</p>
					<h>Features</h>
					<linklist>
						<link class="reference_classfeature" recordname="reference.classdata.ranger.features.hunter_sprey3@DD PHB Deluxe">Hunter's Prey</link>
						<link class="reference_classfeature" recordname="reference.classdata.ranger.features.defensivetactics7@DD PHB Deluxe">Defensive Tactics</link>
						<link class="reference_classfeature" recordname="reference.classdata.ranger.features.multiattack11@DD PHB Deluxe">Multiattack</link>
						<link class="reference_classfeature" recordname="reference.classdata.ranger.features.superiorhunter_sdefense15@DD PHB Deluxe">Superior Hunter's Defense</link>
					</linklist>
				</text>
			</id-00007>
			<id-00008>
				<level type="number">3</level>
				<locked type="number">1</locked>
				<name type="string">Hunter's Prey</name>
				<source type="string">Ranger</source>
				<specialization type="string">Hunter</specialization>
				<text type="formattedtext">
					<p>At 3rd level, you gain one of the following features of your choice.</p>
					<p><b>Colossus Slayer. </b>Your tenacity can wear down the most potent foes. When you hit a creature with a weapon attack, the creature takes an extra 1d8 damage if it's below its hit point maximum. You can deal this extra damage only once per turn.</p>
					<p><b>Giant Killer. </b>When a Large or larger creature within 5 feet of you hits or misses you with an attack, you can use your reaction to attack that creature immediately after its attack, provided that you can see the creature.</p>
					<p><b>Horde Breaker. </b>Once on each of your turns when you make a weapon attack, you can make another attack with the same weapon against a different creature that is within 5 feet of the original target and within range of your weapon.</p>
				</text>
			</id-00008>
			<id-00009>
				<level type="number">3</level>
				<locked type="number">1</locked>
				<name type="string">Primeval Awareness</name>
				<source type="string">Ranger</source>
				<text type="formattedtext">
					<p>Beginning at 3rd level, you can use your action and expend one ranger spell slot to focus your awareness on the region around you. For 1 minute per level of the spell slot you expend, you can sense whether the following types of creatures are present within 1 mile of you (or within up to 6 miles if you are in your favored terrain): aberrations, celestials, dragons, elementals, fey, fiends, and undead. This feature doesn't reveal the creatures' location or number.</p>
				</text>
			</id-00009>
		</featurelist>
		<flaws type="string">I obey the law, even if the law causes misery.</flaws>
		<gender type="string">Male</gender>
		<height type="string">5'7&#34;</height>
		<hp>
			<deathsavefail type="number">0</deathsavefail>
			<deathsavesuccess type="number">0</deathsavesuccess>
			<hdmod type="number">0</hdmod>
			<hdstat type="string">constitution</hdstat>
			<temporary type="number">0</temporary>
			<total type="number">32</total>
			<wounds type="number">0</wounds>
		</hp>
		<ideals type="string">Greater Good. Our lot is to lay down our lives in defense of others. (Good)</ideals>
		<initiative>
			<misc type="number">0</misc>
			<temporary type="number">0</temporary>
			<total type="number">3</total>
		</initiative>
		<inventorylist>
			<id-00001>
				<ac type="number">13</ac>
				<carried type="number">2</carried>
				<cost type="string">50 gp</cost>
				<count type="number">1</count>
				<description type="formattedtext">
					<p>Medium armor offers more protection than light armor, but it also impairs movement more. If you wear medium armor, you add your Dexterity modifier, to a maximum of +2, to the base number from your armor type to determine your Armor Class.</p>
					<p>Made of interlocking metal rings, a chain shirt is worn between layers of clothing or leather. This armor offers modest protection to the wearer's upper body and allows the sound of the rings rubbing against one another to be muffled by outer layers.</p>
				</description>
				<dexbonus type="string">Yes (max 2)</dexbonus>
				<isidentified type="number">1</isidentified>
				<locked type="number">1</locked>
				<name type="string">Chain Shirt</name>
				<stealth type="string">-</stealth>
				<strength type="string">-</strength>
				<subtype type="string">Medium Armor</subtype>
				<type type="string">Armor</type>
				<weight type="number">20</weight>
			</id-00001>
			<id-00002>
				<ac type="number">0</ac>
				<bonus type="number">0</bonus>
				<carried type="number">2</carried>
				<cost type="string">50 gp</cost>
				<count type="number">1</count>
				<damage type="string">1d8 piercing</damage>
				<description type="formattedtext">
					<p></p>
				</description>
				<isidentified type="number">1</isidentified>
				<locked type="number">1</locked>
				<name type="string">Longbow</name>
				<properties type="string">Ammunition (range 150/600), heavy, two-handed</properties>
				<subtype type="string">Martial Ranged Weapons</subtype>
				<type type="string">Weapon</type>
				<weight type="number">2</weight>
			</id-00002>
			<id-00004>
				<carried type="number">0</carried>
				<cost type="string">2 gp</cost>
				<count type="number">1</count>
				<damage type="string">1d4 piercing</damage>
				<isidentified type="number">1</isidentified>
				<locked type="number">1</locked>
				<name type="string">Dagger</name>
				<properties type="string">Finesse, light, thrown (range 20/60)</properties>
				<subtype type="string">Simple Melee Weapons</subtype>
				<type type="string">Weapon</type>
				<weight type="number">1</weight>
			</id-00004>
			<id-00005>
				<carried type="number">1</carried>
				<cost type="string">1 gp</cost>
				<count type="number">1</count>
				<isidentified type="number">1</isidentified>
				<locked type="number">1</locked>
				<name type="string">Arrows (20)</name>
				<subtype type="string">Ammunition</subtype>
				<type type="string">Adventuring Gear</type>
				<weight type="number">1</weight>
			</id-00005>
			<id-00006>
				<carried type="number">1</carried>
				<cost type="string">2 sp</cost>
				<count type="number">2</count>
				<description type="formattedtext">
					<p>This tin box contains a cup and simple cutlery. The box clamps together, and one side can be used as a cooking pan and the other as a plate or shallow bowl.</p>
				</description>
				<isidentified type="number">1</isidentified>
				<locked type="number">1</locked>
				<name type="string">Mess Kit</name>
				<subtype type="string">Equipment Kits</subtype>
				<type type="string">Adventuring Gear</type>
				<weight type="number">1</weight>
			</id-00006>
			<id-00007>
				<carried type="number">1</carried>
				<cost type="string">1 gp</cost>
				<count type="number">1</count>
				<isidentified type="number">1</isidentified>
				<locked type="number">1</locked>
				<name type="string">Bedroll</name>
				<subtype type="string">Standard</subtype>
				<type type="string">Adventuring Gear</type>
				<weight type="number">7</weight>
			</id-00007>
			<id-00008>
				<carried type="number">1</carried>
				<cost type="string">5 sp</cost>
				<count type="number">10</count>
				<description type="formattedtext">
					<p>Rations consist of dry foods suitable for extended travel, including jerky, dried fruit, hardtack, and nuts.</p>
				</description>
				<isidentified type="number">1</isidentified>
				<locked type="number">1</locked>
				<name type="string">Rations (1 Day)</name>
				<subtype type="string">Standard</subtype>
				<type type="string">Adventuring Gear</type>
				<weight type="number">2</weight>
			</id-00008>
			<id-00009>
				<carried type="number">1</carried>
				<cost type="string">1 cp</cost>
				<count type="number">10</count>
				<description type="formattedtext">
					<p>A torch burns for 1 hour, providing bright light in a 20-foot radius and dim light for an additional 20 feet. If you make a melee attack with a burning torch and hit, it deals 1 fire damage.</p>
				</description>
				<isidentified type="number">1</isidentified>
				<locked type="number">1</locked>
				<name type="string">Torch</name>
				<subtype type="string">Standard</subtype>
				<type type="string">Adventuring Gear</type>
				<weight type="number">1</weight>
			</id-00009>
			<id-00010>
				<carried type="number">1</carried>
				<cost type="string">5 sp</cost>
				<count type="number">1</count>
				<description type="formattedtext">
					<p>This small container holds flint, fire steel, and tinder (usually dry cloth soaked in light oil) used to kindle a fire. Using it to light a torch-or anything else with abundant, exposed fuel-takes an action. Lighting any other fire takes 1 minute.</p>
				</description>
				<isidentified type="number">1</isidentified>
				<locked type="number">1</locked>
				<name type="string">Tinderbox</name>
				<subtype type="string">Standard</subtype>
				<type type="string">Adventuring Gear</type>
				<weight type="number">1</weight>
			</id-00010>
			<id-00011>
				<carried type="number">1</carried>
				<cost type="string">2 sp</cost>
				<count type="number">1</count>
				<isidentified type="number">1</isidentified>
				<locked type="number">1</locked>
				<name type="string">Waterskin</name>
				<subtype type="string">Standard</subtype>
				<type type="string">Adventuring Gear</type>
				<weight type="number">5</weight>
			</id-00011>
			<id-00012>
				<carried type="number">1</carried>
				<cost type="string">1 gp</cost>
				<count type="number">1</count>
				<isidentified type="number">1</isidentified>
				<locked type="number">1</locked>
				<name type="string">Rope, Hempen (50 Feet)</name>
				<subtype type="string">Standard</subtype>
				<type type="string">Adventuring Gear</type>
				<weight type="number">10</weight>
			</id-00012>
			<id-00013>
				<carried type="number">1</carried>
				<cost type="string">2 gp</cost>
				<count type="number">1</count>
				<isidentified type="number">1</isidentified>
				<locked type="number">1</locked>
				<name type="string">Backpack (Empty)</name>
				<subtype type="string">Standard</subtype>
				<type type="string">Adventuring Gear</type>
				<weight type="number">5</weight>
			</id-00013>
			<id-00014>
				<carried type="number">1</carried>
				<cost type="string">1 gp</cost>
				<count type="number">1</count>
				<isidentified type="number">1</isidentified>
				<locked type="number">1</locked>
				<name type="string">Bag (Small)</name>
				<subtype type="string">Standard</subtype>
				<type type="string">Adventuring Gear</type>
				<weight type="number">0.02</weight>
			</id-00014>
			<id-00015>
				<carried type="number">1</carried>
				<cost type="string">5 sp</cost>
				<count type="number">1</count>
				<isidentified type="number">1</isidentified>
				<locked type="number">1</locked>
				<name type="string">Clothes, Common</name>
				<subtype type="string">Standard</subtype>
				<type type="string">Adventuring Gear</type>
				<weight type="number">3</weight>
			</id-00015>
			<id-00016>
				<carried type="number">1</carried>
				<cost type="string">5 sp</cost>
				<count type="number">1</count>
				<description type="formattedtext">
					<p>A cloth or leather pouch can hold up to 20 sling bullets or 50 blowgun needles, among other things. A compartmentalized pouch for holding spell components is called a component pouch (described earlier in this section).</p>
				</description>
				<isidentified type="number">1</isidentified>
				<locked type="number">1</locked>
				<name type="string">Pouch</name>
				<subtype type="string">Standard</subtype>
				<type type="string">Adventuring Gear</type>
				<weight type="number">1</weight>
			</id-00016>
			<id-00017>
				<carried type="number">1</carried>
				<cost type="string">1 gp</cost>
				<count type="number">1</count>
				<description type="formattedtext">
					<p>A quiver can hold up to 20 arrows.</p>
				</description>
				<isidentified type="number">1</isidentified>
				<locked type="number">1</locked>
				<name type="string">Quiver</name>
				<subtype type="string">Standard</subtype>
				<type type="string">Adventuring Gear</type>
				<weight type="number">1</weight>
			</id-00017>
			<id-00018>
				<carried type="number">1</carried>
				<cost type="string">1 cp</cost>
				<count type="number">1</count>
				<isidentified type="number">1</isidentified>
				<locked type="number">1</locked>
				<name type="string">Whetstone</name>
				<subtype type="string">Standard</subtype>
				<type type="string">Adventuring Gear</type>
				<weight type="number">1</weight>
			</id-00018>
			<id-00019>
				<carried type="number">0</carried>
				<cost type="string">15 gp</cost>
				<count type="number">1</count>
				<damage type="string">1d8 slashing</damage>
				<isidentified type="number">1</isidentified>
				<locked type="number">1</locked>
				<name type="string">Longsword</name>
				<properties type="string">Versatile (1d10)</properties>
				<subtype type="string">Martial Weapons</subtype>
				<type type="string">Weapon</type>
				<weight type="number">3</weight>
			</id-00019>
			<id-00020>
				<ac type="number">2</ac>
				<carried type="number">1</carried>
				<cost type="string">10 gp</cost>
				<count type="number">1</count>
				<description type="formattedtext">
					<p>A shield is made from wood or metal and is carried in one hand. Wielding a shield increases your Armor Class by 2. You can benefit from only one shield at a time.</p>
				</description>
				<dexbonus type="string">-</dexbonus>
				<isidentified type="number">1</isidentified>
				<locked type="number">1</locked>
				<name type="string">Shield</name>
				<stealth type="string">-</stealth>
				<strength type="string">-</strength>
				<subtype type="string">Shield</subtype>
				<type type="string">Armor</type>
				<weight type="number">6</weight>
			</id-00020>
		</inventorylist>
		<languagelist>
			<id-00001>
				<name type="string">Common</name>
			</id-00001>
			<id-00002>
				<name type="string">Elvish</name>
			</id-00002>
			<id-00003>
				<name type="string">Orcish</name>
			</id-00003>
			<id-00004>
				<name type="string">Goblin</name>
			</id-00004>
		</languagelist>
		<level type="number">3</level>
		<name type="string">Telvolas Ithildin</name>
		<perception type="number">13</perception>
		<perceptionmodifier type="number">0</perceptionmodifier>
		<personalitytraits type="string">I'm full of inspiring and cautionary tales from my military experience relevant to almost every combat situation.</personalitytraits>
		<powerdisplaymode type="string">action</powerdisplaymode>
		<powergroup>
			<id-00001>
				<atkmod type="number">0</atkmod>
				<atkprof type="number">1</atkprof>
				<castertype type="string">memorization</castertype>
				<name type="string">Spells</name>
				<prepared type="number">3</prepared>
				<savemod type="number">0</savemod>
				<saveprof type="number">1</saveprof>
				<stat type="string">wisdom</stat>
				<uses type="number">0</uses>
			</id-00001>
		</powergroup>
		<powermeta>
			<pactmagicslots1>
				<max type="number">0</max>
				<used type="number">0</used>
			</pactmagicslots1>
			<pactmagicslots2>
				<max type="number">0</max>
				<used type="number">0</used>
			</pactmagicslots2>
			<pactmagicslots3>
				<max type="number">0</max>
				<used type="number">0</used>
			</pactmagicslots3>
			<pactmagicslots4>
				<max type="number">0</max>
				<used type="number">0</used>
			</pactmagicslots4>
			<pactmagicslots5>
				<max type="number">0</max>
				<used type="number">0</used>
			</pactmagicslots5>
			<pactmagicslots6>
				<max type="number">0</max>
				<used type="number">0</used>
			</pactmagicslots6>
			<pactmagicslots7>
				<max type="number">0</max>
				<used type="number">0</used>
			</pactmagicslots7>
			<pactmagicslots8>
				<max type="number">0</max>
				<used type="number">0</used>
			</pactmagicslots8>
			<pactmagicslots9>
				<max type="number">0</max>
				<used type="number">0</used>
			</pactmagicslots9>
			<spellslots1>
				<max type="number">3</max>
				<used type="number">0</used>
			</spellslots1>
			<spellslots2>
				<max type="number">0</max>
				<used type="number">0</used>
			</spellslots2>
			<spellslots3>
				<max type="number">0</max>
				<used type="number">0</used>
			</spellslots3>
			<spellslots4>
				<max type="number">0</max>
				<used type="number">0</used>
			</spellslots4>
			<spellslots5>
				<max type="number">0</max>
				<used type="number">0</used>
			</spellslots5>
			<spellslots6>
				<max type="number">0</max>
				<used type="number">0</used>
			</spellslots6>
			<spellslots7>
				<max type="number">0</max>
				<used type="number">0</used>
			</spellslots7>
			<spellslots8>
				<max type="number">0</max>
				<used type="number">0</used>
			</spellslots8>
			<spellslots9>
				<max type="number">0</max>
				<used type="number">0</used>
			</spellslots9>
		</powermeta>
		<powermode type="string">combat</powermode>
		<powers>
			<id-00001>
				<actions>
					<id-00001>
						<durmod type="number">1</durmod>
						<durunit type="string">hour</durunit>
						<label type="string">Hunter's Mark; DMG: 1d6; (C)</label>
						<order type="number">1</order>
						<targeting type="string">self</targeting>
						<type type="string">effect</type>
					</id-00001>
				</actions>
				<cast type="number">0</cast>
				<castingtime type="string">1 bonus action</castingtime>
				<components type="string">V</components>
				<description type="formattedtext">
					<p>You choose a creature you can see within range and mystically mark it as your quarry. Until the spell ends, you deal an extra 1d6 damage to the target whenever you hit it with a weapon attack, and you have advantage on any Wisdom (Perception) or Wisdom (Survival) check you make to find it. If the target drops to 0 hit points before this spell ends, you can use a bonus action on a subsequent turn of yours to mark a new creature.</p>
					<p><b>At Higher Levels. </b>When you cast this spell using a spell slot of 3rd or 4th level, you can maintain your concentration on the spell for up to 8 hours. When you use a spell slot of 5th level or higher, you can maintain your concentration on the spell for up to 24 hours.</p>
				</description>
				<duration type="string">Concentration, up to 1 hour</duration>
				<group type="string">Spells</group>
				<level type="number">1</level>
				<locked type="number">1</locked>
				<name type="string">Hunter's Mark</name>
				<prepared type="number">1</prepared>
				<range type="string">90 feet</range>
				<school type="string">Divination</school>
				<source type="string">Ranger</source>
			</id-00001>
			<id-00004>
				<actions>
				</actions>
				<cast type="number">0</cast>
				<castingtime type="string">1 action</castingtime>
				<components type="string">V, S</components>
				<description type="formattedtext">
					<p>You gain the ability to comprehend and verbally communicate with beasts for the duration. The knowledge and awareness of many beasts is limited by their intelligence, but at minimum, beasts can give you information about nearby locations and monsters, including whatever they can perceive or have perceived within the past day. You might be able to persuade a beast to perform a small favor for you, at the DM's discretion.</p>
				</description>
				<duration type="string">10 minutes</duration>
				<group type="string">Spells</group>
				<level type="number">1</level>
				<locked type="number">1</locked>
				<name type="string">Speak with Animals</name>
				<prepared type="number">1</prepared>
				<range type="string">Self</range>
				<ritual type="number">1</ritual>
				<school type="string">Divination</school>
				<source type="string">Bard, Cleric Nature Domain, Druid, Eldritch Invocations, Ranger</source>
			</id-00004>
			<id-00006>
				<actions>
					<id-00001>
						<order type="number">1</order>
						<savemagic type="number">1</savemagic>
						<savetype type="string">strength</savetype>
						<type type="string">cast</type>
					</id-00001>
					<id-00002>
						<durmod type="number">1</durmod>
						<durunit type="string">minute</durunit>
						<label type="string">Restrained; (C)</label>
						<order type="number">2</order>
						<type type="string">effect</type>
					</id-00002>
					<id-00003>
						<durmod type="number">1</durmod>
						<durunit type="string">minute</durunit>
						<label type="string">DMGO: 1d6 piercing; (C)</label>
						<order type="number">3</order>
						<type type="string">effect</type>
					</id-00003>
				</actions>
				<cast type="number">0</cast>
				<castingtime type="string">1 bonus action</castingtime>
				<components type="string">V</components>
				<description type="formattedtext">
					<p>The next time you hit a creature with a weapon attack before this spell ends, a writhing mass of thorny vines appears at the point of impact, and the target must succeed on a Strength saving throw or be restrained by the magical vines until the spell ends. A Large or larger creature has advantage on this saving throw. If the target succeeds on the save, the vines shrivel away.</p>
					<p>While restrained by this spell, the target takes 1d6 piercing damage at the start of each of its turns. A creature restrained by the vines or one that can touch the creature can use its action to make a Strength check against your spell save DC. On a success, the target is freed.</p>
					<p><b>At Higher Levels. </b>If you cast this spell using a spell slot of 2nd level or higher, the damage increases by 1d6 for each slot level above 1st.</p>
				</description>
				<duration type="string">Concentration, up to 1 minute</duration>
				<group type="string">Spells</group>
				<level type="number">1</level>
				<locked type="number">1</locked>
				<name type="string">Ensnaring Strike</name>
				<prepared type="number">1</prepared>
				<range type="string">Self</range>
				<ritual type="number">0</ritual>
				<school type="string">Conjuration</school>
				<source type="string">Ranger</source>
			</id-00006>
			<id-00007>
				<actions>
				</actions>
				<cast type="number">0</cast>
				<castingtime type="string">1 action</castingtime>
				<components type="string">V, S, M (a sprig of mistletoe)</components>
				<description type="formattedtext">
					<p>Up to ten berries appear in your hand and are infused with magic for the duration. A creature can use its action to eat one berry. Eating a berry restores 1 hit point, and the berry provides enough nourishment to sustain a creature for one day.</p>
					<p>The berries lose their potency if they have not been consumed within 24 hours of the casting of this spell.</p>
				</description>
				<duration type="string">Instantaneous</duration>
				<group type="string">Spells</group>
				<level type="number">1</level>
				<locked type="number">1</locked>
				<name type="string">Goodberry</name>
				<prepared type="number">1</prepared>
				<range type="string">Touch</range>
				<school type="string">Transmutation</school>
				<source type="string">Druid, Ranger</source>
			</id-00007>
		</powers>
		<profbonus type="number">2</profbonus>
		<proficiencylist>
			<id-00001>
				<name type="string">Tool: One type of gaming set, vehicles (land)</name>
			</id-00001>
			<id-00002>
				<name type="string">Weapon: Simple weapons, martial weapons</name>
			</id-00002>
			<id-00003>
				<name type="string">Armor: Light armor, medium armor, shields</name>
			</id-00003>
		</proficiencylist>
		<race type="string">Wood Elf</race>
		<racelink type="windowreference">
			<class>reference_race</class>
			<recordname>reference.racedata.elf@DD PHB Deluxe</recordname>
		</racelink>
		<senses type="string">Darkvision 60</senses>
		<size type="string">Medium</size>
		<skilllist>
			<id-00001>
				<misc type="number">0</misc>
				<name type="string">Perception</name>
				<prof type="number">1</prof>
				<stat type="string">wisdom</stat>
				<total type="number">3</total>
			</id-00001>
			<id-00002>
				<misc type="number">0</misc>
				<name type="string">Athletics</name>
				<prof type="number">1</prof>
				<stat type="string">strength</stat>
				<total type="number">3</total>
			</id-00002>
			<id-00003>
				<misc type="number">0</misc>
				<name type="string">Intimidation</name>
				<prof type="number">1</prof>
				<stat type="string">charisma</stat>
				<total type="number">2</total>
			</id-00003>
			<id-00004>
				<misc type="number">0</misc>
				<name type="string">Nature</name>
				<prof type="number">1</prof>
				<stat type="string">intelligence</stat>
				<total type="number">2</total>
			</id-00004>
			<id-00005>
				<misc type="number">0</misc>
				<name type="string">Stealth</name>
				<prof type="number">1</prof>
				<stat type="string">dexterity</stat>
				<total type="number">5</total>
			</id-00005>
			<id-00006>
				<misc type="number">0</misc>
				<name type="string">Survival</name>
				<prof type="number">1</prof>
				<stat type="string">wisdom</stat>
				<total type="number">3</total>
			</id-00006>
			<id-00007>
				<misc type="number">0</misc>
				<name type="string">Arcana</name>
				<prof type="number">0</prof>
				<stat type="string">intelligence</stat>
				<total type="number">0</total>
			</id-00007>
			<id-00008>
				<misc type="number">0</misc>
				<name type="string">Persuasion</name>
				<prof type="number">0</prof>
				<stat type="string">charisma</stat>
				<total type="number">0</total>
			</id-00008>
			<id-00009>
				<misc type="number">0</misc>
				<name type="string">Medicine</name>
				<prof type="number">0</prof>
				<stat type="string">wisdom</stat>
				<total type="number">1</total>
			</id-00009>
			<id-00010>
				<misc type="number">0</misc>
				<name type="string">Performance</name>
				<prof type="number">0</prof>
				<stat type="string">charisma</stat>
				<total type="number">0</total>
			</id-00010>
			<id-00011>
				<misc type="number">0</misc>
				<name type="string">Acrobatics</name>
				<prof type="number">0</prof>
				<stat type="string">dexterity</stat>
				<total type="number">3</total>
			</id-00011>
			<id-00012>
				<misc type="number">0</misc>
				<name type="string">Religion</name>
				<prof type="number">0</prof>
				<stat type="string">intelligence</stat>
				<total type="number">0</total>
			</id-00012>
			<id-00013>
				<misc type="number">0</misc>
				<name type="string">Sleight of Hand</name>
				<prof type="number">0</prof>
				<stat type="string">dexterity</stat>
				<total type="number">3</total>
			</id-00013>
			<id-00014>
				<misc type="number">0</misc>
				<name type="string">Insight</name>
				<prof type="number">0</prof>
				<stat type="string">wisdom</stat>
				<total type="number">1</total>
			</id-00014>
			<id-00015>
				<misc type="number">0</misc>
				<name type="string">Deception</name>
				<prof type="number">0</prof>
				<stat type="string">charisma</stat>
				<total type="number">0</total>
			</id-00015>
			<id-00016>
				<misc type="number">0</misc>
				<name type="string">Investigation</name>
				<prof type="number">0</prof>
				<stat type="string">wisdom</stat>
				<total type="number">1</total>
			</id-00016>
			<id-00017>
				<misc type="number">0</misc>
				<name type="string">History</name>
				<prof type="number">0</prof>
				<stat type="string">intelligence</stat>
				<total type="number">0</total>
			</id-00017>
			<id-00018>
				<misc type="number">0</misc>
				<name type="string">Animal Handling</name>
				<prof type="number">0</prof>
				<stat type="string">wisdom</stat>
				<total type="number">1</total>
			</id-00018>
		</skilllist>
		<speed>
			<armor type="number">0</armor>
			<base type="number">35</base>
			<misc type="number">0</misc>
			<temporary type="number">0</temporary>
			<total type="number">35</total>
		</speed>
		<temp>
		</temp>
		<token type="token">portrait_id-00020_token</token>
		<traitlist>
			<id-00001>
				<locked type="number">1</locked>
				<name type="string">Trance</name>
				<source type="string">Elf</source>
				<text type="formattedtext">
					<p>Elves don't need to sleep. Instead, they meditate deeply, remaining semiconscious, for 4 hours a day. (The Common word for such meditation is &#34;trance.&#34;) While meditating, you can dream after a fashion; such dreams are actually mental exercises that have become reflexive through years of practice. After resting in this way, you gain the same benefit that a human does from 8 hours of sleep.</p>
				</text>
				<type type="string">racial</type>
			</id-00001>
			<id-00002>
				<locked type="number">1</locked>
				<name type="string">Keen Senses</name>
				<source type="string">Elf</source>
				<text type="formattedtext">
					<p>You have proficiency in the Perception skill.</p>
				</text>
				<type type="string">racial</type>
			</id-00002>
			<id-00003>
				<locked type="number">1</locked>
				<name type="string">Fey Ancestry</name>
				<source type="string">Elf</source>
				<text type="formattedtext">
					<p>You have advantage on saving throws against being charmed, and magic can't put you to sleep.</p>
				</text>
				<type type="string">racial</type>
			</id-00003>
			<id-00004>
				<locked type="number">1</locked>
				<name type="string">Mask of the Wild</name>
				<source type="string">Wood Elf</source>
				<text type="formattedtext">
					<p>You can attempt to hide even when you are only lightly obscured by foliage, heavy rain, falling snow, mist, and other natural phenomena.</p>
				</text>
				<type type="string">subracial</type>
			</id-00004>
			<id-00005>
				<locked type="number">1</locked>
				<name type="string">Elf Weapon Training</name>
				<source type="string">Wood Elf</source>
				<text type="formattedtext">
					<p>You have proficiency with the longsword, shortsword, shortbow, and longbow.</p>
				</text>
				<type type="string">subracial</type>
			</id-00005>
		</traitlist>
		<weaponlist>
			<id-00001>
				<ammo type="number">6</ammo>
				<attackbonus type="number">0</attackbonus>
				<carried type="number">2</carried>
				<damagelist>
					<id-00001>
						<bonus type="number">2</bonus>
						<dice type="dice">d8</dice>
						<stat type="string">base</stat>
						<type type="string">piercing</type>
					</id-00001>
				</damagelist>
				<isidentified type="number">1</isidentified>
				<maxammo type="number">20</maxammo>
				<name type="string">Longbow</name>
				<prof type="number">1</prof>
				<shortcut type="windowreference">
					<class>item</class>
					<recordname>....inventorylist.id-00002</recordname>
				</shortcut>
				<type type="number">1</type>
			</id-00001>
			<id-00003>
				<attackbonus type="number">0</attackbonus>
				<carried type="number">0</carried>
				<damagelist>
					<id-00001>
						<bonus type="number">0</bonus>
						<dice type="dice">d4</dice>
						<stat type="string">dexterity</stat>
						<type type="string">piercing</type>
					</id-00001>
				</damagelist>
				<isidentified type="number">1</isidentified>
				<maxammo type="number">0</maxammo>
				<name type="string">Dagger</name>
				<prof type="number">1</prof>
				<shortcut type="windowreference">
					<class>item</class>
					<recordname>....inventorylist.id-00004</recordname>
				</shortcut>
				<type type="number">0</type>
			</id-00003>
			<id-00004>
				<attackbonus type="number">0</attackbonus>
				<attackstat type="string">dexterity</attackstat>
				<carried type="number">0</carried>
				<damagelist>
					<id-00001>
						<bonus type="number">0</bonus>
						<dice type="dice">d4</dice>
						<stat type="string">dexterity</stat>
						<type type="string">piercing</type>
					</id-00001>
				</damagelist>
				<isidentified type="number">1</isidentified>
				<maxammo type="number">1</maxammo>
				<name type="string">Dagger</name>
				<prof type="number">1</prof>
				<shortcut type="windowreference">
					<class>item</class>
					<recordname>....inventorylist.id-00004</recordname>
				</shortcut>
				<type type="number">2</type>
			</id-00004>
			<id-00005>
				<attackbonus type="number">0</attackbonus>
				<carried type="number">0</carried>
				<damagelist>
					<id-00001>
						<bonus type="number">0</bonus>
						<dice type="dice">d8</dice>
						<stat type="string">base</stat>
						<type type="string">slashing</type>
					</id-00001>
				</damagelist>
				<isidentified type="number">1</isidentified>
				<maxammo type="number">0</maxammo>
				<name type="string">Longsword</name>
				<prof type="number">1</prof>
				<shortcut type="windowreference">
					<class>item</class>
					<recordname>....inventorylist.id-00019</recordname>
				</shortcut>
				<type type="number">0</type>
			</id-00005>
		</weaponlist>
		<weight type="string">135</weight>
	</character>
</root>
