<?xml version="1.0" encoding="iso-8859-1"?>
<root version="3.3" release="8|CoreRPG:3">
	<character>
		<abilities>
			<charisma>
				<bonus type="number">-1</bonus>
				<save type="number">-1</save>
				<savemodifier type="number">0</savemodifier>
				<saveprof type="number">0</saveprof>
				<score type="number">9</score>
			</charisma>
			<constitution>
				<bonus type="number">2</bonus>
				<save type="number">5</save>
				<savemodifier type="number">0</savemodifier>
				<saveprof type="number">1</saveprof>
				<score type="number">15</score>
			</constitution>
			<dexterity>
				<bonus type="number">1</bonus>
				<save type="number">1</save>
				<savemodifier type="number">0</savemodifier>
				<saveprof type="number">0</saveprof>
				<score type="number">12</score>
			</dexterity>
			<intelligence>
				<bonus type="number">2</bonus>
				<save type="number">2</save>
				<savemodifier type="number">0</savemodifier>
				<saveprof type="number">0</saveprof>
				<score type="number">14</score>
			</intelligence>
			<strength>
				<bonus type="number">3</bonus>
				<save type="number">6</save>
				<savemodifier type="number">0</savemodifier>
				<saveprof type="number">1</saveprof>
				<score type="number">16</score>
			</strength>
			<wisdom>
				<bonus type="number">1</bonus>
				<save type="number">1</save>
				<savemodifier type="number">0</savemodifier>
				<saveprof type="number">0</saveprof>
				<score type="number">13</score>
			</wisdom>
		</abilities>
		<adventurelist>
			<id-00001>
				<date type="string">10/14/2017</date>
				<earndt type="string">0</earndt>
				<earngold type="string">63</earngold>
				<earnxp type="string">257</earnxp>
				<name type="string">Day 1</name>
				<startdt type="string">0</startdt>
				<startgold type="string">0</startgold>
				<startxp type="string">300</startxp>
				<text type="formattedtext">
					<p></p>
				</text>
				<totaldt type="string">0</totaldt>
				<totalgold type="string">63</totalgold>
				<totalxp type="string">557</totalxp>
			</id-00001>
		</adventurelist>
		<age type="string">200</age>
		<alignment type="string">Lawful Neutral</alignment>
		<appearance type="string">Light skin, Brown hair, Hazel eyes</appearance>
		<background type="string">Outlander</background>
		<backgroundlink type="windowreference">
			<class>reference_background</class>
			<recordname>reference.backgrounddata.outlander@DD PHB Deluxe</recordname>
		</backgroundlink>
		<bonds type="string">I am the last of my tribe, and it is up to me to ensure their names enter legend.</bonds>
		<classes>
			<id-00001>
				<casterlevelinvmult type="number">3</casterlevelinvmult>
				<casterpactmagic type="number">0</casterpactmagic>
				<hddie type="dice">d10</hddie>
				<hdused type="number">0</hdused>
				<level type="number">6</level>
				<name type="string">Fighter</name>
				<shortcut type="windowreference">
					<class>reference_class</class>
					<recordname>reference.classdata.fighter@DD PHB Deluxe</recordname>
				</shortcut>
			</id-00001>
		</classes>
		<coins>
			<slot1>
				<amount type="number">91</amount>
				<name type="string">GP</name>
			</slot1>
			<slot2>
				<amount type="number">116</amount>
				<name type="string">SP</name>
			</slot2>
			<slot3>
				<amount type="number">58</amount>
				<name type="string">CP</name>
			</slot3>
			<slot4>
				<amount type="number">0</amount>
			</slot4>
			<slot5>
				<amount type="number">0</amount>
			</slot5>
			<slot6>
				<amount type="number">0</amount>
			</slot6>
		</coins>
		<defenses>
			<ac>
				<armor type="number">1</armor>
				<disstealth type="number">0</disstealth>
				<misc type="number">0</misc>
				<prof type="number">1</prof>
				<shield type="number">0</shield>
				<temporary type="number">0</temporary>
				<total type="number">12</total>
			</ac>
		</defenses>
		<deity type="string">Will of Man</deity>
		<encumbrance>
			<encumbered type="number">80</encumbered>
			<encumberedheavy type="number">160</encumberedheavy>
			<liftpushdrag type="number">480</liftpushdrag>
			<load type="number">164.265</load>
			<max type="number">240</max>
		</encumbrance>
		<exp type="number">679</exp>
		<expneeded type="number">700</expneeded>
		<featlist>
		</featlist>
		<featurelist>
			<id-00001>
				<locked type="number">1</locked>
				<name type="string">Wanderer</name>
				<source type="string">Outlander</source>
				<text type="formattedtext">
					<p>You have an excellent memory for maps and geography, and you can always recall the general layout of terrain, settlements, and other features around you. In addition, you can find food and fresh water for yourself and up to five other people each day, provided that the land offers berries, small game, water, and so forth.</p>
				</text>
			</id-00001>
			<id-00002>
				<level type="number">1</level>
				<locked type="number">1</locked>
				<name type="string">Second Wind</name>
				<source type="string">Fighter</source>
				<text type="formattedtext">
					<p>You have a limited well of stamina that you can draw on to protect yourself from harm. On your turn, you can use a bonus action to regain hit points equal to 1d10 + your fighter level.</p>
					<p>Once you use this feature, you must finish a short or long rest before you can use it again.</p>
				</text>
			</id-00002>
			<id-00003>
				<level type="number">1</level>
				<locked type="number">1</locked>
				<name type="string">Fighting Style - Dueling</name>
				<source type="string">Fighter</source>
				<text type="formattedtext">
					<p>You adopt a particular style of fighting as your specialty. Choose one of the following options. You can't take a Fighting Style option more than once, even if you later get to choose again.</p>
					<p><b>Archery</b></p>
					<p>You gain a +2 bonus to attack rolls you make with ranged weapons.</p>
					<p><b>Defense</b></p>
					<p>While you are wearing armor, you gain a +1 bonus to AC.</p>
					<p><b>Dueling</b></p>
					<p>When you are wielding a melee weapon in one hand and no other weapons, you gain a +2 bonus to damage rolls with that weapon.</p>
					<p><b>Great Weapon Fighting</b></p>
					<p>When you roll a 1 or 2 on a damage die for an attack you make with a melee weapon that you are wielding with two hands, you can reroll the die and must use the new roll, even if the new roll is a 1 or a 2. The weapon must have the two-handed or versatile property for you to gain this benefit.</p>
					<p><b>Protection</b></p>
					<p>When a creature you can see attacks a target other than you that is within 5 feet of you, you can use your reaction to impose disadvantage on the attack roll. You must be wielding a shield.</p>
					<p><b>Two-Weapon Fighting</b></p>
					<p>When you engage in two-weapon fighting, you can add your ability modifier to the damage of the second attack.</p>
				</text>
			</id-00003>
			<id-00004>
				<level type="number">2</level>
				<locked type="number">1</locked>
				<name type="string">Action Surge</name>
				<source type="string">Fighter</source>
				<text type="formattedtext">
					<p>Starting at 2nd level, you can push yourself beyond your normal limits for a moment. On your turn, you can take one additional action on top of your regular action and a possible bonus action.</p>
					<p>Once you use this feature, you must finish a short or long rest before you can use it again. Starting at 17th level, you can use it twice before a rest, but only once on the same turn.</p>
				</text>
			</id-00004>
			<id-00005>
				<level type="number">1</level>
				<locked type="number">1</locked>
				<name type="string">Eldritch Knight</name>
				<source type="string">Fighter</source>
				<text type="formattedtext">
					<p>The archetypal Eldritch Knight combines the martial mastery common to all fighters with a careful study of magic. Eldritch Knights use magical techniques similar to those practiced by wizards. They focus their study on two of the eight schools of magic: abjuration and evocation. Abjuration spells grant an Eldritch Knight additional protection in battle, and evocation spells deal damage to many foes at once, extending the fighter's reach in combat. These knights learn a comparatively small number of spells, committing them to memory instead of keeping them in a spellbook.</p>
					<h>Features</h>
					<linklist>
						<link class="reference_classfeature" recordname="reference.classdata.fighter.features.spellcasting3@DD PHB Deluxe">Spellcasting</link>
						<link class="reference_classfeature" recordname="reference.classdata.fighter.features.weaponbond3@DD PHB Deluxe">Weapon Bond</link>
						<link class="reference_classfeature" recordname="reference.classdata.fighter.features.warmagic7@DD PHB Deluxe">War Magic</link>
						<link class="reference_classfeature" recordname="reference.classdata.fighter.features.eldritchstrike10@DD PHB Deluxe">Eldritch Strike</link>
						<link class="reference_classfeature" recordname="reference.classdata.fighter.features.arcanecharge15@DD PHB Deluxe">Arcane Charge</link>
						<link class="reference_classfeature" recordname="reference.classdata.fighter.features.improvedwarmagic18@DD PHB Deluxe">Improved War Magic</link>
					</linklist>
				</text>
			</id-00005>
			<id-00006>
				<level type="number">3</level>
				<locked type="number">1</locked>
				<name type="string">Weapon Bond</name>
				<source type="string">Fighter</source>
				<specialization type="string">Eldritch Knight</specialization>
				<text type="formattedtext">
					<p>At 3rd level, you learn a ritual that creates a magical bond between yourself and one weapon. You perform the ritual over the course of 1 hour, which can be done during a short rest. The weapon must be within your reach throughout the ritual, at the conclusion of which you touch the weapon and forge the bond. Once you have bonded a weapon to yourself, you can't be disarmed of that weapon unless you are incapacitated. If it is on the same plane of existence, you can summon that weapon as a bonus action on your turn, causing it to teleport instantly to your hand. You can have up to two bonded weapons, but can summon only one at a time with your bonus action. If you attempt to bond with a third weapon, you must break the bond with one of the other two.</p>
				</text>
			</id-00006>
			<id-00007>
				<level type="number">3</level>
				<locked type="number">1</locked>
				<name type="string">Spellcasting</name>
				<source type="string">Fighter</source>
				<specialization type="string">Eldritch Knight</specialization>
				<text type="formattedtext">
					<p>When you reach 3rd level, you augment your martial prowess with the ability to cast spells. See chapter 10 for the general rules of spellcasting and chapter 11 for the wizard spell list.</p>
					<linklist>
						<link class="reference_colindex" recordname="reference.spelllists.eldritchknight@DD PHB Deluxe">Eldritch Knight Spells</link>
					</linklist>
					<p><b>Cantrips. </b>You learn two cantrips of your choice from the wizard spell list. You learn an additional wizard cantrip of your choice at 10th level.</p>
					<p><b>Spell Slots. </b>The Eldritch Knight Spellcasting table shows how many spell slots you have to cast your spells of 1st level and higher. To cast one of these spells, you must expend a slot of the spell's level or higher. You regain all expended spell slots when you finish a long rest.</p>
					<p>For example, if you know the 1st-level spell shield and have a 1st-level and a 2nd-level spell slot available, you can cast shield using either slot.</p>
					<p><b>Spells Known of 1st-Level and Higher. </b>You know three 1st-level wizard spells of your choice, two of which you must choose from the abjuration and evocation spells on the wizard spell list.</p>
					<p>The Spells Known column of the Eldritch Knight Spellcasting table shows when you learn more wizard spells of 1st level or higher. Each of these spells must be an abjuration or evocation spell of your choice, and must be of a level for which you have spell slots. For instance, when you reach 7th level in this class, you can learn one new spell of 1st or 2nd level.</p>
					<p>The spells you learn at 8th, 14th, and 20th level can come from any school of magic.</p>
					<p>Whenever you gain a level in this class, you can replace one of the wizard spells you know with another spell of your choice from the wizard spell list. The new spell must be of a level for which you have spell slots, and it must be an abjuration or evocation spell, unless you're replacing the spell you gained at 8th, 14th, or 20th level from</p>
					<p>any school of magic.</p>
					<p><b>Spellcasting Ability. </b>Intelligence is your spellcasting ability for your wizard spells, since you learn your spells through study and memorization. You use your Intelligence whenever a spell refers to your spellcasting ability. In addition, you use your Intelligence modifier when setting the saving throw DC for a wizard spell you cast and when making an attack roll with one.</p>
					<p><b>Spell save DC </b>= 8 + your proficiency bonus + your Intelligence modifier</p>
					<p><b>Spell attack modifier </b>= your proficiency bonus + your Intelligence modifier</p>
					<p><b>Eldritch Knight Spellcasting</b></p>
					<table>
						<tr>
							<td><b>Fighter Level</b></td>
							<td><b>Cantrips Known</b></td>
							<td><b>Spells Known</b></td>
							<td><b>1st</b></td>
							<td><b>2nd</b></td>
							<td><b>3rd</b></td>
							<td><b>4th</b></td>
						</tr>
						<tr>
							<td>3rd</td>
							<td>2</td>
							<td>3</td>
							<td>2</td>
							<td>-</td>
							<td>-</td>
							<td>-</td>
						</tr>
						<tr>
							<td>4th</td>
							<td>2</td>
							<td>4</td>
							<td>3</td>
							<td>-</td>
							<td>-</td>
							<td>-</td>
						</tr>
						<tr>
							<td>5th</td>
							<td>2</td>
							<td>4</td>
							<td>3</td>
							<td>-</td>
							<td>-</td>
							<td>-</td>
						</tr>
						<tr>
							<td>6th</td>
							<td>2</td>
							<td>4</td>
							<td>3</td>
							<td>-</td>
							<td>-</td>
							<td>-</td>
						</tr>
						<tr>
							<td>7th</td>
							<td>2</td>
							<td>5</td>
							<td>4</td>
							<td>2</td>
							<td>-</td>
							<td>-</td>
						</tr>
						<tr>
							<td>8th</td>
							<td>2</td>
							<td>6</td>
							<td>4</td>
							<td>2</td>
							<td>-</td>
							<td>-</td>
						</tr>
						<tr>
							<td>9th</td>
							<td>2</td>
							<td>6</td>
							<td>4</td>
							<td>2</td>
							<td>-</td>
							<td>-</td>
						</tr>
						<tr>
							<td>10th</td>
							<td>3</td>
							<td>7</td>
							<td>4</td>
							<td>3</td>
							<td>-</td>
							<td>-</td>
						</tr>
						<tr>
							<td>11th</td>
							<td>3</td>
							<td>8</td>
							<td>4</td>
							<td>3</td>
							<td>-</td>
							<td>-</td>
						</tr>
						<tr>
							<td>12th</td>
							<td>3</td>
							<td>8</td>
							<td>4</td>
							<td>3</td>
							<td>-</td>
							<td>-</td>
						</tr>
						<tr>
							<td>13th</td>
							<td>3</td>
							<td>9</td>
							<td>4</td>
							<td>3</td>
							<td>2</td>
							<td>-</td>
						</tr>
						<tr>
							<td>14th</td>
							<td>3</td>
							<td>10</td>
							<td>4</td>
							<td>3</td>
							<td>2</td>
							<td>-</td>
						</tr>
						<tr>
							<td>15th</td>
							<td>3</td>
							<td>10</td>
							<td>4</td>
							<td>3</td>
							<td>2</td>
							<td>-</td>
						</tr>
						<tr>
							<td>16th</td>
							<td>3</td>
							<td>11</td>
							<td>4</td>
							<td>3</td>
							<td>3</td>
							<td>-</td>
						</tr>
						<tr>
							<td>17th</td>
							<td>3</td>
							<td>11</td>
							<td>4</td>
							<td>3</td>
							<td>3</td>
							<td>-</td>
						</tr>
						<tr>
							<td>18th</td>
							<td>3</td>
							<td>11</td>
							<td>4</td>
							<td>3</td>
							<td>3</td>
							<td>-</td>
						</tr>
						<tr>
							<td>19th</td>
							<td>3</td>
							<td>12</td>
							<td>4</td>
							<td>3</td>
							<td>3</td>
							<td>1</td>
						</tr>
						<tr>
							<td>20th</td>
							<td>3</td>
							<td>13</td>
							<td>4</td>
							<td>3</td>
							<td>3</td>
							<td>1</td>
						</tr>
					</table>
				</text>
			</id-00007>
			<id-00008>
				<level type="number">4</level>
				<locked type="number">1</locked>
				<name type="string">Ability Score Improvement</name>
				<source type="string">Fighter</source>
				<text type="formattedtext">
					<p>When you reach 4th level, and again at 6th, 8th, 12th, 14th, 16th, and 19th level, you can increase one ability score of your choice by 2, or you can increase two ability scores of your choice by 1. As normal, you can't increase an ability score above 20 using this feature.</p>
				</text>
			</id-00008>
			<id-00009>
				<level type="number">5</level>
				<locked type="number">1</locked>
				<name type="string">Extra Attack</name>
				<source type="string">Fighter</source>
				<text type="formattedtext">
					<p>Beginning at 5th level, you can attack twice, instead of once, whenever you take the Attack action on your turn. The number of attacks increases to three when you reach 11th level in this class and to four when you reach 20th level in this class.</p>
				</text>
			</id-00009>
		</featurelist>
		<flaws type="string">Don't expect me to save those who can't save themselves. It is nature's way that the strong thrive and the weak perish.</flaws>
		<gender type="string">Male</gender>
		<height type="string">6'2&#34;</height>
		<hp>
			<deathsavefail type="number">0</deathsavefail>
			<deathsavesuccess type="number">0</deathsavesuccess>
			<temporary type="number">0</temporary>
			<total type="number">52</total>
			<wounds type="number">25</wounds>
		</hp>
		<ideals type="string">Honor. If I dishonor myself, I dishonor my whole clan. (Lawful)</ideals>
		<initiative>
			<misc type="number">0</misc>
			<temporary type="number">0</temporary>
			<total type="number">1</total>
		</initiative>
		<inventorylist>
			<id-00001>
				<carried type="number">1</carried>
				<count type="number">1</count>
				<isidentified type="number">1</isidentified>
				<location type="string">Backpack</location>
				<name type="string">Jar (1 Quart)</name>
				<weight type="number">0.25</weight>
			</id-00001>
			<id-00002>
				<carried type="number">1</carried>
				<cost type="string">5 gp</cost>
				<count type="number">1</count>
				<description type="formattedtext">
					<p>When you use your action to set it, this trap forms a saw-toothed steel ring that snaps shut when a creature steps on a pressure plate in the center. The trap is affixed by a heavy chain to an immobile object, such as a tree or a spike driven into the ground. A creature that steps on the plate must succeed on a DC 13 Dexterity saving throw or take 1d4 piercing damage and stop moving. Thereafter, until the creature breaks free of the trap, its movement is limited by the length of the chain (typically 3 feet long). A creature can use its action to make a DC 13 Strength check, freeing itself or another creature within its reach on a success. Each failed check deals 1 piercing damage to the trapped creature.</p>
				</description>
				<isidentified type="number">1</isidentified>
				<location type="string">Backpack</location>
				<locked type="number">1</locked>
				<name type="string">Hunting Trap</name>
				<subtype type="string">Standard</subtype>
				<type type="string">Adventuring Gear</type>
				<weight type="number">25</weight>
			</id-00002>
			<id-00003>
				<carried type="number">1</carried>
				<cost type="string">2 gp</cost>
				<count type="number">1</count>
				<isidentified type="number">1</isidentified>
				<location type="string">Backpack</location>
				<locked type="number">1</locked>
				<name type="string">Clothes, Traveler's</name>
				<subtype type="string">Standard</subtype>
				<type type="string">Adventuring Gear</type>
				<weight type="number">4</weight>
			</id-00003>
			<id-00004>
				<ac type="number">0</ac>
				<bonus type="number">0</bonus>
				<carried type="number">1</carried>
				<count type="number">1</count>
				<description type="formattedtext">
					<p></p>
				</description>
				<isidentified type="number">1</isidentified>
				<name type="string">Pouch - Belt</name>
				<rarity type="string">Common</rarity>
				<type type="string">Adventuring Gear</type>
				<weight type="number">0.5</weight>
			</id-00004>
			<id-00005>
				<ac type="number">0</ac>
				<bonus type="number">0</bonus>
				<carried type="number">1</carried>
				<cost type="string">5 gp</cost>
				<count type="number">1</count>
				<description type="formattedtext">
					<p>An arcane focus is a special item-an orb, a crystal, a rod, a specially constructed staff, a wand-like length of wood, or some similar item-designed to channel the power of arcane spells. A sorcerer, warlock, or wizard can use such an item as a spellcasting focus, as described in chapter 10.</p>
				</description>
				<isidentified type="number">1</isidentified>
				<location type="string">Backpack</location>
				<locked type="number">1</locked>
				<name type="string">Staff</name>
				<subtype type="string">Arcane Focus</subtype>
				<type type="string">Adventuring Gear</type>
				<weight type="number">4</weight>
			</id-00005>
			<id-00006>
				<ac type="number">11</ac>
				<carried type="number">2</carried>
				<cost type="string">10 gp</cost>
				<count type="number">1</count>
				<description type="formattedtext">
					<p>Made from supple and thin materials, light armor favors agile adventurers since it offers some protection without sacrificing mobility. If you wear light armor, you add your Dexterity modifier to the base number from your armor type to determine your Armor Class.</p>
					<p>The breastplate and shoulder protectors of this armor are made of leather that has been stiffened by being boiled in oil. The rest of the armor is made of softer and more flexible materials.</p>
				</description>
				<dexbonus type="string">Yes</dexbonus>
				<isidentified type="number">1</isidentified>
				<locked type="number">1</locked>
				<name type="string">Leather</name>
				<stealth type="string">-</stealth>
				<strength type="string">-</strength>
				<subtype type="string">Light Armor</subtype>
				<type type="string">Armor</type>
				<weight type="number">10</weight>
			</id-00006>
			<id-00007>
				<carried type="number">2</carried>
				<cost type="string">25 gp</cost>
				<count type="number">1</count>
				<damage type="string">1d8 piercing</damage>
				<isidentified type="number">1</isidentified>
				<locked type="number">1</locked>
				<name type="string">Crossbow, Light</name>
				<properties type="string">Ammunition (range 80/320), loading, two-handed</properties>
				<subtype type="string">Simple Ranged Weapons</subtype>
				<type type="string">Weapon</type>
				<weight type="number">5</weight>
			</id-00007>
			<id-00008>
				<carried type="number">2</carried>
				<cost type="string">15 gp</cost>
				<count type="number">1</count>
				<damage type="string">1d8 slashing</damage>
				<isidentified type="number">1</isidentified>
				<locked type="number">1</locked>
				<name type="string">Longsword</name>
				<properties type="string">Versatile (1d10)</properties>
				<subtype type="string">Martial Weapons</subtype>
				<type type="string">Weapon</type>
				<weight type="number">3</weight>
			</id-00008>
			<id-00009>
				<carried type="number">1</carried>
				<cost type="string">50 gp</cost>
				<count type="number">1</count>
				<damage type="string">1d8 piercing</damage>
				<isidentified type="number">1</isidentified>
				<locked type="number">1</locked>
				<name type="string">Longbow</name>
				<properties type="string">Ammunition (range 150/600), heavy, two-handed</properties>
				<subtype type="string">Martial Ranged Weapons</subtype>
				<type type="string">Weapon</type>
				<weight type="number">2</weight>
			</id-00009>
			<id-00010>
				<ac type="number">2</ac>
				<carried type="number">1</carried>
				<cost type="string">10 gp</cost>
				<count type="number">1</count>
				<description type="formattedtext">
					<p>A shield is made from wood or metal and is carried in one hand. Wielding a shield increases your Armor Class by 2. You can benefit from only one shield at a time.</p>
				</description>
				<dexbonus type="string">-</dexbonus>
				<isidentified type="number">1</isidentified>
				<locked type="number">1</locked>
				<name type="string">Shield</name>
				<stealth type="string">-</stealth>
				<strength type="string">-</strength>
				<subtype type="string">Shield</subtype>
				<type type="string">Armor</type>
				<weight type="number">6</weight>
			</id-00010>
			<id-00011>
				<carried type="number">2</carried>
				<cost type="string">1 gp</cost>
				<count type="number">1</count>
				<isidentified type="number">1</isidentified>
				<location type="string">Crossbow, Light</location>
				<locked type="number">1</locked>
				<name type="string">Crossbow Bolts (20)</name>
				<subtype type="string">Ammunition</subtype>
				<type type="string">Adventuring Gear</type>
				<weight type="number">1.5</weight>
			</id-00011>
			<id-00012>
				<carried type="number">1</carried>
				<cost type="string">1 gp</cost>
				<count type="number">1</count>
				<isidentified type="number">1</isidentified>
				<location type="string">Longbow</location>
				<locked type="number">1</locked>
				<name type="string">Arrows (20)</name>
				<subtype type="string">Ammunition</subtype>
				<type type="string">Adventuring Gear</type>
				<weight type="number">1</weight>
			</id-00012>
			<id-00013>
				<carried type="number">1</carried>
				<count type="number">1</count>
				<isidentified type="number">1</isidentified>
				<location type="string">Backpack</location>
				<name type="string">Trophy - Constrictor Snake skin</name>
				<weight type="number">5</weight>
			</id-00013>
			<id-00014>
				<carried type="number">1</carried>
				<cost type="string">1 gp</cost>
				<count type="number">1</count>
				<isidentified type="number">1</isidentified>
				<location type="string">Backpack</location>
				<locked type="number">1</locked>
				<name type="string">Bedroll</name>
				<subtype type="string">Standard</subtype>
				<type type="string">Adventuring Gear</type>
				<weight type="number">7</weight>
			</id-00014>
			<id-00015>
				<carried type="number">1</carried>
				<cost type="string">5 sp</cost>
				<count type="number">10</count>
				<description type="formattedtext">
					<p>Rations consist of dry foods suitable for extended travel, including jerky, dried fruit, hardtack, and nuts.</p>
				</description>
				<isidentified type="number">1</isidentified>
				<location type="string">Backpack</location>
				<locked type="number">1</locked>
				<name type="string">Rations (1 Day)</name>
				<subtype type="string">Standard</subtype>
				<type type="string">Adventuring Gear</type>
				<weight type="number">2</weight>
			</id-00015>
			<id-00016>
				<carried type="number">1</carried>
				<cost type="string">1 cp</cost>
				<count type="number">10</count>
				<description type="formattedtext">
					<p>A torch burns for 1 hour, providing bright light in a 20-foot radius and dim light for an additional 20 feet. If you make a melee attack with a burning torch and hit, it deals 1 fire damage.</p>
				</description>
				<isidentified type="number">1</isidentified>
				<location type="string">Backpack</location>
				<locked type="number">1</locked>
				<name type="string">Torch</name>
				<subtype type="string">Standard</subtype>
				<type type="string">Adventuring Gear</type>
				<weight type="number">1</weight>
			</id-00016>
			<id-00017>
				<carried type="number">1</carried>
				<cost type="string">5 sp</cost>
				<count type="number">1</count>
				<description type="formattedtext">
					<p>This small container holds flint, fire steel, and tinder (usually dry cloth soaked in light oil) used to kindle a fire. Using it to light a torch-or anything else with abundant, exposed fuel-takes an action. Lighting any other fire takes 1 minute.</p>
				</description>
				<isidentified type="number">1</isidentified>
				<location type="string">Backpack</location>
				<locked type="number">1</locked>
				<name type="string">Tinderbox</name>
				<subtype type="string">Standard</subtype>
				<type type="string">Adventuring Gear</type>
				<weight type="number">1</weight>
			</id-00017>
			<id-00018>
				<carried type="number">1</carried>
				<cost type="string">2 sp</cost>
				<count type="number">1</count>
				<isidentified type="number">1</isidentified>
				<location type="string">Backpack</location>
				<locked type="number">1</locked>
				<name type="string">Waterskin</name>
				<subtype type="string">Standard</subtype>
				<type type="string">Adventuring Gear</type>
				<weight type="number">5</weight>
			</id-00018>
			<id-00019>
				<carried type="number">1</carried>
				<cost type="string">2 sp</cost>
				<count type="number">1</count>
				<description type="formattedtext">
					<p>This tin box contains a cup and simple cutlery. The box clamps together, and one side can be used as a cooking pan and the other as a plate or shallow bowl.</p>
				</description>
				<isidentified type="number">1</isidentified>
				<location type="string">Backpack</location>
				<locked type="number">1</locked>
				<name type="string">Mess Kit</name>
				<subtype type="string">Equipment Kits</subtype>
				<type type="string">Adventuring Gear</type>
				<weight type="number">1</weight>
			</id-00019>
			<id-00020>
				<carried type="number">1</carried>
				<cost type="string">1 gp</cost>
				<count type="number">1</count>
				<isidentified type="number">1</isidentified>
				<location type="string">Backpack</location>
				<locked type="number">1</locked>
				<name type="string">Rope, Hempen (50 Feet)</name>
				<subtype type="string">Standard</subtype>
				<type type="string">Adventuring Gear</type>
				<weight type="number">10</weight>
			</id-00020>
			<id-00021>
				<carried type="number">1</carried>
				<cost type="string">2 gp</cost>
				<count type="number">1</count>
				<isidentified type="number">1</isidentified>
				<locked type="number">1</locked>
				<name type="string">Backpack</name>
				<subtype type="string">Standard</subtype>
				<type type="string">Adventuring Gear</type>
				<weight type="number">5</weight>
			</id-00021>
			<id-00022>
				<carried type="number">1</carried>
				<count type="number">1</count>
				<isidentified type="number">1</isidentified>
				<location type="string">Jar (1 Quart)</location>
				<name type="string">Spoiled Milk</name>
				<weight type="number">1.75</weight>
			</id-00022>
			<id-00023>
				<ac type="number">0</ac>
				<bonus type="number">0</bonus>
				<carried type="number">2</carried>
				<cost type="string">5 cp</cost>
				<count type="number">1</count>
				<description type="formattedtext">
					<p></p>
				</description>
				<isidentified type="number">1</isidentified>
				<location type="string">Crossbow, Light</location>
				<locked type="number">1</locked>
				<name type="string">Crossbow Bolt</name>
				<subtype type="string">Ammunition</subtype>
				<type type="string">Adventuring Gear</type>
				<weight type="number">0.025</weight>
			</id-00023>
			<id-00024>
				<carried type="number">1</carried>
				<count type="number">1</count>
				<isidentified type="number">1</isidentified>
				<location type="string">Backpack</location>
				<name type="string">Trophy - Magically Attuned Doorknob (EVIL)</name>
				<weight type="number">1</weight>
			</id-00024>
			<id-00025>
				<ac type="number">0</ac>
				<bonus type="number">0</bonus>
				<carried type="number">1</carried>
				<cost type="string">1 gp</cost>
				<count type="number">1</count>
				<description type="formattedtext">
					<p>This item encompasses a wide range of game pieces, including dice and decks of cards (for games such as Three-Dragon Ante). A few common examples appear on the Tools table, but other kinds of gaming sets exist. If you are proficient with a gaming set, you can add your proficiency bonus to ability checks you make to play a game with that set. Each type of gaming set requires a separate proficiency.</p>
				</description>
				<isidentified type="number">1</isidentified>
				<istemplate type="number">0</istemplate>
				<location type="string">Backpack</location>
				<locked type="number">1</locked>
				<name type="string">Three-dragon Ante Set</name>
				<subtype type="string">Gaming Set</subtype>
				<type type="string">Tools</type>
				<weight type="number">0</weight>
			</id-00025>
			<id-00026>
				<ac type="number">0</ac>
				<bonus type="number">0</bonus>
				<carried type="number">1</carried>
				<cost type="string">100 gp</cost>
				<count type="number">1</count>
				<description type="formattedtext">
					<p>You can use the poison in this vial to coat one slashing or piercing weapon or up to three pieces of ammunition. Applying the poison takes an action. A creature hit by the poisoned weapon or ammunition must make a DC 10 Constitution saving throw or take 1d4 poison damage. Once applied, the poison retains potency for 1 minute before drying.</p>
				</description>
				<isidentified type="number">1</isidentified>
				<locked type="number">1</locked>
				<name type="string">Poison, Basic (Vial)</name>
				<subtype type="string">Standard</subtype>
				<type type="string">Adventuring Gear</type>
				<weight type="number">0.02</weight>
			</id-00026>
			<id-00027>
				<carried type="number">1</carried>
				<count type="number">1</count>
				<isidentified type="number">1</isidentified>
				<location type="string">Backpack</location>
				<name type="string">Trophy - Spiked Black Helmet</name>
				<weight type="number">3</weight>
			</id-00027>
			<id-00028>
				<ac type="number">0</ac>
				<bonus type="number">0</bonus>
				<carried type="number">1</carried>
				<cost type="string">501 - 5,000 gp</cost>
				<count type="number">1</count>
				<description type="formattedtext">
					<h>Description</h>
					<p>You have resistance to radiant damage type while wearing this ring</p>
				</description>
				<isidentified type="number">1</isidentified>
				<locked type="number">1</locked>
				<name type="string">Ring of Radiant Resistance</name>
				<nonid_name type="string">Gold Ring</nonid_name>
				<nonidentified type="string">A delicately made gold ring with a topaz setting.</nonidentified>
				<rarity type="string">Rare (Requires Attunement)</rarity>
				<type type="string">Ring</type>
				<weight type="number">0.02</weight>
			</id-00028>
			<id-00029>
				<carried type="number">1</carried>
				<count type="number">1</count>
				<isidentified type="number">1</isidentified>
				<location type="string">Pouch - Belt</location>
				<name type="string">Mineral Infused dirt</name>
				<weight type="number">2</weight>
			</id-00029>
			<id-00030>
				<ac type="number">0</ac>
				<bonus type="number">0</bonus>
				<carried type="number">1</carried>
				<cost type="string">2 gp</cost>
				<count type="number">1</count>
				<damage type="string">1d4 bludgeoning</damage>
				<description type="formattedtext">
					<p></p>
				</description>
				<isidentified type="number">1</isidentified>
				<istemplate type="number">0</istemplate>
				<locked type="number">1</locked>
				<name type="string">Light Hammer</name>
				<properties type="string">Light, thrown (range 20/60)</properties>
				<subtype type="string">Simple Melee Weapons</subtype>
				<type type="string">Weapon</type>
				<weight type="number">2</weight>
			</id-00030>
			<id-00031>
				<ac type="number">0</ac>
				<bonus type="number">0</bonus>
				<carried type="number">1</carried>
				<cost type="string">1 gp</cost>
				<count type="number">1</count>
				<description type="formattedtext">
					<p>These special tools include the items needed to pursue a craft or trade. The table shows examples of the most common types of tools, each providing items related to a single craft. Proficiency with a set of artisan's tools lets you add your proficiency bonus to any ability checks you make using the tools in your craft. Each type of artisan's tools requires a separate proficiency.</p>
				</description>
				<isidentified type="number">1</isidentified>
				<istemplate type="number">0</istemplate>
				<locked type="number">1</locked>
				<name type="string">Cook's Utensils</name>
				<subtype type="string">Artisan's Tools</subtype>
				<type type="string">Tools</type>
				<weight type="number">8</weight>
			</id-00031>
			<id-00032>
				<ac type="number">0</ac>
				<bonus type="number">0</bonus>
				<carried type="number">1</carried>
				<cost type="string">215 gp</cost>
				<count type="number">1</count>
				<description type="formattedtext">
					<h>Description</h>
					<linklist>
						<link class="power" recordname="spell.id-00041@ProNobis-WorldCreation">Spell: Calm Emotions</link>
					</linklist>
					<p>This <u>spell scroll </u>bears the words of a single spell, <i>Calm Emotions </i>, written in a mystical cipher. If the spell is on your class's spell list, you can read the scroll and cast its spell without providing any material components. Otherwise, the scroll is unintelligible. Casting the spell by reading the scroll requires the spell's normal casting time. Once the spell is cast, the words on the scroll fade, and it crumbles to dust. If the casting is interrupted, the scroll is not lost.</p>
					<p>If the spell is on your class's spell list but of a higher level than you can normally cast, you must make an ability check using your spellcasting ability to determine whether you cast it successfully. The DC equals 10 + the spell's level. On a failed check, the spell disappears from the scroll with no other effect.</p>
					<p>Once the spell is cast, the words on the scroll fade, and the scroll itself crumbles to dust.</p>
					<p>This spell scroll's saving throw DC 13 and attack bonus +5.</p>
					<p>A wizard spell on a <i>spell scroll </i>can be copied just as spells in spellbooks can be copied. When a spell is copied from a <i>spell scroll </i>, the copier must succeed on an Intelligence (Arcana) check with a DC equal to 10 + the spell's level. If the check succeeds, the spell is successfully copied. Whether the check succeeds or fails, the <i>spell scroll </i>is destroyed.</p>
				</description>
				<isidentified type="number">1</isidentified>
				<locked type="number">1</locked>
				<name type="string">Scroll of Calm Emotions</name>
				<nonid_name type="string">Elegant Scroll</nonid_name>
				<nonidentified type="string">The materials used in this scroll are of very high quality and the writing is precise and done with a great deal of care and attention to detail.</nonidentified>
				<rarity type="string">Uncommon</rarity>
				<spells>
					<id-00001>
						<link type="windowreference">
							<class>reference_spell</class>
							<recordname>reference.spelldata.calmemotions@*</recordname>
						</link>
						<name type="string">Calm Emotions</name>
					</id-00001>
				</spells>
				<type type="string">Scroll</type>
				<weight type="number">0.2</weight>
			</id-00032>
			<id-00033>
				<carried type="number">1</carried>
				<count type="number">1</count>
				<isidentified type="number">1</isidentified>
				<location type="string">Backpack</location>
				<name type="string">Iron Bar</name>
				<weight type="number">10</weight>
			</id-00033>
			<id-00034>
				<carried type="number">1</carried>
				<count type="number">1</count>
				<isidentified type="number">1</isidentified>
				<location type="string">Backpack</location>
				<name type="string">Bronze Bar</name>
				<weight type="number">10</weight>
			</id-00034>
		</inventorylist>
		<languagelist>
			<id-00001>
				<name type="string">Common</name>
			</id-00001>
			<id-00002>
				<name type="string">Elvish</name>
			</id-00002>
			<id-00003>
				<name type="string">Goblin</name>
			</id-00003>
			<id-00004>
				<name type="string">Draconic</name>
			</id-00004>
		</languagelist>
		<level type="number">6</level>
		<name type="string">Varric Adahlin</name>
		<notes type="string">Code: Action Surge, Second Wind</notes>
		<perception type="number">14</perception>
		<perceptionmodifier type="number">0</perceptionmodifier>
		<personalitytraits type="string">I'm always picking things up, absently fiddling with them, and sometimes accidentally breaking them.</personalitytraits>
		<powerdisplaymode type="string">action</powerdisplaymode>
		<powergroup>
			<id-00001>
				<atkprof type="number">1</atkprof>
				<castertype type="string">memorization</castertype>
				<name type="string">Spells</name>
				<saveprof type="number">1</saveprof>
				<stat type="string">intelligence</stat>
			</id-00001>
		</powergroup>
		<powermeta>
			<pactmagicslots1>
				<max type="number">0</max>
				<used type="number">0</used>
			</pactmagicslots1>
			<pactmagicslots2>
				<max type="number">0</max>
				<used type="number">0</used>
			</pactmagicslots2>
			<pactmagicslots3>
				<max type="number">0</max>
				<used type="number">0</used>
			</pactmagicslots3>
			<pactmagicslots4>
				<max type="number">0</max>
				<used type="number">0</used>
			</pactmagicslots4>
			<pactmagicslots5>
				<max type="number">0</max>
				<used type="number">0</used>
			</pactmagicslots5>
			<pactmagicslots6>
				<max type="number">0</max>
				<used type="number">0</used>
			</pactmagicslots6>
			<pactmagicslots7>
				<max type="number">0</max>
				<used type="number">0</used>
			</pactmagicslots7>
			<pactmagicslots8>
				<max type="number">0</max>
				<used type="number">0</used>
			</pactmagicslots8>
			<pactmagicslots9>
				<max type="number">0</max>
				<used type="number">0</used>
			</pactmagicslots9>
			<spellslots1>
				<max type="number">3</max>
				<used type="number">0</used>
			</spellslots1>
			<spellslots2>
				<max type="number">0</max>
				<used type="number">0</used>
			</spellslots2>
			<spellslots3>
				<max type="number">0</max>
				<used type="number">0</used>
			</spellslots3>
			<spellslots4>
				<max type="number">0</max>
				<used type="number">0</used>
			</spellslots4>
			<spellslots5>
				<max type="number">0</max>
				<used type="number">0</used>
			</spellslots5>
			<spellslots6>
				<max type="number">0</max>
				<used type="number">0</used>
			</spellslots6>
			<spellslots7>
				<max type="number">0</max>
				<used type="number">0</used>
			</spellslots7>
			<spellslots8>
				<max type="number">0</max>
				<used type="number">0</used>
			</spellslots8>
			<spellslots9>
				<max type="number">0</max>
				<used type="number">0</used>
			</spellslots9>
		</powermeta>
		<powers>
			<id-00001>
				<actions>
					<id-00001>
						<apply type="string">roll</apply>
						<durmod type="number">2</durmod>
						<label type="string">[TRGT]; ADVATK; (C)</label>
						<order type="number">1</order>
						<targeting type="string">self</targeting>
						<type type="string">effect</type>
					</id-00001>
				</actions>
				<cast type="number">0</cast>
				<castingtime type="string">1 action</castingtime>
				<components type="string">S</components>
				<description type="formattedtext">
					<p>You extend your hand and point a finger at a target in range. Your magic grants you a brief insight into the target's defenses. On your next turn, you gain advantage on your first attack roll against the target, provided that this spell hasn't ended.</p>
				</description>
				<duration type="string">Concentration, up to 1 round</duration>
				<group type="string">Spells</group>
				<level type="number">0</level>
				<locked type="number">1</locked>
				<name type="string">True Strike</name>
				<prepared type="number">0</prepared>
				<range type="string">30 feet</range>
				<ritual type="number">0</ritual>
				<school type="string">Divination</school>
				<source type="string">Bard, Eldritch Knight, Sorcerer, Warlock, Wizard, Arcane Trickster</source>
			</id-00001>
			<id-00002>
				<actions>
					<id-00001>
						<atkmod type="number">0</atkmod>
						<atkprof type="number">1</atkprof>
						<atktype type="string">ranged</atktype>
						<order type="number">1</order>
						<savedcmod type="number">0</savedcmod>
						<savedcprof type="number">1</savedcprof>
						<savemagic type="number">0</savemagic>
						<type type="string">cast</type>
					</id-00001>
					<id-00002>
						<damagelist>
							<id-00001>
								<bonus type="number">0</bonus>
								<dice type="dice">d10,d10</dice>
								<type type="string">fire</type>
							</id-00001>
						</damagelist>
						<order type="number">2</order>
						<type type="string">damage</type>
					</id-00002>
				</actions>
				<cast type="number">0</cast>
				<castingtime type="string">1 action</castingtime>
				<components type="string">V, S</components>
				<description type="formattedtext">
					<p>You hurl a mote of fire at a creature or object within range. Make a ranged spell attack against the target. On a hit, the target takes 1d10 fire damage. A flammable object hit by this spell ignites if it isn't being worn or carried.</p>
					<p>This spell's damage increases by 1d10 when you reach 5th level (2d10), 11th level (3d10), and 17th level (4d10).</p>
				</description>
				<duration type="string">Instantaneous</duration>
				<group type="string">Spells</group>
				<level type="number">0</level>
				<locked type="number">1</locked>
				<name type="string">Fire Bolt</name>
				<prepared type="number">0</prepared>
				<range type="string">120 feet</range>
				<ritual type="number">0</ritual>
				<school type="string">Evocation</school>
				<source type="string">Eldritch Knight, Sorcerer, Wizard, Arcane Trickster</source>
			</id-00002>
			<id-00003>
				<actions>
				</actions>
				<cast type="number">0</cast>
				<castingtime type="string">1 action</castingtime>
				<components type="string">V, S</components>
				<description type="formattedtext">
					<p>This spell is a minor magical trick that novice spellcasters use for practice. You create one of the following magical effects within range:</p>
					<list>
						<li>You create an instantaneous, harmless sensory effect, such as a shower of sparks, a puff of wind, faint musical notes, or an odd odor.</li>
						<li>You instantaneously light or snuff out a candle, a torch, or a small campfire.</li>
						<li>You instantaneously clean or soil an object no larger than 1 cubic foot.</li>
						<li>You chill, warm, or flavor up to 1 cubic foot of nonliving material for 1 hour.</li>
						<li>You make a color, a small mark, or a symbol appear on an object or a surface for 1 hour.</li>
						<li>You create a nonmagical trinket or an illusory image that can fit in your hand and that lasts until the end of your next turn.</li>
					</list>
					<p>If you cast this spell multiple times, you can have up to three of its non-instantaneous effects active at a time, and you can dismiss such an effect as an action.</p>
				</description>
				<duration type="string">Up to 1 hour</duration>
				<group type="string">Spells</group>
				<level type="number">0</level>
				<locked type="number">1</locked>
				<name type="string">Prestidigitation</name>
				<prepared type="number">0</prepared>
				<range type="string">10 feet</range>
				<ritual type="number">0</ritual>
				<school type="string">Transmutation</school>
				<source type="string">Bard, Eldritch Knight, Sorcerer, Warlock, Wizard, Arcane Trickster</source>
			</id-00003>
			<id-00004>
				<actions>
				</actions>
				<cast type="number">0</cast>
				<castingtime type="string">1 action</castingtime>
				<components type="string">V, S, M (a bit of fleece)</components>
				<description type="formattedtext">
					<p>You create the image of an object, a creature, or some other visible phenomenon that is no larger than a 15-foot cube. The image appears at a spot within range and lasts for the duration. The image is purely visual; it isn't accompanied by sound, smell, or other sensory effects.</p>
					<p>You can use your action to cause the image to move to any spot within range. As the image changes location, you can alter its appearance so that its movements appear natural for the image. For example, if you create an image of a creature and move it, you can alter the image so that it appears to be walking.</p>
					<p>Physical interaction with the image reveals it to be an illusion, because things can pass through it. A creature that uses its action to examine the image can determine that it is an illusion with a successful Intelligence (Investigation) check against your spell save DC. If a creature discerns the illusion for what it is, the creature can see through the image.</p>
				</description>
				<duration type="string">Concentration, up to 10 minutes</duration>
				<group type="string">Spells</group>
				<level type="number">1</level>
				<locked type="number">1</locked>
				<name type="string">Silent Image</name>
				<prepared type="number">0</prepared>
				<range type="string">60 feet</range>
				<ritual type="number">0</ritual>
				<school type="string">Illusion</school>
				<source type="string">Bard, Eldritch Knight, Eldritch Invocations, Sorcerer, Wizard, Arcane Trickster</source>
			</id-00004>
			<id-00005>
				<actions>
					<id-00001>
						<atktype type="string">ranged</atktype>
						<order type="number">1</order>
						<type type="string">cast</type>
					</id-00001>
					<id-00002>
						<damagelist>
							<id-00001>
								<dice type="dice">d8,d8,d8</dice>
								<type type="string">acid</type>
							</id-00001>
						</damagelist>
						<order type="number">2</order>
						<type type="string">damage</type>
					</id-00002>
					<id-00003>
						<damagelist>
							<id-00001>
								<dice type="dice">d8,d8,d8</dice>
								<type type="string">cold</type>
							</id-00001>
						</damagelist>
						<order type="number">3</order>
						<type type="string">damage</type>
					</id-00003>
					<id-00004>
						<damagelist>
							<id-00001>
								<dice type="dice">d8,d8,d8</dice>
								<type type="string">fire</type>
							</id-00001>
						</damagelist>
						<order type="number">4</order>
						<type type="string">damage</type>
					</id-00004>
					<id-00005>
						<damagelist>
							<id-00001>
								<dice type="dice">d8,d8,d8</dice>
								<type type="string">lightning</type>
							</id-00001>
						</damagelist>
						<order type="number">5</order>
						<type type="string">damage</type>
					</id-00005>
					<id-00006>
						<damagelist>
							<id-00001>
								<dice type="dice">d8,d8,d8</dice>
								<type type="string">poison</type>
							</id-00001>
						</damagelist>
						<order type="number">6</order>
						<type type="string">damage</type>
					</id-00006>
					<id-00007>
						<damagelist>
							<id-00001>
								<dice type="dice">d8,d8,d8</dice>
								<type type="string">thunder</type>
							</id-00001>
						</damagelist>
						<order type="number">7</order>
						<type type="string">damage</type>
					</id-00007>
				</actions>
				<cast type="number">0</cast>
				<castingtime type="string">1 action</castingtime>
				<components type="string">V, S, M (a diamond worth at least 50 gp)</components>
				<description type="formattedtext">
					<p>You hurl a 4-inch-diameter sphere of energy at a creature that you can see within range. You choose acid, cold, fire, lightning, poison, or thunder for the type of orb you create, and then make a ranged spell attack against the target. If the attack hits, the creature takes 3d8 damage of the type you chose.</p>
					<p><b>At Higher Levels. </b>When you cast this spell using a spell slot of 2nd level or higher, the damage increases by 1d8 for each slot level above 1st.</p>
				</description>
				<duration type="string">Instantaneous</duration>
				<group type="string">Spells</group>
				<level type="number">1</level>
				<locked type="number">1</locked>
				<name type="string">Chromatic Orb</name>
				<prepared type="number">0</prepared>
				<range type="string">90 feet</range>
				<ritual type="number">0</ritual>
				<school type="string">Evocation</school>
				<source type="string">Eldritch Knight, Sorcerer, Wizard, Arcane Trickster</source>
			</id-00005>
			<id-00006>
				<actions>
					<id-00001>
						<durmod type="number">1</durmod>
						<label type="string">AC: 5</label>
						<order type="number">1</order>
						<targeting type="string">self</targeting>
						<type type="string">effect</type>
					</id-00001>
				</actions>
				<cast type="number">0</cast>
				<castingtime type="string">1 reaction, which you take when you are hit by an attack or targeted by the magic missile spell</castingtime>
				<components type="string">V, S</components>
				<description type="formattedtext">
					<p>An invisible barrier of magical force appears and protects you. Until the start of your next turn, you have a +5 bonus to AC, including against the triggering attack, and you take no damage from magic missile.</p>
				</description>
				<duration type="string">1 round</duration>
				<group type="string">Spells</group>
				<level type="number">1</level>
				<locked type="number">1</locked>
				<name type="string">Shield</name>
				<prepared type="number">0</prepared>
				<range type="string">Self</range>
				<ritual type="number">0</ritual>
				<school type="string">Abjuration</school>
				<source type="string">Eldritch Knight, Sorcerer, Wizard, Arcane Trickster</source>
			</id-00006>
			<id-00007>
				<actions>
					<id-00001>
						<atkprof type="number">1</atkprof>
						<atktype type="string">ranged</atktype>
						<order type="number">1</order>
						<savedcprof type="number">1</savedcprof>
						<savemagic type="number">1</savemagic>
						<savetype type="string">constitution</savetype>
						<type type="string">cast</type>
					</id-00001>
					<id-00002>
						<damagelist>
							<id-00001>
								<dice type="dice">d8,d8</dice>
								<type type="string">poison</type>
							</id-00001>
						</damagelist>
						<order type="number">2</order>
						<type type="string">damage</type>
					</id-00002>
					<id-00003>
						<label type="string">Poisoned</label>
						<order type="number">3</order>
						<type type="string">effect</type>
					</id-00003>
				</actions>
				<cast type="number">0</cast>
				<castingtime type="string">1 action</castingtime>
				<components type="string">V, S</components>
				<description type="formattedtext">
					<p>A ray of sickening greenish energy lashes out toward a creature within range. Make a ranged spell attack against the target. On a hit, the target takes 2d8 poison damage and must make a Constitution saving throw.</p>
					<p>On a failed save, it is also poisoned until the end of your next turn.</p>
					<p><b>At Higher Levels. </b>When you cast this spell using a spell slot of 2nd level or higher, the damage increases by 1d8 for each slot level above 1st.</p>
				</description>
				<duration type="string">Instantaneous</duration>
				<group type="string">Spells</group>
				<level type="number">1</level>
				<locked type="number">1</locked>
				<name type="string">Ray of Sickness</name>
				<prepared type="number">0</prepared>
				<range type="string">60 feet</range>
				<ritual type="number">0</ritual>
				<school type="string">Necromancy</school>
				<source type="string">Eldritch Knight, Sorcerer, Wizard, Arcane Trickster</source>
			</id-00007>
			<id-00008>
				<actions>
				</actions>
				<cast type="number">0</cast>
				<castingtime type="string">1 bonus action</castingtime>
				<components type="string">S</components>
				<description type="formattedtext">
					<p>Starting at 2nd level, you can push yourself beyond your normal limits for a moment. On your turn, you can take one additional action on top of your regular action and a possible bonus action.</p>
					<p>Once you use this feature, you must finish a short or long rest before you can use it again. Starting at 17th level, you can use it twice before a rest, but only once on the same turn.</p>
				</description>
				<duration type="string">Instantaneous</duration>
				<level type="number">0</level>
				<locked type="number">1</locked>
				<name type="string">Action Surge</name>
				<prepared type="number">1</prepared>
				<ritual type="number">0</ritual>
				<school type="string">Figher</school>
				<source type="string">Fighter</source>
				<usesperiod type="string">enc</usesperiod>
			</id-00008>
			<id-00009>
				<actions>
					<id-00002>
						<heallist>
							<id-00001>
								<dice type="dice">d10</dice>
								<stat type="string">fighter</stat>
							</id-00001>
						</heallist>
						<healtargeting type="string">self</healtargeting>
						<order type="number">1</order>
						<type type="string">heal</type>
					</id-00002>
				</actions>
				<cast type="number">1</cast>
				<castingtime type="string">1 bonus action</castingtime>
				<components type="string">S</components>
				<description type="formattedtext">
					<p>You have a limited well of stamina that you can draw on to protect yourself from harm. On your turn, you can use a bonus action to regain hit points equal to 1d10 + your fighter level.</p>
					<p>Once you use this feature, you must finish a short or long rest before you can use it again.</p>
				</description>
				<level type="number">0</level>
				<locked type="number">1</locked>
				<name type="string">Second Wind</name>
				<prepared type="number">1</prepared>
				<school type="string">Fighter</school>
				<usesperiod type="string">enc</usesperiod>
			</id-00009>
			<id-00010>
				<actions>
					<id-00001>
						<durmod type="number">1</durmod>
						<durunit type="string">minute</durunit>
						<label type="string">RESIST: radiant</label>
						<order type="number">1</order>
						<targeting type="string">self</targeting>
						<type type="string">effect</type>
					</id-00001>
				</actions>
				<cast type="number">0</cast>
				<level type="number">0</level>
				<name type="string">Ring of Radiance</name>
				<prepared type="number">0</prepared>
			</id-00010>
		</powers>
		<profbonus type="number">3</profbonus>
		<proficiencylist>
			<id-00001>
				<name type="string">Tool: Musical Instrument - Panflute</name>
			</id-00001>
			<id-00002>
				<name type="string">Weapon: Simple weapons, martial weapons</name>
			</id-00002>
			<id-00003>
				<name type="string">Armor: All armor, shields</name>
			</id-00003>
		</proficiencylist>
		<race type="string">High Elf</race>
		<racelink type="windowreference">
			<class>reference_race</class>
			<recordname>reference.racedata.elf@DD PHB Deluxe</recordname>
		</racelink>
		<senses type="string">Darkvision 60</senses>
		<size type="string">Medium</size>
		<skilllist>
			<id-00001>
				<misc type="number">0</misc>
				<name type="string">Perception</name>
				<prof type="number">1</prof>
				<stat type="string">wisdom</stat>
				<total type="number">4</total>
			</id-00001>
			<id-00002>
				<misc type="number">0</misc>
				<name type="string">Athletics</name>
				<prof type="number">1</prof>
				<stat type="string">strength</stat>
				<total type="number">6</total>
			</id-00002>
			<id-00003>
				<misc type="number">0</misc>
				<name type="string">Survival</name>
				<prof type="number">1</prof>
				<stat type="string">wisdom</stat>
				<total type="number">4</total>
			</id-00003>
			<id-00004>
				<misc type="number">0</misc>
				<name type="string">Arcana</name>
				<prof type="number">0</prof>
				<stat type="string">intelligence</stat>
				<total type="number">2</total>
			</id-00004>
			<id-00005>
				<misc type="number">0</misc>
				<name type="string">Persuasion</name>
				<prof type="number">0</prof>
				<stat type="string">charisma</stat>
				<total type="number">-1</total>
			</id-00005>
			<id-00006>
				<misc type="number">0</misc>
				<name type="string">Nature</name>
				<prof type="number">0</prof>
				<stat type="string">intelligence</stat>
				<total type="number">2</total>
			</id-00006>
			<id-00007>
				<misc type="number">0</misc>
				<name type="string">Medicine</name>
				<prof type="number">0</prof>
				<stat type="string">wisdom</stat>
				<total type="number">1</total>
			</id-00007>
			<id-00008>
				<misc type="number">0</misc>
				<name type="string">Performance</name>
				<prof type="number">0</prof>
				<stat type="string">charisma</stat>
				<total type="number">-1</total>
			</id-00008>
			<id-00009>
				<misc type="number">0</misc>
				<name type="string">Acrobatics</name>
				<prof type="number">0</prof>
				<stat type="string">dexterity</stat>
				<total type="number">1</total>
			</id-00009>
			<id-00010>
				<misc type="number">0</misc>
				<name type="string">Religion</name>
				<prof type="number">0</prof>
				<stat type="string">intelligence</stat>
				<total type="number">2</total>
			</id-00010>
			<id-00011>
				<misc type="number">0</misc>
				<name type="string">Sleight of Hand</name>
				<prof type="number">0</prof>
				<stat type="string">dexterity</stat>
				<total type="number">1</total>
			</id-00011>
			<id-00012>
				<misc type="number">0</misc>
				<name type="string">Insight</name>
				<prof type="number">1</prof>
				<stat type="string">wisdom</stat>
				<total type="number">4</total>
			</id-00012>
			<id-00013>
				<misc type="number">0</misc>
				<name type="string">Intimidation</name>
				<prof type="number">0</prof>
				<stat type="string">charisma</stat>
				<total type="number">-1</total>
			</id-00013>
			<id-00014>
				<misc type="number">0</misc>
				<name type="string">Deception</name>
				<prof type="number">0</prof>
				<stat type="string">charisma</stat>
				<total type="number">-1</total>
			</id-00014>
			<id-00015>
				<misc type="number">0</misc>
				<name type="string">Investigation</name>
				<prof type="number">0</prof>
				<stat type="string">intelligence</stat>
				<total type="number">2</total>
			</id-00015>
			<id-00016>
				<misc type="number">0</misc>
				<name type="string">Stealth</name>
				<prof type="number">0</prof>
				<stat type="string">dexterity</stat>
				<total type="number">1</total>
			</id-00016>
			<id-00017>
				<misc type="number">0</misc>
				<name type="string">History</name>
				<prof type="number">0</prof>
				<stat type="string">intelligence</stat>
				<total type="number">2</total>
			</id-00017>
			<id-00018>
				<misc type="number">0</misc>
				<name type="string">Animal Handling</name>
				<prof type="number">1</prof>
				<stat type="string">wisdom</stat>
				<total type="number">4</total>
			</id-00018>
		</skilllist>
		<speed>
			<armor type="number">0</armor>
			<base type="number">30</base>
			<misc type="number">0</misc>
			<temporary type="number">0</temporary>
			<total type="number">30</total>
		</speed>
		<temp>
		</temp>
		<token type="token">portrait_id-00003_token</token>
		<traitlist>
			<id-00001>
				<locked type="number">1</locked>
				<name type="string">Trance</name>
				<source type="string">Elf</source>
				<text type="formattedtext">
					<p>Elves don't need to sleep. Instead, they meditate deeply, remaining semiconscious, for 4 hours a day. (The Common word for such meditation is &#34;trance.&#34;) While meditating, you can dream after a fashion; such dreams are actually mental exercises that have become reflexive through years of practice. After resting in this way, you gain the same benefit that a human does from 8 hours of sleep.</p>
				</text>
				<type type="string">racial</type>
			</id-00001>
			<id-00002>
				<locked type="number">1</locked>
				<name type="string">Keen Senses</name>
				<source type="string">Elf</source>
				<text type="formattedtext">
					<p>You have proficiency in the Perception skill.</p>
				</text>
				<type type="string">racial</type>
			</id-00002>
			<id-00003>
				<locked type="number">1</locked>
				<name type="string">Fey Ancestry</name>
				<source type="string">Elf</source>
				<text type="formattedtext">
					<p>You have advantage on saving throws against being charmed, and magic can't put you to sleep.</p>
				</text>
				<type type="string">racial</type>
			</id-00003>
			<id-00004>
				<locked type="number">1</locked>
				<name type="string">Cantrip</name>
				<source type="string">High Elf</source>
				<text type="formattedtext">
					<p>You know one cantrip of your choice from the wizard spell list. Intelligence is your spellcasting ability for it.</p>
				</text>
				<type type="string">subracial</type>
			</id-00004>
			<id-00005>
				<locked type="number">1</locked>
				<name type="string">Elf Weapon Training</name>
				<source type="string">High Elf</source>
				<text type="formattedtext">
					<p>You have proficiency with the longsword, shortsword, shortbow, and longbow.</p>
				</text>
				<type type="string">subracial</type>
			</id-00005>
		</traitlist>
		<weaponlist>
			<id-00001>
				<ammo type="number">1</ammo>
				<attackbonus type="number">0</attackbonus>
				<carried type="number">2</carried>
				<damagelist>
					<id-00001>
						<bonus type="number">0</bonus>
						<dice type="dice">d8</dice>
						<stat type="string">base</stat>
						<type type="string">piercing</type>
					</id-00001>
				</damagelist>
				<isidentified type="number">1</isidentified>
				<maxammo type="number">20</maxammo>
				<name type="string">Crossbow, Light</name>
				<prof type="number">1</prof>
				<shortcut type="windowreference">
					<class>item</class>
					<recordname>....inventorylist.id-00007</recordname>
				</shortcut>
				<type type="number">1</type>
			</id-00001>
			<id-00002>
				<attackbonus type="number">0</attackbonus>
				<carried type="number">2</carried>
				<damagelist>
					<id-00001>
						<bonus type="number">0</bonus>
						<dice type="dice">d8</dice>
						<stat type="string">base</stat>
						<type type="string">slashing</type>
					</id-00001>
				</damagelist>
				<isidentified type="number">1</isidentified>
				<maxammo type="number">0</maxammo>
				<name type="string">Longsword</name>
				<prof type="number">1</prof>
				<shortcut type="windowreference">
					<class>item</class>
					<recordname>....inventorylist.id-00008</recordname>
				</shortcut>
				<type type="number">0</type>
			</id-00002>
			<id-00003>
				<attackbonus type="number">0</attackbonus>
				<carried type="number">1</carried>
				<damagelist>
					<id-00001>
						<bonus type="number">0</bonus>
						<dice type="dice">d8</dice>
						<stat type="string">base</stat>
						<type type="string">piercing</type>
					</id-00001>
				</damagelist>
				<isidentified type="number">1</isidentified>
				<maxammo type="number">20</maxammo>
				<name type="string">Longbow</name>
				<prof type="number">1</prof>
				<shortcut type="windowreference">
					<class>item</class>
					<recordname>....inventorylist.id-00009</recordname>
				</shortcut>
				<type type="number">1</type>
			</id-00003>
			<id-00004>
				<carried type="number">1</carried>
				<damagelist>
					<id-00001>
						<dice type="dice">d10</dice>
						<stat type="string">base</stat>
						<type type="string">slashing</type>
					</id-00001>
				</damagelist>
				<maxammo type="number">0</maxammo>
				<name type="string">Longsword 2h</name>
				<prof type="number">1</prof>
				<shortcut type="windowreference">
					<class></class>
					<recordname></recordname>
				</shortcut>
				<type type="number">0</type>
			</id-00004>
			<id-00005>
				<attackbonus type="number">0</attackbonus>
				<carried type="number">1</carried>
				<damagelist>
					<id-00001>
						<bonus type="number">0</bonus>
						<dice type="dice">d4</dice>
						<stat type="string">base</stat>
						<type type="string">bludgeoning</type>
					</id-00001>
				</damagelist>
				<isidentified type="number">1</isidentified>
				<maxammo type="number">0</maxammo>
				<name type="string">Light Hammer</name>
				<prof type="number">1</prof>
				<shortcut type="windowreference">
					<class>item</class>
					<recordname>....inventorylist.id-00030</recordname>
				</shortcut>
				<type type="number">0</type>
			</id-00005>
			<id-00006>
				<attackbonus type="number">0</attackbonus>
				<carried type="number">1</carried>
				<damagelist>
					<id-00001>
						<bonus type="number">0</bonus>
						<dice type="dice">d4</dice>
						<stat type="string">base</stat>
						<type type="string">bludgeoning</type>
					</id-00001>
				</damagelist>
				<isidentified type="number">1</isidentified>
				<maxammo type="number">1</maxammo>
				<name type="string">Light Hammer</name>
				<prof type="number">1</prof>
				<shortcut type="windowreference">
					<class>item</class>
					<recordname>....inventorylist.id-00030</recordname>
				</shortcut>
				<type type="number">2</type>
			</id-00006>
		</weaponlist>
		<weight type="string">180 lb</weight>
	</character>
</root>
