<?xml version="1.0" encoding="iso-8859-1"?>
<root version="3.3" release="7|CoreRPG:3">
	<character>
		<abilities>
			<charisma>
				<bonus type="number">0</bonus>
				<save type="number">0</save>
				<savemodifier type="number">0</savemodifier>
				<saveprof type="number">0</saveprof>
				<score type="number">10</score>
			</charisma>
			<constitution>
				<bonus type="number">2</bonus>
				<save type="number">2</save>
				<savemodifier type="number">0</savemodifier>
				<saveprof type="number">0</saveprof>
				<score type="number">15</score>
			</constitution>
			<dexterity>
				<bonus type="number">4</bonus>
				<save type="number">6</save>
				<savemodifier type="number">0</savemodifier>
				<saveprof type="number">1</saveprof>
				<score type="number">18</score>
			</dexterity>
			<intelligence>
				<bonus type="number">1</bonus>
				<save type="number">1</save>
				<savemodifier type="number">0</savemodifier>
				<saveprof type="number">0</saveprof>
				<score type="number">12</score>
			</intelligence>
			<strength>
				<bonus type="number">1</bonus>
				<save type="number">3</save>
				<savemodifier type="number">0</savemodifier>
				<saveprof type="number">1</saveprof>
				<score type="number">13</score>
			</strength>
			<wisdom>
				<bonus type="number">2</bonus>
				<save type="number">2</save>
				<savemodifier type="number">0</savemodifier>
				<saveprof type="number">0</saveprof>
				<score type="number">15</score>
			</wisdom>
		</abilities>
		<adventurelist>
		</adventurelist>
		<age type="string">120</age>
		<alignment type="string">Chaotic Good</alignment>
		<background type="string">Gladiator</background>
		<backgroundlink type="windowreference">
			<class>reference_background</class>
			<recordname>reference.backgrounddata.gladiator@DD PHB Deluxe</recordname>
		</backgroundlink>
		<bonds type="string">I idolize a hero of the old tales and measure my deeds against that person's.</bonds>
		<classes>
			<id-00001>
				<casterlevelinvmult type="number">2</casterlevelinvmult>
				<hddie type="dice">d10</hddie>
				<hdused type="number">0</hdused>
				<level type="number">3</level>
				<name type="string">Ranger</name>
				<shortcut type="windowreference">
					<class>reference_class</class>
					<recordname>reference.classdata.ranger@DD PHB Deluxe</recordname>
				</shortcut>
			</id-00001>
		</classes>
		<coins>
			<slot1>
				<amount type="number">5</amount>
				<name type="string">GP</name>
			</slot1>
			<slot2>
			</slot2>
			<slot3>
			</slot3>
			<slot4>
			</slot4>
			<slot5>
			</slot5>
			<slot6>
			</slot6>
		</coins>
		<defenses>
			<ac>
				<armor type="number">4</armor>
				<dexbonus type="string">max2</dexbonus>
				<disstealth type="number">1</disstealth>
				<misc type="number">0</misc>
				<prof type="number">1</prof>
				<shield type="number">0</shield>
				<temporary type="number">0</temporary>
				<total type="number">16</total>
			</ac>
		</defenses>
		<encumbrance>
			<encumbered type="number">65</encumbered>
			<encumberedheavy type="number">130</encumberedheavy>
			<liftpushdrag type="number">390</liftpushdrag>
			<load type="number">112</load>
			<max type="number">195</max>
		</encumbrance>
		<featlist>
		</featlist>
		<featurelist>
			<id-00001>
				<locked type="number">1</locked>
				<name type="string">By Popular Demand</name>
				<source type="string">Gladiator</source>
				<text type="formattedtext">
					<p>You can always find a place to perform, usually in an inn or tavern but possibly with a circus, at a theater, or even in a noble's court. At such a place, you receive free lodging and food of a modest or comfortable standard (depending on the quality of the establishment), as long as you perform each night. In addition, your performance makes you something of a local figure. When strangers recognize you in a town where you have performed, they typically take a liking to you.</p>
				</text>
			</id-00001>
			<id-00002>
				<level type="number">1</level>
				<locked type="number">1</locked>
				<name type="string">Natural Explorer</name>
				<source type="string">Ranger</source>
				<text type="formattedtext">
					<p>You are particularly familiar with one type of natural environment and are adept at traveling and surviving in such regions. Choose one type of favored terrain: arctic, coast, desert, forest, grassland, mountain, swamp, or the Underdark. When you make an Intelligence or Wisdom check related to your favored terrain, your proficiency bonus is doubled if you are using a skill that you're proficient in.</p>
					<p>While traveling for an hour or m ore in your favored terrain, you gain the following benefits:</p>
					<list>
						<li>Difficult terrain doesn't slow your group's travel.</li>
						<li>Your group can't become lost except by magical means.</li>
						<li>Even when you are engaged in another activity while traveling (such as foraging, navigating, or tracking), you remain alert to danger.</li>
						<li>If you are traveling alone, you can move stealthily at a normal pace.</li>
						<li>When you forage, you find twice as much food as you normally would.</li>
						<li>While tracking other creatures, you also learn their exact number, their sizes, and how long ago they passed through the area.</li>
					</list>
					<p>You choose additional favored terrain types at 6th and 10th level.</p>
				</text>
			</id-00002>
			<id-00003>
				<level type="number">1</level>
				<locked type="number">1</locked>
				<name type="string">Favored Enemy (Undead)</name>
				<source type="string">Ranger</source>
				<text type="formattedtext">
					<p>Beginning at 1st level, you have significant experience studying, tracking, hunting, and even talking to a certain type of enemy.</p>
					<p>Choose a type of favored enemy: aberrations, beasts, celestials, constructs, dragons, elementals, fey, fiends, giants, monstrosities, oozes, plants, or undead. Alternatively, you can select two races of humanoid (such as gnolls and orcs) as favored enemies.</p>
					<p>You have advantage on Wisdom(Survival) checks to track your favored enemies, as well as on Intelligence checks to recall information about them.</p>
					<p>When you gain this feature, you also learn one language of your choice that is spoken by your favored enemies, if they speak one at all.</p>
					<p>You choose one additional favored enemy, as well as an associated language, at 6th and 14th level. As you gain levels, your choices should reflect the types of monsters you have encountered on your adventures.</p>
				</text>
			</id-00003>
			<id-00004>
				<level type="number">2</level>
				<locked type="number">1</locked>
				<name type="string">Fighting Style (Two Weapon Fighting)</name>
				<source type="string">Ranger</source>
				<text type="formattedtext">
					<p>At 2nd level, you adopt a particular style of fighting as your specialty. Choose one of the following options. You can't take a Fighting Style option more than once, even if you later get to choose again.</p>
					<p><b>Archery</b></p>
					<p>You gain a +2 bonus to attack rolls you make with ranged weapons.</p>
					<p><b>Defense</b></p>
					<p>While you are wearing armor, you gain a +1 bonus to AC.</p>
					<p><b>Dueling</b></p>
					<p>When you are wielding a melee weapon in one hand and no other weapons, you gain a +2 bonus to damage rolls with that weapon.</p>
					<p><b>Two-Weapon Fighting</b></p>
					<p>When you engage in two-weapon fighting, you can add your ability modifier to the damage of the second attack.</p>
				</text>
			</id-00004>
			<id-00005>
				<level type="number">2</level>
				<locked type="number">1</locked>
				<name type="string">Spellcasting</name>
				<source type="string">Ranger</source>
				<specializationchoice type="number">0</specializationchoice>
				<text type="formattedtext">
					<p>By the time you reach 2nd level, you have learned to use the magical essence of nature to cast spells, much as a druid does. See chapter 10 for the general rules of spellcasting and chapter 11 for the ranger spell list.</p>
					<linklist>
						<link class="reference_colindex" recordname="reference.spelllists.ranger@DD PHB Deluxe">Ranger Spells</link>
					</linklist>
					<p><b>Spell Slots</b></p>
					<p>The Ranger table shows how many spell slots you have to cast your spells of 1st level and higher. To cast one of these spells, you must expend a slot of the spell's level or higher. You regain all expended spell slots when you finish a long rest.</p>
					<p>For example, if you know the 1st-level spell animal friendship and have a 1st-level and a 2nd-level spell slot available, you can cast animal friendship using either slot.</p>
					<p><b>Spells Known of 1st Level and Higher</b></p>
					<p>You know two 1st-level spells of your choice from the ranger spell list.</p>
					<p>The Spells Known column of the Ranger table shows when you learn more ranger spells of your choice. Each of these spells must be of a level for which you have spell slots. For instance, when you reach 5th level in this class, you can learn one new spell of 1st or 2nd level. Additionally, when you gain a level in this class, you can choose one of the ranger spells you know and replace it with another spell from the ranger spell list, which also must be of a level for which you have spell slots.</p>
					<p><b>Spellcasting Ability</b></p>
					<p>Wisdom is your spellcasting ability for your ranger spells, since your magic draws on your attunement to nature. You use your Wisdom whenever a spell refers to your spellcasting ability. In addition, you use your Wisdom modifier when setting the saving throw DC for a ranger spell you cast and when making an attack roll with one.</p>
					<p><b>Spell save DC </b>= 8 + your proficiency bonus + your Wisdom modifier</p>
					<p><b>Spell attack modifier </b>= your proficiency bonus + your Wisdom modifier</p>
				</text>
			</id-00005>
			<id-00006>
				<level type="number">1</level>
				<locked type="number">1</locked>
				<name type="string">Hunter</name>
				<source type="string">Ranger</source>
				<text type="formattedtext">
					<p>Emulating the Hunter archetype means accepting your place as a bulwark between civilization and the terrors of the wilderness. As you walk the Hunter's path, you learn specialized techniques for fighting the threats you face, from rampaging ogres and hordes of orcs to towering giants and terrifying dragons.</p>
					<h>Features</h>
					<linklist>
						<link class="reference_classfeature" recordname="reference.classdata.ranger.features.hunter_sprey3@DD PHB Deluxe">Hunter's Prey</link>
						<link class="reference_classfeature" recordname="reference.classdata.ranger.features.defensivetactics7@DD PHB Deluxe">Defensive Tactics</link>
						<link class="reference_classfeature" recordname="reference.classdata.ranger.features.multiattack11@DD PHB Deluxe">Multiattack</link>
						<link class="reference_classfeature" recordname="reference.classdata.ranger.features.superiorhunter_sdefense15@DD PHB Deluxe">Superior Hunter's Defense</link>
					</linklist>
				</text>
			</id-00006>
			<id-00007>
				<level type="number">3</level>
				<locked type="number">1</locked>
				<name type="string">Hunter's Prey (Colossus Slayer)</name>
				<source type="string">Ranger</source>
				<specialization type="string">Hunter</specialization>
				<text type="formattedtext">
					<p>At 3rd level, you gain one of the following features of your choice.</p>
					<p><b>Colossus Slayer. </b>Your tenacity can wear down the most potent foes. When you hit a creature with a weapon attack, the creature takes an extra 1d8 damage if it's below its hit point maximum. You can deal this extra damage only once per turn.</p>
					<p><b>Giant Killer. </b>When a Large or larger creature within 5 feet of you hits or misses you with an attack, you can use your reaction to attack that creature immediately after its attack, provided that you can see the creature.</p>
					<p><b>Horde Breaker. </b>Once on each of your turns when you make a weapon attack, you can make another attack with the same weapon against a different creature that is within 5 feet of the original target and within range of your weapon.</p>
				</text>
			</id-00007>
			<id-00008>
				<level type="number">3</level>
				<locked type="number">1</locked>
				<name type="string">Primeval Awareness</name>
				<source type="string">Ranger</source>
				<text type="formattedtext">
					<p>Beginning at 3rd level, you can use your action and expend one ranger spell slot to focus your awareness on the region around you. For 1 minute per level of the spell slot you expend, you can sense whether the following types of creatures are present within 1 mile of you (or within up to 6 miles if you are in your favored terrain): aberrations, celestials, dragons, elementals, fey, fiends, and undead. This feature doesn't reveal the creatures' location or number.</p>
				</text>
			</id-00008>
		</featurelist>
		<flaws type="string">I have trouble keeping my true feelings hidden. My sharp tongue lands me in trouble.</flaws>
		<gender type="string">Male</gender>
		<height type="string">6' 4&#34;</height>
		<hp>
			<temporary type="number">0</temporary>
			<total type="number">28</total>
			<wounds type="number">0</wounds>
		</hp>
		<ideals type="string">Creativity. The world is in need of new ideas and bold action. (Chaotic)</ideals>
		<initiative>
			<misc type="number">0</misc>
			<temporary type="number">0</temporary>
			<total type="number">4</total>
		</initiative>
		<inventorylist>
			<id-00001>
				<ac type="number">14</ac>
				<carried type="number">2</carried>
				<cost type="string">50 gp</cost>
				<count type="number">1</count>
				<description type="formattedtext">
					<p>Medium armor offers more protection than light armor, but it also impairs movement more. If you wear medium armor, you add your Dexterity modifier, to a maximum of +2, to the base number from your armor type to determine your Armor Class.</p>
					<p>This armor consists of a coat and leggings (and perhaps a separate skirt) of leather covered with overlapping pieces of metal, much like the scales of a fish. The suit includes gauntlets.</p>
				</description>
				<dexbonus type="string">Yes (max 2)</dexbonus>
				<isidentified type="number">1</isidentified>
				<locked type="number">1</locked>
				<name type="string">Scale Mail</name>
				<stealth type="string">Disadvantage</stealth>
				<strength type="string">-</strength>
				<subtype type="string">Medium Armor</subtype>
				<type type="string">Armor</type>
				<weight type="number">45</weight>
			</id-00001>
			<id-00002>
				<carried type="number">2</carried>
				<cost type="string">10 gp</cost>
				<count type="number">2</count>
				<damage type="string">1d6 piercing</damage>
				<isidentified type="number">1</isidentified>
				<locked type="number">1</locked>
				<name type="string">Shortsword</name>
				<properties type="string">Finesse, light</properties>
				<subtype type="string">Martial Weapons</subtype>
				<type type="string">Weapon</type>
				<weight type="number">2</weight>
			</id-00002>
			<id-00003>
				<carried type="number">2</carried>
				<cost type="string">50 gp</cost>
				<count type="number">1</count>
				<damage type="string">1d8 piercing</damage>
				<isidentified type="number">1</isidentified>
				<locked type="number">1</locked>
				<name type="string">Longbow</name>
				<properties type="string">Ammunition (range 150/600), heavy, two-handed</properties>
				<subtype type="string">Martial Ranged Weapons</subtype>
				<type type="string">Weapon</type>
				<weight type="number">2</weight>
			</id-00003>
			<id-00004>
				<carried type="number">1</carried>
				<cost type="string">1 gp</cost>
				<count type="number">1</count>
				<description type="formattedtext">
					<p>A quiver can hold up to 20 arrows.</p>
				</description>
				<isidentified type="number">1</isidentified>
				<locked type="number">1</locked>
				<name type="string">Quiver</name>
				<subtype type="string">Standard</subtype>
				<type type="string">Adventuring Gear</type>
				<weight type="number">1</weight>
			</id-00004>
			<id-00005>
				<carried type="number">1</carried>
				<cost type="string">5 cp</cost>
				<count type="number">20</count>
				<isidentified type="number">1</isidentified>
				<location type="string">Quiver</location>
				<locked type="number">1</locked>
				<name type="string">Arrow</name>
				<subtype type="string">Ammunition</subtype>
				<type type="string">Adventuring Gear</type>
				<weight type="number">0.05</weight>
			</id-00005>
			<id-00006>
				<carried type="number">1</carried>
				<cost type="string">1 gp</cost>
				<count type="number">1</count>
				<isidentified type="number">1</isidentified>
				<location type="string">Backpack</location>
				<locked type="number">1</locked>
				<name type="string">Bedroll</name>
				<subtype type="string">Standard</subtype>
				<type type="string">Adventuring Gear</type>
				<weight type="number">7</weight>
			</id-00006>
			<id-00007>
				<carried type="number">1</carried>
				<cost type="string">5 sp</cost>
				<count type="number">10</count>
				<description type="formattedtext">
					<p>Rations consist of dry foods suitable for extended travel, including jerky, dried fruit, hardtack, and nuts.</p>
				</description>
				<isidentified type="number">1</isidentified>
				<location type="string">Backpack</location>
				<locked type="number">1</locked>
				<name type="string">Rations (1 Day)</name>
				<subtype type="string">Standard</subtype>
				<type type="string">Adventuring Gear</type>
				<weight type="number">2</weight>
			</id-00007>
			<id-00008>
				<carried type="number">1</carried>
				<cost type="string">1 cp</cost>
				<count type="number">10</count>
				<description type="formattedtext">
					<p>A torch burns for 1 hour, providing bright light in a 20-foot radius and dim light for an additional 20 feet. If you make a melee attack with a burning torch and hit, it deals 1 fire damage.</p>
				</description>
				<isidentified type="number">1</isidentified>
				<location type="string">Backpack</location>
				<locked type="number">1</locked>
				<name type="string">Torch</name>
				<subtype type="string">Standard</subtype>
				<type type="string">Adventuring Gear</type>
				<weight type="number">1</weight>
			</id-00008>
			<id-00009>
				<carried type="number">1</carried>
				<cost type="string">5 sp</cost>
				<count type="number">1</count>
				<description type="formattedtext">
					<p>This small container holds flint, fire steel, and tinder (usually dry cloth soaked in light oil) used to kindle a fire. Using it to light a torch-or anything else with abundant, exposed fuel-takes an action. Lighting any other fire takes 1 minute.</p>
				</description>
				<isidentified type="number">1</isidentified>
				<location type="string">Backpack</location>
				<locked type="number">1</locked>
				<name type="string">Tinderbox</name>
				<subtype type="string">Standard</subtype>
				<type type="string">Adventuring Gear</type>
				<weight type="number">1</weight>
			</id-00009>
			<id-00010>
				<carried type="number">1</carried>
				<cost type="string">2 sp</cost>
				<count type="number">1</count>
				<isidentified type="number">1</isidentified>
				<location type="string">Backpack</location>
				<locked type="number">1</locked>
				<name type="string">Waterskin</name>
				<subtype type="string">Standard</subtype>
				<type type="string">Adventuring Gear</type>
				<weight type="number">5</weight>
			</id-00010>
			<id-00011>
				<carried type="number">1</carried>
				<cost type="string">2 sp</cost>
				<count type="number">1</count>
				<description type="formattedtext">
					<p>This tin box contains a cup and simple cutlery. The box clamps together, and one side can be used as a cooking pan and the other as a plate or shallow bowl.</p>
				</description>
				<isidentified type="number">1</isidentified>
				<location type="string">Backpack</location>
				<locked type="number">1</locked>
				<name type="string">Mess Kit</name>
				<subtype type="string">Equipment Kits</subtype>
				<type type="string">Adventuring Gear</type>
				<weight type="number">1</weight>
			</id-00011>
			<id-00012>
				<carried type="number">1</carried>
				<cost type="string">1 gp</cost>
				<count type="number">1</count>
				<isidentified type="number">1</isidentified>
				<location type="string">Backpack</location>
				<locked type="number">1</locked>
				<name type="string">Rope, Hempen (50 Feet)</name>
				<subtype type="string">Standard</subtype>
				<type type="string">Adventuring Gear</type>
				<weight type="number">10</weight>
			</id-00012>
			<id-00013>
				<carried type="number">1</carried>
				<cost type="string">2 gp</cost>
				<count type="number">1</count>
				<isidentified type="number">1</isidentified>
				<locked type="number">1</locked>
				<name type="string">Backpack</name>
				<subtype type="string">Standard</subtype>
				<type type="string">Adventuring Gear</type>
				<weight type="number">5</weight>
			</id-00013>
		</inventorylist>
		<languagelist>
			<id-00001>
				<name type="string">Common</name>
			</id-00001>
			<id-00002>
				<name type="string">Elvish</name>
			</id-00002>
			<id-00003>
				<name type="string">Draconic</name>
			</id-00003>
		</languagelist>
		<level type="number">3</level>
		<name type="string">Wood Elf Ranger (Melee Hunter)</name>
		<perception type="number">14</perception>
		<perceptionmodifier type="number">0</perceptionmodifier>
		<personalitytraits type="string">I'm a hopeless romantic, always searching for that &#34;special someone.&#34;\n\nI get bitter if I'm not the center of attention.</personalitytraits>
		<powerdisplaymode type="string">action</powerdisplaymode>
		<powergroup>
			<id-00001>
				<castertype type="string">memorization</castertype>
				<name type="string">Spells</name>
				<stat type="string">wisdom</stat>
			</id-00001>
			<id-00002>
				<name type="string">Hunter</name>
			</id-00002>
		</powergroup>
		<powermeta>
			<pactmagicslots1>
			</pactmagicslots1>
			<pactmagicslots2>
			</pactmagicslots2>
			<pactmagicslots3>
			</pactmagicslots3>
			<pactmagicslots4>
			</pactmagicslots4>
			<pactmagicslots5>
			</pactmagicslots5>
			<pactmagicslots6>
			</pactmagicslots6>
			<pactmagicslots7>
			</pactmagicslots7>
			<pactmagicslots8>
			</pactmagicslots8>
			<pactmagicslots9>
			</pactmagicslots9>
			<spellslots1>
				<max type="number">3</max>
			</spellslots1>
			<spellslots2>
			</spellslots2>
			<spellslots3>
			</spellslots3>
			<spellslots4>
			</spellslots4>
			<spellslots5>
			</spellslots5>
			<spellslots6>
			</spellslots6>
			<spellslots7>
			</spellslots7>
			<spellslots8>
			</spellslots8>
			<spellslots9>
			</spellslots9>
		</powermeta>
		<powermode type="string">standard</powermode>
		<powers>
			<id-00001>
				<actions>
					<id-00002>
						<apply type="string">action</apply>
						<durmod type="number">1</durmod>
						<order type="number">2</order>
						<type type="string">effect</type>
					</id-00002>
					<id-00003>
						<damagelist>
							<id-00001>
								<dice type="dice">d8</dice>
							</id-00001>
						</damagelist>
						<order type="number">1</order>
						<type type="string">damage</type>
					</id-00003>
				</actions>
				<group type="string">Hunter</group>
				<name type="string">Colossus Slayer</name>
			</id-00001>
			<id-00002>
				<actions>
					<id-00001>
						<heallist>
							<id-00001>
								<dice type="dice">d8</dice>
								<stat type="string">base</stat>
							</id-00001>
						</heallist>
						<order type="number">1</order>
						<type type="string">heal</type>
					</id-00001>
				</actions>
				<cast type="number">0</cast>
				<castingtime type="string">1 action</castingtime>
				<components type="string">V, S</components>
				<description type="formattedtext">
					<p>A creature you touch regains a number of hit points equal to 1d8 + your spellcasting ability modifier. This spell has no effect on undead or constructs.</p>
					<p><b>At Higher Levels. </b>When you cast this spell using a spell slot of 2nd level or higher, the healing increases by 1d8 for each slot level above 1st.</p>
				</description>
				<duration type="string">Instantaneous</duration>
				<group type="string">Spells</group>
				<level type="number">1</level>
				<locked type="number">1</locked>
				<name type="string">Cure Wounds</name>
				<prepared type="number">0</prepared>
				<range type="string">Touch</range>
				<school type="string">Evocation</school>
				<source type="string">Bard, Cleric, Cleric Life Domain, Druid, Paladin, Ranger</source>
			</id-00002>
			<id-00003>
				<actions>
				</actions>
				<cast type="number">0</cast>
				<castingtime type="string">1 action</castingtime>
				<components type="string">V, S</components>
				<description type="formattedtext">
					<p>You create a 20-foot-radius sphere of fog centered on a point within range. The sphere spreads around corners, and its area is heavily obscured. It lasts for the duration or until a wind of moderate or greater speed (at least 10 miles per hour) disperses it.</p>
					<p><b>At Higher Levels. </b>When you cast this spell using a spell slot of 2nd level or higher, the radius of the fog increases by 20 feet for each slot level above 1st.</p>
				</description>
				<duration type="string">Concentration, up to 1 hour</duration>
				<group type="string">Spells</group>
				<level type="number">1</level>
				<locked type="number">1</locked>
				<name type="string">Fog Cloud</name>
				<prepared type="number">0</prepared>
				<range type="string">120 feet</range>
				<ritual type="number">0</ritual>
				<school type="string">Conjuration</school>
				<source type="string">Cleric Tempest Domain, Druid, Eldritch Knight, Ranger, Sorcerer, Wizard, Arcane Trickster</source>
			</id-00003>
			<id-00004>
				<actions>
				</actions>
				<cast type="number">0</cast>
				<castingtime type="string">1 minute</castingtime>
				<components type="string">V, S, M (a tiny bell and a piece of fine silver wire)</components>
				<description type="formattedtext">
					<p>You set an alarm against unwanted intrusion. Choose a door, a window, or an area within range that is no larger than a 20-foot cube. Until the spell ends, an alarm alerts you whenever a Tiny or larger creature touches or enters the warded area. When you cast the spell, you can designate creatures that won't set off the alarm. You also choose whether the alarm is mental or audible.</p>
					<p>A mental alarm alerts you with a ping in your mind if you are within 1 mile of the warded area. This ping awakens you if you are sleeping.</p>
					<p>An audible alarm produces the sound of a hand bell for 10 seconds within 60 feet.</p>
				</description>
				<duration type="string">8 hours</duration>
				<group type="string">Spells</group>
				<level type="number">1</level>
				<locked type="number">1</locked>
				<name type="string">Alarm</name>
				<prepared type="number">0</prepared>
				<range type="string">30 feet</range>
				<ritual type="number">1</ritual>
				<school type="string">Abjuration</school>
				<source type="string">Eldritch Knight, Ranger, Wizard, Arcane Trickster</source>
			</id-00004>
		</powers>
		<profbonus type="number">2</profbonus>
		<proficiencylist>
			<id-00001>
				<name type="string">Tool: Disguise kit, Horn</name>
			</id-00001>
			<id-00002>
				<name type="string">Weapon: Simple weapons, martial weapons</name>
			</id-00002>
			<id-00003>
				<name type="string">Armor: Light armor, medium armor, shields</name>
			</id-00003>
		</proficiencylist>
		<race type="string">Wood Elf</race>
		<racelink type="windowreference">
			<class>reference_race</class>
			<recordname>reference.racedata.elf@DD PHB Deluxe</recordname>
		</racelink>
		<senses type="string">Darkvision 60</senses>
		<size type="string">Medium</size>
		<skilllist>
			<id-00001>
				<name type="string">Perception</name>
				<prof type="number">1</prof>
				<stat type="string">wisdom</stat>
				<total type="number">4</total>
			</id-00001>
			<id-00002>
				<name type="string">Acrobatics</name>
				<prof type="number">1</prof>
				<stat type="string">dexterity</stat>
				<total type="number">6</total>
			</id-00002>
			<id-00003>
				<name type="string">Performance</name>
				<prof type="number">1</prof>
				<stat type="string">charisma</stat>
				<total type="number">2</total>
			</id-00003>
			<id-00004>
				<name type="string">Arcana</name>
				<stat type="string">intelligence</stat>
				<total type="number">1</total>
			</id-00004>
			<id-00005>
				<name type="string">Persuasion</name>
				<stat type="string">charisma</stat>
			</id-00005>
			<id-00006>
				<name type="string">Nature</name>
				<stat type="string">intelligence</stat>
				<total type="number">1</total>
			</id-00006>
			<id-00007>
				<name type="string">Medicine</name>
				<stat type="string">wisdom</stat>
				<total type="number">2</total>
			</id-00007>
			<id-00008>
				<name type="string">Survival</name>
				<prof type="number">1</prof>
				<stat type="string">wisdom</stat>
				<total type="number">4</total>
			</id-00008>
			<id-00009>
				<name type="string">Religion</name>
				<stat type="string">intelligence</stat>
				<total type="number">1</total>
			</id-00009>
			<id-00010>
				<name type="string">Athletics</name>
				<prof type="number">1</prof>
				<stat type="string">strength</stat>
				<total type="number">3</total>
			</id-00010>
			<id-00011>
				<name type="string">Sleight of Hand</name>
				<stat type="string">dexterity</stat>
				<total type="number">4</total>
			</id-00011>
			<id-00012>
				<name type="string">Insight</name>
				<stat type="string">wisdom</stat>
				<total type="number">2</total>
			</id-00012>
			<id-00013>
				<name type="string">Intimidation</name>
				<stat type="string">charisma</stat>
			</id-00013>
			<id-00014>
				<name type="string">Deception</name>
				<stat type="string">charisma</stat>
			</id-00014>
			<id-00015>
				<name type="string">Investigation</name>
				<stat type="string">intelligence</stat>
				<total type="number">1</total>
			</id-00015>
			<id-00016>
				<name type="string">Stealth</name>
				<prof type="number">1</prof>
				<stat type="string">dexterity</stat>
				<total type="number">6</total>
			</id-00016>
			<id-00017>
				<name type="string">History</name>
				<stat type="string">intelligence</stat>
				<total type="number">1</total>
			</id-00017>
			<id-00018>
				<name type="string">Animal Handling</name>
				<stat type="string">wisdom</stat>
				<total type="number">2</total>
			</id-00018>
		</skilllist>
		<speed>
			<armor type="number">0</armor>
			<base type="number">35</base>
			<misc type="number">0</misc>
			<temporary type="number">0</temporary>
			<total type="number">35</total>
		</speed>
		<temp>
		</temp>
		<token type="token"></token>
		<traitlist>
			<id-00001>
				<locked type="number">1</locked>
				<name type="string">Trance</name>
				<source type="string">Elf</source>
				<text type="formattedtext">
					<p>Elves don't need to sleep. Instead, they meditate deeply, remaining semiconscious, for 4 hours a day. (The Common word for such meditation is &#34;trance.&#34;) While meditating, you can dream after a fashion; such dreams are actually mental exercises that have become reflexive through years of practice. After resting in this way, you gain the same benefit that a human does from 8 hours of sleep.</p>
				</text>
				<type type="string">racial</type>
			</id-00001>
			<id-00002>
				<locked type="number">1</locked>
				<name type="string">Keen Senses</name>
				<source type="string">Elf</source>
				<text type="formattedtext">
					<p>You have proficiency in the Perception skill.</p>
				</text>
				<type type="string">racial</type>
			</id-00002>
			<id-00003>
				<locked type="number">1</locked>
				<name type="string">Fey Ancestry</name>
				<source type="string">Elf</source>
				<text type="formattedtext">
					<p>You have advantage on saving throws against being charmed, and magic can't put you to sleep.</p>
				</text>
				<type type="string">racial</type>
			</id-00003>
			<id-00004>
				<locked type="number">1</locked>
				<name type="string">Mask of the Wild</name>
				<source type="string">Wood Elf</source>
				<text type="formattedtext">
					<p>You can attempt to hide even when you are only lightly obscured by foliage, heavy rain, falling snow, mist, and other natural phenomena.</p>
				</text>
				<type type="string">subracial</type>
			</id-00004>
			<id-00005>
				<locked type="number">1</locked>
				<name type="string">Elf Weapon Training</name>
				<source type="string">Wood Elf</source>
				<text type="formattedtext">
					<p>You have proficiency with the longsword, shortsword, shortbow, and longbow.</p>
				</text>
				<type type="string">subracial</type>
			</id-00005>
		</traitlist>
		<weaponlist>
			<id-00001>
				<attackstat type="string">dexterity</attackstat>
				<carried type="number">2</carried>
				<damagelist>
					<id-00001>
						<dice type="dice">d6</dice>
						<stat type="string">dexterity</stat>
						<type type="string">piercing</type>
					</id-00001>
				</damagelist>
				<isidentified type="number">1</isidentified>
				<name type="string">Shortsword</name>
				<prof type="number">1</prof>
				<shortcut type="windowreference">
					<class>item</class>
					<recordname>....inventorylist.id-00002</recordname>
				</shortcut>
			</id-00001>
			<id-00002>
				<attackstat type="string">dexterity</attackstat>
				<carried type="number">2</carried>
				<damagelist>
					<id-00001>
						<dice type="dice">d6</dice>
						<stat type="string">dexterity</stat>
						<type type="string">piercing</type>
					</id-00001>
				</damagelist>
				<name type="string">Shortsword (Offhand)</name>
				<prof type="number">1</prof>
			</id-00002>
			<id-00003>
				<carried type="number">2</carried>
				<damagelist>
					<id-00001>
						<dice type="dice">d8</dice>
						<stat type="string">base</stat>
						<type type="string">piercing</type>
					</id-00001>
				</damagelist>
				<isidentified type="number">1</isidentified>
				<maxammo type="number">20</maxammo>
				<name type="string">Longbow</name>
				<prof type="number">1</prof>
				<shortcut type="windowreference">
					<class>item</class>
					<recordname>....inventorylist.id-00003</recordname>
				</shortcut>
				<type type="number">1</type>
			</id-00003>
		</weaponlist>
		<weight type="string">145 lbs</weight>
	</character>
</root>
